-- Seed de demonstração Vínculo — 2 clínicas fictícias, 25 pacientes cada.
-- Gerado automaticamente. Dados 100% fictícios.
PRAGMA foreign_keys=OFF;
INSERT INTO clinics (id, name, company_code, plan, tax_id_type, tax_id, is_active, status, trial_ends_at, created_at) VALUES ('00a53c0f-7baa-45b4-bea5-3159ed4e83ad', 'Clínica Mente & Vida', 'VTX-245E4174', 'pro', 'cnpj', '68497267000166', 1, 'active', NULL, 1769698690129);
INSERT INTO users (id, clinic_id, email, password_hash, name, role, patient_id, mfa_secret, mfa_enabled, mfa_recovery_codes, is_active, created_at) VALUES ('1c2b3e6a-6d97-4ad5-9167-ccafd03a8006', '00a53c0f-7baa-45b4-bea5-3159ed4e83ad', 'valdielisondantas@gmail.com', 'pbkdf2$100000$rgPTVXRULM5ezmVYuj305A==$JJXHqTiACXADSl4Ip/Gzjy2KRgVpmTSZBpXwOOFNCJk=', 'Dra. Beatriz Dantas', 'owner', NULL, NULL, 0, NULL, 1, 1767625090147);
INSERT INTO users (id, clinic_id, email, password_hash, name, role, patient_id, mfa_secret, mfa_enabled, mfa_recovery_codes, is_active, created_at) VALUES ('3385bafd-2b52-4729-809f-54d2043545f2', '00a53c0f-7baa-45b4-bea5-3159ed4e83ad', 'rafael.moreira@mentevida.com.br', 'pbkdf2$100000$6MyqbtZaY0Q2fRUYoBOHzg==$EJZThcC7Vf92Y/Euiid6iPGHiDwURqwaiLOndUt/tns=', 'Dr. Rafael Moreira', 'psychologist', NULL, NULL, 0, NULL, 1, 1776005890164);
INSERT INTO users (id, clinic_id, email, password_hash, name, role, patient_id, mfa_secret, mfa_enabled, mfa_recovery_codes, is_active, created_at) VALUES ('8f2d9ad7-ffc1-478a-b00a-e56f0de21f98', '00a53c0f-7baa-45b4-bea5-3159ed4e83ad', 'camila.nunes@mentevida.com.br', 'pbkdf2$100000$EYMAQ6qU530ccuhInZ56Xw==$iY4Z9AYgg6xBYVi0SOP8hQMur3+jfv8Tyf12YW6hgPM=', 'Dra. Camila Nunes', 'psychologist', NULL, NULL, 0, NULL, 1, 1773586690182);
INSERT INTO users (id, clinic_id, email, password_hash, name, role, patient_id, mfa_secret, mfa_enabled, mfa_recovery_codes, is_active, created_at) VALUES ('bbd7e11e-5302-4e46-8dee-8f65f5e37c4a', '00a53c0f-7baa-45b4-bea5-3159ed4e83ad', 'juliana.recepcao@mentevida.com.br', 'pbkdf2$100000$H4Q294ve7RuaKmZFJrkf5Q==$L91JzB9b04GQJQX5D9Bm3QBi2qVOnsUFLk/yE0sIu4g=', 'Juliana Alves', 'secretary', NULL, NULL, 0, NULL, 1, 1780930690199);
INSERT INTO users (id, clinic_id, email, password_hash, name, role, patient_id, mfa_secret, mfa_enabled, mfa_recovery_codes, is_active, created_at) VALUES ('df819d8b-5188-485b-b9ce-474d85849872', '00a53c0f-7baa-45b4-bea5-3159ed4e83ad', 'marcos.recepcao@mentevida.com.br', 'pbkdf2$100000$xI7C8wxviZkpXkxhlB1JtQ==$enFsa1DndBA6KcKfsYO8LzB5vynR6WwHFPd0ckm054c=', 'Marcos Pereira', 'secretary', NULL, NULL, 0, NULL, 1, 1778943490216);
INSERT INTO patients (id, clinic_id, psychologist_id, full_name, social_name, cpf, email, phone, whatsapp, birth_date, status, photo, profile, deleted_at, created_at) VALUES ('a1cdf3c2-0b02-4440-90fe-ce3fc8572621', '00a53c0f-7baa-45b4-bea5-3159ed4e83ad', '3385bafd-2b52-4729-809f-54d2043545f2', 'João Oliveira Teixeira', NULL, '000.832.664-90', 'joão.0@email.com', '(85) 95611-1727', '(15) 98776-2767', 1144767490217, 'active', 'data:image/svg+xml;base64,PHN2ZyB4bWxucz0iaHR0cDovL3d3dy53My5vcmcvMjAwMC9zdmciIHZpZXdCb3g9IjAgMCAyODAgMjgwIiBmaWxsPSJub25lIiBzaGFwZS1yZW5kZXJpbmc9ImF1dG8iPjxtZXRhZGF0YSB4bWxuczpyZGY9Imh0dHA6Ly93d3cudzMub3JnLzE5OTkvMDIvMjItcmRmLXN5bnRheC1ucyMiIHhtbG5zOnhzaT0iaHR0cDovL3d3dy53My5vcmcvMjAwMS9YTUxTY2hlbWEtaW5zdGFuY2UiIHhtbG5zOmRjPSJodHRwOi8vcHVybC5vcmcvZGMvZWxlbWVudHMvMS4xLyIgeG1sbnM6ZGN0ZXJtcz0iaHR0cDovL3B1cmwub3JnL2RjL3Rlcm1zLyI+PHJkZjpSREY+PHJkZjpEZXNjcmlwdGlvbj48ZGM6dGl0bGU+QXZhdGFhYXJzPC9kYzp0aXRsZT48ZGM6Y3JlYXRvcj5QYWJsbyBTdGFubGV5PC9kYzpjcmVhdG9yPjxkYzpzb3VyY2UgeHNpOnR5cGU9ImRjdGVybXM6VVJJIj5odHRwczovL2F2YXRhYWFycy5jb20vPC9kYzpzb3VyY2U+PGRjdGVybXM6bGljZW5zZSB4c2k6dHlwZT0iZGN0ZXJtczpVUkkiPmh0dHBzOi8vYXZhdGFhYXJzLmNvbS88L2RjdGVybXM6bGljZW5zZT48ZGM6cmlnaHRzPlJlbWl4IG9mIOKAnkF2YXRhYWFyc+KAnSAoaHR0cHM6Ly9hdmF0YWFhcnMuY29tLykgYnkg4oCeUGFibG8gU3RhbmxleeKAnSwgbGljZW5zZWQgdW5kZXIg4oCeRnJlZSBmb3IgcGVyc29uYWwgYW5kIGNvbW1lcmNpYWwgdXNl4oCdIChodHRwczovL2F2YXRhYWFycy5jb20vKTwvZGM6cmlnaHRzPjwvcmRmOkRlc2NyaXB0aW9uPjwvcmRmOlJERj48L21ldGFkYXRhPjxtYXNrIGlkPSJ2aWV3Ym94TWFzayI+PHJlY3Qgd2lkdGg9IjI4MCIgaGVpZ2h0PSIyODAiIHJ4PSIxNDAiIHJ5PSIxNDAiIHg9IjAiIHk9IjAiIGZpbGw9IiNmZmYiIC8+PC9tYXNrPjxnIG1hc2s9InVybCgjdmlld2JveE1hc2spIj48cmVjdCBmaWxsPSIjZmZkZmJmIiB3aWR0aD0iMjgwIiBoZWlnaHQ9IjI4MCIgeD0iMCIgeT0iMCIgLz48ZyB0cmFuc2Zvcm09InRyYW5zbGF0ZSg4KSI+PHBhdGggZD0iTTEzMiAzNmE1NiA1NiAwIDAgMC01NiA1NnY2LjE3QTEyIDEyIDAgMCAwIDY2IDExMHYxNGExMiAxMiAwIDAgMCAxMC4zIDExLjg4IDU2LjA0IDU2LjA0IDAgMCAwIDMxLjcgNDQuNzN2MTguNGgtNGE3MiA3MiAwIDAgMC03MiA3MnY5aDIwMHYtOWE3MiA3MiAwIDAgMC03Mi03MmgtNHYtMTguMzlhNTYuMDQgNTYuMDQgMCAwIDAgMzEuNy00NC43M0ExMiAxMiAwIDAgMCAxOTggMTI0di0xNGExMiAxMiAwIDAgMC0xMC0xMS44M1Y5MmE1NiA1NiAwIDAgMC01Ni01NloiIGZpbGw9IiNhZTVkMjkiLz48cGF0aCBkPSJNMTA4IDE4MC42MXY4YTU1Ljc5IDU1Ljc5IDAgMCAwIDI0IDUuMzljOC41OSAwIDE2LjczLTEuOTMgMjQtNS4zOXYtOGE1NS43OSA1NS43OSAwIDAgMS0yNCA1LjM5IDU1Ljc5IDU1Ljc5IDAgMCAxLTI0LTUuMzlaIiBmaWxsPSIjMDAwIiBmaWxsLW9wYWNpdHk9Ii4xIi8+PGcgdHJhbnNmb3JtPSJ0cmFuc2xhdGUoMCAxNzApIj48cGF0aCBkPSJNMTMyLjUgNTRDMTUxIDU0IDE2NiA0NC4zNyAxNjYgMzIuNWMwLTEuMS0uMTMtMi4xOC0uMzgtMy4yM0E3MiA3MiAwIDAgMSAyMzIgMTAxLjA1VjExMEgzMnYtOC45NUE3MiA3MiAwIDAgMSA5OS40IDI5LjJhMTQuMSAxNC4xIDAgMCAwLS40IDMuM0M5OSA0NC4zNyAxMTQgNTQgMTMyLjUgNTRaIiBmaWxsPSIjOTI5NTk4Ii8+PGcgdHJhbnNmb3JtPSJ0cmFuc2xhdGUoNzcgNTgpIj48cGF0aCBmaWxsLXJ1bGU9ImV2ZW5vZGQiIGNsaXAtcnVsZT0iZXZlbm9kZCIgZD0iTTc2Ljc0IDE3LjQ0YTE2Ljc4IDE2Ljc4IDAgMCAxIDIuMTUgNy44NnYuMjJjLS4xIDEwLjIyLTEzLjYgMTYuODUtMjIuNDggMTcuMzUtLjYzLjAzLTEuMjYuMDUtMS44OS4wNWgtLjAxYy0xMC4wOCAwLTE5LjU2LTQuNTUtMjIuNTQtMTQuODVhMTMuOCAxMy44IDAgMCAxLS41Mi0zLjgxYzAtMy4zNiAxLjEyLTYuODMgMy4xNS05LjQuMjQtLjMuNTQtLjYuODMtLjg4LjM3LS4zNi43NC0uNzIgMS0xLjEuNDctLjcxLjY0LS43LjY3LS43NS4wMi0uMDQtLjA5LS4xNS0uMTgtLjk4LS4wNi0uNS0uMjItLjkzLS4zOC0xLjM3LS4yMi0uNTgtLjQzLTEuMTctLjQxLTEuODguMDUtMi40IDEuNzYtNS4wOCA0LjA1LTUuOTVhNS45NSA1Ljk1IDAgMCAxIDMuOTYuMDhjLjYuMiAxLjE4LjY3IDEuNzUgMS4xMy41OC40NiAxLjEzLjkgMS42NCAxLjA0Ljk3LjI0IDIuODMtLjE0IDQuNDctLjQ3Ljk2LS4yIDEuODQtLjM4IDIuNDQtLjQxYTM0IDM0IDAgMCAxIDQuMi0uMDNjLjI3LjAxLjcyLjExIDEuMi4yMy44NC4xOSAxLjguNCAyLjIzLjI3LjQ1LS4xMy45Mi0uNSAxLjQtLjkuNDgtLjQuOTgtLjgxIDEuNS0xYTguNiA4LjYgMCAwIDEgMy4yLS40NWMyLjM0LjEzIDUgMS4xOCA2IDMuNDIuOCAxLjguMjQgMy4zLS4zNCA0Ljg3LS4yLjUzLS40IDEuMDYtLjU1IDEuNjItLjIuNy0uMzEuODUtLjMuOTYuMDMuMTEuMi4yLjU1LjgyLjA3LjEzLjM0LjQ0LjYuNzRsLjQyLjQ4Yy44Ljk3IDEuNTcgMS45OSAyLjE5IDMuMDhaTTU4LjMgMzYuOTdjMy4wNyAyLjk2IDYuNjctMS41NyA3LjE1LTQuMzguODQtMTAuMDctMTUuMDctOC43NS0xOS4yMy0zLTIuMSAyLjg5LS42MSA2LjggMi41OCA4LjIgMS40LjYxIDIuNTguOSAzLjU4LS4wNS44LS43NiAxLjAzLTMuNTIuNS00LjI3LS4yOS0uMzktLjY3LS41LTEuMDUtLjYtLjU1LS4xNi0xLjEtLjMyLTEuMzUtMS4zLS41Ny0yLjE2IDEuOC0yLjUgMy4zLTIuNjFsLjk3LS4xYzEuNjktLjIgNC4wNS0uNDggNS4wMy41IDEuMyAxLjMzLjI2IDIuMzUtLjgzIDMuNDItMS4yMSAxLjE4LTIuNDcgMi40Mi0uNjUgNC4xOFptLTkuNTgtMjAuNDZjLS41OS0uOTgtMS43NS0xLjIyLTIuNzMtLjc4LTEuODIuODMtLjk2IDMuNTIuNzUgMy43NSAxLjYyLjIxIDIuNzgtMS42IDEuOTgtMi45NlptMTUuMjMuODhjLS44NiAzLTUuNjQtLjM4LTIuOTQtMi4zIDEuNTUtMS4wOSAzLjQ1LjUgMi45NCAyLjNaIiBmaWxsPSIjZmZmIi8+PC9nPjwvZz48ZyB0cmFuc2Zvcm09InRyYW5zbGF0ZSg3OCAxMzQpIj48cmVjdCB4PSIyMiIgeT0iNyIgd2lkdGg9IjY0IiBoZWlnaHQ9IjI2IiByeD0iMTMiIGZpbGw9IiMwMDAiIGZpbGwtb3BhY2l0eT0iLjYiLz48cmVjdCB4PSIyNCIgeT0iOSIgd2lkdGg9IjYwIiBoZWlnaHQ9IjIyIiByeD0iMTEiIGZpbGw9IiNmZmYiLz48cGF0aCBkPSJNMjQuMTggMThIMzJWOS40MUExMSAxMSAwIDAgMSAzNSA5aDF2OWg5VjloNHY5aDlWOWg0djloOVY5aDJjLjY4IDAgMS4zNS4wNiAyIC4xOFYxOGg4LjgybC4wNS4yOHYzLjQ0bC0uMDUuMjhINzV2OC44MmMtLjY1LjEyLTEuMzIuMTgtMiAuMThoLTJ2LTloLTl2OWgtNHYtOWgtOXY5aC00di05aC05djloLTFhMTEgMTEgMCAwIDEtMy0uNDFWMjJoLTcuODJhMTEuMDYgMTEuMDYgMCAwIDEgMC00WiIgZmlsbD0iI0U2RTZFNiIvPjwvZz48ZyB0cmFuc2Zvcm09InRyYW5zbGF0ZSgxMDQgMTIyKSI+PHBhdGggZmlsbC1ydWxlPSJldmVub2RkIiBjbGlwLXJ1bGU9ImV2ZW5vZGQiIGQ9Ik0xNiA4YzAgNC40MiA1LjM3IDggMTIgOHMxMi0zLjU4IDEyLTgiIGZpbGw9IiMwMDAiIGZpbGwtb3BhY2l0eT0iLjE2Ii8+PC9nPjxnIHRyYW5zZm9ybT0idHJhbnNsYXRlKDc2IDkwKSI+PHBhdGggZD0iTTQ0IDIyYTE0IDE0IDAgMSAxLTI4IDAgMTQgMTQgMCAwIDEgMjggMFpNOTYgMjJhMTQgMTQgMCAxIDEtMjggMCAxNCAxNCAwIDAgMSAyOCAwWiIgZmlsbD0iI2ZmZiIvPjxwYXRoIGQ9Ik0zNiAyMmE2IDYgMCAxIDEtMTIgMCA2IDYgMCAwIDEgMTIgMFpNODggMjJhNiA2IDAgMSAxLTEyIDAgNiA2IDAgMCAxIDEyIDBaIiBmaWxsPSIjMDAwIiBmaWxsLW9wYWNpdHk9Ii43Ii8+PC9nPjxnIHRyYW5zZm9ybT0idHJhbnNsYXRlKDc2IDgyKSI+PHBhdGggZD0iTTE1LjYxIDE1LjE4YzQuMjQtNS43NiA2Ljg4LTUuNDggMTMuMzEtLjYybC42Ny41QzM0LjQxIDE4LjczIDM2LjcgMjAgNDAgMjBhMiAyIDAgMSAwIDAtNGMtMi4wNyAwLTMuOS0xLjAyLTcuOTktNC4xMmwtLjY4LS41MkMyNy41NyA4LjUzIDI1LjM3IDcuMyAyMi42MyA3Yy0zLjY4LS40LTcuMDUgMS40OC0xMC4yNCA1LjgzYTIgMiAwIDEgMCAzLjIyIDIuMzZaTTk2LjM5IDE1LjE4Yy00LjI0LTUuNzYtNi44OC01LjQ4LTEzLjMxLS42MmwtLjY3LjVDNzcuNTggMTguNzMgNzUuMjkgMjAgNzIgMjBhMiAyIDAgMSAxIDAtNGMyLjA3IDAgMy45LTEuMDIgNy45OS00LjEybC42OC0uNTJjMy43Ni0yLjgzIDUuOTYtNC4wNyA4LjctNC4zNyAzLjY4LS40IDcuMDUgMS40OCAxMC4yNCA1LjgzYTIgMiAwIDEgMS0zLjIyIDIuMzZaIiBmaWxsPSIjMDAwIiBmaWxsLW9wYWNpdHk9Ii42Ii8+PC9nPjxnIHRyYW5zZm9ybT0idHJhbnNsYXRlKC0xKSI+PHBhdGggZmlsbC1ydWxlPSJldmVub2RkIiBjbGlwLXJ1bGU9ImV2ZW5vZGQiIGQ9Ik02OS4wMyA3Ni4yMUM4MS45NyA0My4xMyA5NS42NSAyNi42IDExMC4wNiAyNi42Yy41NCAwIDI5LjI1LS4yNCA0OC4wNS0uMzZDMTc4Ljc3IDM1LjU5IDE5MyA1NS4zIDE5MyA3OC4xVjkzaC04Mi45NGwtMi44LTIzLjE4TDEwMy4zNiA5M0g2OVY3OC4xMWMwLS42My4wMS0xLjI3LjAzLTEuOVoiIGZpbGw9IiMwMDAiIGZpbGwtb3BhY2l0eT0iLjE2Ii8+PHBhdGggZD0iTTQwIDE0NWMtLjA5LTE4Ljk4IDMwLjMyLTk3LjIgNDEtMTEwIDcuOTItOS41IDI3LjctMTUuNDUgNTItMTUgMjQuMy40NSA0NC44NiAzLjgxIDUzIDE0IDEyLjMyIDE1LjQzIDQwLjA5IDkyLjAyIDQwIDExMS0uMSAyMS4yNy05LjYyIDMzLjU5LTE4LjYgNDUuMjJBMjkzLjEgMjkzLjEgMCAwIDAgMjAzIDE5NmMtMTAuMjgtMi42Ni0yNy44NS01LjE4LTQ2LTYuNjh2LTguN0E1NiA1NiAwIDAgMCAxODkgMTMwVjkyYzAtMS4zNC0uMDUtMi42OC0uMTQtNGgtNzYuOGwtMi44LTIxLjQ0TDEwNS4zNiA4OEg3Ny4xNGMtLjEgMS4zMi0uMTQgMi42Ni0uMTQgNHYzOGE1NiA1NiAwIDAgMCAzMiA1MC42MXY4LjdjLTE4LjE1IDEuNS0zNS43MiA0LjAzLTQ2IDYuNjktMS40Mi0xLjkzLTIuOS0zLjg0LTQuMzktNS43OEM0OS42MiAxNzguNiA0MC4xIDE2Ni4yNyA0MCAxNDVaIiBmaWxsPSIjNGEzMTJjIi8+PC9nPjxnIHRyYW5zZm9ybT0idHJhbnNsYXRlKDQ5IDcyKSI+PC9nPjxnIHRyYW5zZm9ybT0idHJhbnNsYXRlKDYyIDQyKSI+PHBhdGggZD0iTTcxIDU4LjExYy0xMS4wNCAwLTEyLjYzLTkuMDgtMzUuMzMtMTAuMzdDMTMgNDYuNzIgNS44MiA1My40NCA1Ljc3IDU4LjExYy4wNCA0LjMtMS4xMiAxNS40NSAxMy42IDI4LjUyIDE0Ljc3IDE1LjUxIDI5LjkgMTAuMjUgMzUuMzIgNS4xOCA1LjQ1LTIuMzQgMTEuNjUtMjMuMzUgMTYuMy0yMy4zMyA0LjY3LjAyIDEwLjg3IDIxIDE2LjMyIDIzLjMzIDUuNDIgNS4wNyAyMC41NSAxMC4zMyAzNS4zMy01LjE4IDE0LjcxLTEzLjA3IDEzLjU1LTI0LjIzIDEzLjU4LTI4LjUyLS4wMy00LjY2LTcuMi0xMS40LTI5LjktMTAuMzdDODMuNjMgNDkuMDMgODIuMDUgNTguMTEgNzEgNTguMTFaIiBmaWxsPSIjMDAwIiBmaWxsLW9wYWNpdHk9Ii4xIi8+PHBhdGggZD0iTTcxIDU2LjExYy0xMS4wNCAwLTEyLjYzLTkuMDgtMzUuMzMtMTAuMzdDMTMgNDQuNzIgNS44MiA1MS40NCA1Ljc3IDU2LjExYy4wNCA0LjMtMS4xMiAxNS40NSAxMy42IDI4LjUyIDE0Ljc3IDE1LjUxIDI5LjkgMTAuMjUgMzUuMzIgNS4xOCA1LjQ1LTIuMzQgMTEuNjUtMjMuMzUgMTYuMy0yMy4zMyA0LjY3LjAyIDEwLjg3IDIxIDE2LjMyIDIzLjMzIDUuNDIgNS4wNyAyMC41NSAxMC4zMyAzNS4zMy01LjE4IDE0LjcxLTEzLjA3IDEzLjU1LTI0LjIzIDEzLjU4LTI4LjUyLS4wMy00LjY2LTcuMi0xMS40LTI5LjktMTAuMzdDODMuNjMgNDcuMDMgODIuMDUgNTYuMTEgNzEgNTYuMTFaIiBmaWxsPSIjMjYyZTMzIi8+PHBhdGggZD0iTTMyLjk1IDUwLjkzYzE0LjI3LS4yOSAyNy41NiA3LjkgMjcuMTggMTUuNTUtLjIyIDUuMDUtMi45MyAyMi44My0xOS4wMiAyMy4zMy0xNi4xLjUtMjQuODEtMTcuNzktMjQuNDYtMjUuOTIuMi0zLjUxIDIuMDUtMTIuNjcgMTYuMy0xMi45NlpNMTA5LjA1IDUwLjkzYy0xNC4yNy0uMjktMjcuNTYgNy45LTI3LjE4IDE1LjU1LjIyIDUuMDUgMi45MyAyMi44MyAxOS4wMiAyMy4zMyAxNi4xLjUgMjQuODEtMTcuNzkgMjQuNDYtMjUuOTItLjItMy41MS0yLjA1LTEyLjY3LTE2LjMtMTIuOTZaIiBmaWxsPSIjMkYzODNCIi8+PC9nPjwvZz48L2c+PC9zdmc+', '{"personal":{"isChild":false,"sex":"Masculino","gender":"Homem cisgênero","rg":"23.333.368-9","maritalStatus":"Solteiro(a)","profession":"Estudante","company":"Empresa privada","education":"Ensino fundamental","address":"Rua Correia, 575","city":"Curitiba","state":"PR","zip":"18307-573"},"clinical":{"complaint":"Transtorno alimentar","goals":"Elaborar o processo de luto","suffering":"Intenso","history":"Primeira experiência com terapia. Buscou ajuda por indicação médica.","priorDiagnoses":"Nenhum","priorTreatments":"Nenhum","psychiatric":"Não","referrals":"Encaminhado pelo clínico geral"},"health":{"depression":true,"anxiety":true,"tdah":true,"tag":false,"bipolar":false,"medications":"Escitalopram 10mg","diseases":"—","surgeries":"—","hospitalizations":"Não","familyHistory":"Sem histórico relevante"},"lifestyle":{"sleep":"Sono não reparador","diet":"Restritiva","sports":"Yoga","gym":"Não","alcohol":"Frequente","smoking":"Não","drugs":"Não","religion":"Espírita","spirituality":"Muito presente"},"financial":{"situation":"Instável","income":"2 a 4 salários","work":"Autônomo","ownHome":"Não","rent":"Sim","withFamily":"Não","debt":"Alguma","car":"Sim","motorcycle":"Sim"},"interests":{"hobbies":"Jardinagem","music":"Sertanejo","movies":"Comédia","books":"Ficção e autoajuda","games":"—","tech":"Baixo","social":"Pouco ativo"},"personality":{"introvert":false,"extrovert":false,"communicative":true,"reserved":false,"organized":false,"creative":true,"impulsive":true,"notes":"Perfeccionista e autocrítico(a)."},"relationships":{"family":"Boa","friends":"Poucos amigos","romantic":"Solteiro(a)","work":"Tensa"}}', NULL, 1768057090217);
INSERT INTO sessions (id, clinic_id, patient_id, psychologist_id, occurred_at, duration_min, mood, emotional_scale, topics, objectives, techniques, evolution, next_steps, free_notes, created_at) VALUES ('2edc4e33-931d-4b5a-a218-eb6c35bb7efc', '00a53c0f-7baa-45b4-bea5-3159ed4e83ad', 'a1cdf3c2-0b02-4440-90fe-ce3fc8572621', '3385bafd-2b52-4729-809f-54d2043545f2', 1780239490220, 60, 'Esperançoso(a)', 6, '["ansiedade","luto","rotina","saúde"]', 'Elaborar o processo de luto', 'Respiração diafragmática', 'Percebe-se maior consciência emocional e vocabulário afetivo.', 'Praticar respiração diafragmática 2x ao dia.', 'Sessão produtiva. Manter plano terapêutico.', 1780239490220);
INSERT INTO sessions (id, clinic_id, patient_id, psychologist_id, occurred_at, duration_min, mood, emotional_scale, topics, objectives, techniques, evolution, next_steps, free_notes, created_at) VALUES ('248dfe7e-a3a3-46ef-8fb9-9b160063aa11', '00a53c0f-7baa-45b4-bea5-3159ed4e83ad', 'a1cdf3c2-0b02-4440-90fe-ce3fc8572621', '3385bafd-2b52-4729-809f-54d2043545f2', 1780844290220, 60, 'Deprimido(a)', 4, '["rotina","lazer","autoestima","família"]', 'Fortalecer a autoestima', 'Registro de pensamentos', 'Percebe-se maior consciência emocional e vocabulário afetivo.', 'Retomar atividade física gradualmente.', NULL, 1780844290220);
INSERT INTO sessions (id, clinic_id, patient_id, psychologist_id, occurred_at, duration_min, mood, emotional_scale, topics, objectives, techniques, evolution, next_steps, free_notes, created_at) VALUES ('42e58e9a-e5c4-46f2-923d-2dd216b93759', '00a53c0f-7baa-45b4-bea5-3159ed4e83ad', 'a1cdf3c2-0b02-4440-90fe-ce3fc8572621', '3385bafd-2b52-4729-809f-54d2043545f2', 1781449090220, 50, 'Deprimido(a)', 5, '["rotina","sono","autoestima"]', 'Reorganizar a rotina e o autocuidado', 'Registro de pensamentos', 'Paciente demonstrou boa adesão às tarefas propostas.', 'Retomar atividade física gradualmente.', NULL, 1781449090220);
INSERT INTO sessions (id, clinic_id, patient_id, psychologist_id, occurred_at, duration_min, mood, emotional_scale, topics, objectives, techniques, evolution, next_steps, free_notes, created_at) VALUES ('2ac8e561-b15c-42a5-ac6a-7cf49158ea5e', '00a53c0f-7baa-45b4-bea5-3159ed4e83ad', 'a1cdf3c2-0b02-4440-90fe-ce3fc8572621', '3385bafd-2b52-4729-809f-54d2043545f2', 1782226690220, 60, 'Deprimido(a)', 9, '["sono","família"]', 'Melhorar a qualidade do sono', 'Técnicas de mindfulness', 'Trouxe avanços na aplicação das técnicas no dia a dia.', 'Trabalhar limites nos relacionamentos.', NULL, 1782226690220);
INSERT INTO sessions (id, clinic_id, patient_id, psychologist_id, occurred_at, duration_min, mood, emotional_scale, topics, objectives, techniques, evolution, next_steps, free_notes, created_at) VALUES ('d818b287-f44d-4603-aa70-517fba9d70e7', '00a53c0f-7baa-45b4-bea5-3159ed4e83ad', 'a1cdf3c2-0b02-4440-90fe-ce3fc8572621', '3385bafd-2b52-4729-809f-54d2043545f2', 1782745090220, 50, 'Cansado(a)', 9, '["ansiedade","finanças","rotina"]', 'Reduzir a frequência das crises de ansiedade', 'Psicoeducação', 'Apresentou resistência inicial, mas engajou-se ao final da sessão.', 'Retomar atividade física gradualmente.', 'Sessão produtiva. Manter plano terapêutico.', 1782745090220);
INSERT INTO timeline_events (id, clinic_id, patient_id, session_id, title, description, event_date, category, status, source, created_at) VALUES ('9a27c867-f70c-453d-be98-7296e0080c32', '00a53c0f-7baa-45b4-bea5-3159ed4e83ad', 'a1cdf3c2-0b02-4440-90fe-ce3fc8572621', NULL, 'Ajuste de medicação', 'Semana difícil, com aumento da sintomatologia ansiosa.', 1766329090220, 'clínico', 'suggested', 'ai', 1766933890220);
INSERT INTO timeline_events (id, clinic_id, patient_id, session_id, title, description, event_date, category, status, source, created_at) VALUES ('4efe3c2d-4c8f-4744-bcec-6a357bcbd4fa', '00a53c0f-7baa-45b4-bea5-3159ed4e83ad', 'a1cdf3c2-0b02-4440-90fe-ce3fc8572621', '2ac8e561-b15c-42a5-ac6a-7cf49158ea5e', 'Ajuste de medicação', 'Paciente demonstrou boa adesão às tarefas propostas.', 1781535490220, 'clínico', 'confirmed', 'manual', 1771599490220);
INSERT INTO timeline_events (id, clinic_id, patient_id, session_id, title, description, event_date, category, status, source, created_at) VALUES ('cf24c215-cfaa-4910-b092-ee7aa9e3a8b3', '00a53c0f-7baa-45b4-bea5-3159ed4e83ad', 'a1cdf3c2-0b02-4440-90fe-ce3fc8572621', NULL, 'Início do acompanhamento', 'Apresentou resistência inicial, mas engajou-se ao final da sessão.', 1773759490220, 'pessoal', 'confirmed', 'manual', 1767538690220);
INSERT INTO timeline_events (id, clinic_id, patient_id, session_id, title, description, event_date, category, status, source, created_at) VALUES ('1a388db5-12b6-4c98-909e-54b9fdd595c4', '00a53c0f-7baa-45b4-bea5-3159ed4e83ad', 'a1cdf3c2-0b02-4440-90fe-ce3fc8572621', NULL, 'Início do acompanhamento', 'Apresentou resistência inicial, mas engajou-se ao final da sessão.', 1768661890220, 'trabalho', 'confirmed', 'manual', 1773759490220);
INSERT INTO ai_summaries (id, clinic_id, patient_id, appointment_id, content, suggested_questions, model, status, approved_content, approved_by, approved_at, created_at) VALUES ('27a28198-1d08-47af-803f-8f9a7fac9f93', '00a53c0f-7baa-45b4-bea5-3159ed4e83ad', 'a1cdf3c2-0b02-4440-90fe-ce3fc8572621', NULL, 'Paciente em acompanhamento por dificuldade de concentração e foco. Ao longo das sessões observa-se evolução gradual, com melhor manejo emocional e boa adesão às técnicas propostas. Recomenda-se manter o plano terapêutico atual.', '["Como você tem dormido esta semana?","O que funcionou melhor entre as estratégias que combinamos?","Houve algum gatilho importante desde a última sessão?"]', 'vinculo-ai', 'approved', NULL, NULL, 1781794690220, 1782658690220);
INSERT INTO appointments (id, clinic_id, patient_id, psychologist_id, starts_at, ends_at, status, created_at) VALUES ('87e29397-9bc4-4899-98b3-224e183b3c68', '00a53c0f-7baa-45b4-bea5-3159ed4e83ad', 'a1cdf3c2-0b02-4440-90fe-ce3fc8572621', '3385bafd-2b52-4729-809f-54d2043545f2', 1782313090220, 1782316090220, 'done', 1781794690220);
INSERT INTO appointments (id, clinic_id, patient_id, psychologist_id, starts_at, ends_at, status, created_at) VALUES ('db5fe306-90d1-4c0f-99b2-3554dbeac09e', '00a53c0f-7baa-45b4-bea5-3159ed4e83ad', 'a1cdf3c2-0b02-4440-90fe-ce3fc8572621', '3385bafd-2b52-4729-809f-54d2043545f2', 1782917890220, 1782920890220, 'done', 1782485890220);
INSERT INTO appointments (id, clinic_id, patient_id, psychologist_id, starts_at, ends_at, status, created_at) VALUES ('db44cbd5-e891-446c-bba8-8951532079e8', '00a53c0f-7baa-45b4-bea5-3159ed4e83ad', 'a1cdf3c2-0b02-4440-90fe-ce3fc8572621', '3385bafd-2b52-4729-809f-54d2043545f2', 1784127490220, 1784562490220, 'scheduled', 1783349890220);
INSERT INTO consents (id, clinic_id, patient_id, type, version, granted_at, ip, revoked_at, created_at) VALUES ('4336c1fc-5098-4955-9d9b-9b263cfe3e08', '00a53c0f-7baa-45b4-bea5-3159ed4e83ad', 'a1cdf3c2-0b02-4440-90fe-ce3fc8572621', 'general', '1.0', 1768057090217, '189.122.205.230', NULL, 1768057090217);
INSERT INTO consents (id, clinic_id, patient_id, type, version, granted_at, ip, revoked_at, created_at) VALUES ('4cd96854-2eff-429a-94d6-437d6b3396a8', '00a53c0f-7baa-45b4-bea5-3159ed4e83ad', 'a1cdf3c2-0b02-4440-90fe-ce3fc8572621', 'ai', '1.0', 1768057090217, '189.42.83.53', NULL, 1768057090217);
INSERT INTO patients (id, clinic_id, psychologist_id, full_name, social_name, cpf, email, phone, whatsapp, birth_date, status, photo, profile, deleted_at, created_at) VALUES ('0e78cae7-9510-4272-9efe-25461419801f', '00a53c0f-7baa-45b4-bea5-3159ed4e83ad', '1c2b3e6a-6d97-4ad5-9167-ccafd03a8006', 'Pedro Nunes Nascimento', NULL, '281.919.338-54', 'pedro.1@email.com', '(26) 93584-9870', '(17) 97855-6942', 1386601090221, 'active', 'data:image/svg+xml;base64,PHN2ZyB4bWxucz0iaHR0cDovL3d3dy53My5vcmcvMjAwMC9zdmciIHZpZXdCb3g9IjAgMCAyODAgMjgwIiBmaWxsPSJub25lIiBzaGFwZS1yZW5kZXJpbmc9ImF1dG8iPjxtZXRhZGF0YSB4bWxuczpyZGY9Imh0dHA6Ly93d3cudzMub3JnLzE5OTkvMDIvMjItcmRmLXN5bnRheC1ucyMiIHhtbG5zOnhzaT0iaHR0cDovL3d3dy53My5vcmcvMjAwMS9YTUxTY2hlbWEtaW5zdGFuY2UiIHhtbG5zOmRjPSJodHRwOi8vcHVybC5vcmcvZGMvZWxlbWVudHMvMS4xLyIgeG1sbnM6ZGN0ZXJtcz0iaHR0cDovL3B1cmwub3JnL2RjL3Rlcm1zLyI+PHJkZjpSREY+PHJkZjpEZXNjcmlwdGlvbj48ZGM6dGl0bGU+QXZhdGFhYXJzPC9kYzp0aXRsZT48ZGM6Y3JlYXRvcj5QYWJsbyBTdGFubGV5PC9kYzpjcmVhdG9yPjxkYzpzb3VyY2UgeHNpOnR5cGU9ImRjdGVybXM6VVJJIj5odHRwczovL2F2YXRhYWFycy5jb20vPC9kYzpzb3VyY2U+PGRjdGVybXM6bGljZW5zZSB4c2k6dHlwZT0iZGN0ZXJtczpVUkkiPmh0dHBzOi8vYXZhdGFhYXJzLmNvbS88L2RjdGVybXM6bGljZW5zZT48ZGM6cmlnaHRzPlJlbWl4IG9mIOKAnkF2YXRhYWFyc+KAnSAoaHR0cHM6Ly9hdmF0YWFhcnMuY29tLykgYnkg4oCeUGFibG8gU3RhbmxleeKAnSwgbGljZW5zZWQgdW5kZXIg4oCeRnJlZSBmb3IgcGVyc29uYWwgYW5kIGNvbW1lcmNpYWwgdXNl4oCdIChodHRwczovL2F2YXRhYWFycy5jb20vKTwvZGM6cmlnaHRzPjwvcmRmOkRlc2NyaXB0aW9uPjwvcmRmOlJERj48L21ldGFkYXRhPjxtYXNrIGlkPSJ2aWV3Ym94TWFzayI+PHJlY3Qgd2lkdGg9IjI4MCIgaGVpZ2h0PSIyODAiIHJ4PSIxNDAiIHJ5PSIxNDAiIHg9IjAiIHk9IjAiIGZpbGw9IiNmZmYiIC8+PC9tYXNrPjxnIG1hc2s9InVybCgjdmlld2JveE1hc2spIj48cmVjdCBmaWxsPSIjZDFkNGY5IiB3aWR0aD0iMjgwIiBoZWlnaHQ9IjI4MCIgeD0iMCIgeT0iMCIgLz48ZyB0cmFuc2Zvcm09InRyYW5zbGF0ZSg4KSI+PHBhdGggZD0iTTEzMiAzNmE1NiA1NiAwIDAgMC01NiA1NnY2LjE3QTEyIDEyIDAgMCAwIDY2IDExMHYxNGExMiAxMiAwIDAgMCAxMC4zIDExLjg4IDU2LjA0IDU2LjA0IDAgMCAwIDMxLjcgNDQuNzN2MTguNGgtNGE3MiA3MiAwIDAgMC03MiA3MnY5aDIwMHYtOWE3MiA3MiAwIDAgMC03Mi03MmgtNHYtMTguMzlhNTYuMDQgNTYuMDQgMCAwIDAgMzEuNy00NC43M0ExMiAxMiAwIDAgMCAxOTggMTI0di0xNGExMiAxMiAwIDAgMC0xMC0xMS44M1Y5MmE1NiA1NiAwIDAgMC01Ni01NloiIGZpbGw9IiNkMDhiNWIiLz48cGF0aCBkPSJNMTA4IDE4MC42MXY4YTU1Ljc5IDU1Ljc5IDAgMCAwIDI0IDUuMzljOC41OSAwIDE2LjczLTEuOTMgMjQtNS4zOXYtOGE1NS43OSA1NS43OSAwIDAgMS0yNCA1LjM5IDU1Ljc5IDU1Ljc5IDAgMCAxLTI0LTUuMzlaIiBmaWxsPSIjMDAwIiBmaWxsLW9wYWNpdHk9Ii4xIi8+PGcgdHJhbnNmb3JtPSJ0cmFuc2xhdGUoMCAxNzApIj48cGF0aCBkPSJNMTMyLjUgNTRDMTUxIDU0IDE2NiA0NC4zNyAxNjYgMzIuNWMwLTEuMS0uMTMtMi4xOC0uMzgtMy4yM0E3MiA3MiAwIDAgMSAyMzIgMTAxLjA1VjExMEgzMnYtOC45NUE3MiA3MiAwIDAgMSA5OS40IDI5LjJhMTQuMSAxNC4xIDAgMCAwLS40IDMuM0M5OSA0NC4zNyAxMTQgNTQgMTMyLjUgNTRaIiBmaWxsPSIjZmZhZmI5Ii8+PGcgdHJhbnNmb3JtPSJ0cmFuc2xhdGUoNzcgNTgpIj48cGF0aCBmaWxsLXJ1bGU9ImV2ZW5vZGQiIGNsaXAtcnVsZT0iZXZlbm9kZCIgZD0iTTY1LjI4IDE5LjkzYy0uMyAyLjc4LTUuNyA0LjI3LTcuNjcgMi40NS0uOTEtLjg0LS45My0yLjU4LTEuMTMtMy43YTQ4LjY1IDQ4LjY1IDAgMCAxLS43NS02LjQzYy0uMDYtMS4zMi0uNC0yLjM4IDEuMDQtMi41OC44OS0uMTIgMS44LjQ3IDIuNTIuOTMgMi40NCAxLjU4IDYuMzIgNi4xNCA1Ljk4IDkuMzNabS0xMi40LTUuODVjLjI5IDIuODIgMS4zMiA3LjczLS45MyAxMC4xLTIuMDIgMi4xMi02LjE2LjAyLTYuNzktMi40Ny0uNzctMy4xIDIuMjgtNi43OCA0LjE1LTguODcuNTgtLjY0IDEuODUtMi40MSAyLjg0LTEuODIuMzkuMjMuNyAyLjYxLjc0IDMuMDZabTEuNDQgMTEuMDNjLjY1LTEuNTMgNi45MSAzLjAxIDMuOTUgNS4xOC0uNDguMzUtNC4xNiAxLjQ2LTQuODYuOTQtMS40OC0xLjEuNDMtNC45Ny45MS02LjEyWm0xOS03LjU4QzcyLjg5IDIuMDUgNTMuMDgtMi4zMSA0Mi40OSA2LjUgMzguNDMgOS44OCAzNi4xIDE0IDM2IDE5LjI4Yy0uMSA0LjQ3LjYyIDguNyA0LjAzIDExLjc3IDEuNDggMS4zMyAyLjQ2IDIuMTUgMy4yNSAzLjk3LjgyIDEuOSAxLjIgNC4zMyAyLjc0IDUuODMuODUuODMgMi4wOSAxLjUgMy4yNi45NiAyLjE3LS45OCAxLjQ3LTMuOTggMi4xMy01LjY1IDIuMDQgNC45NyA3LjIxIDYuNTUgOC4xNS4yNSAxLjAzIDEuODIgMy43MiA0LjIgNS43IDIuMi44MS0uOC45My0yLjE0IDEuMDctMy4yMi4yNS0xLjktLjE4LTIuNjYgMS4zNi0zLjk3IDQuMDMtMy40NSA1Ljc3LTguNjcgNS42My0xMy45WiIgZmlsbD0iI2ZmZiIvPjwvZz48L2c+PGcgdHJhbnNmb3JtPSJ0cmFuc2xhdGUoNzggMTM0KSI+PHBhdGggZD0iTTI4IDI2LjI0YzEuMzYuNSAyLjg0Ljc2IDQuNC43NiA1LjMxIDAgOS44MS0zLjE1IDExLjI5LTcuNDkgMi40NyAyLjE3IDYuMTcgMy41NCAxMC4zMSAzLjU0IDQuMTQgMCA3Ljg0LTEuMzcgMTAuMzEtMy41MyAxLjQ4IDQuMzUgNS45OCA3LjUgMTEuMyA3LjUgMS41NSAwIDMuMDMtLjI3IDQuNC0uNzZoLS4xOWMtNi4zMyAwLTExLjgtNC45LTExLjgtMTAuNTYgMC00LjE4IDIuMzItNy43MiA1LjY5LTkuNjgtNS41LjgtOS43MyA1LTkuOSAxMC4xYTE3LjYxIDE3LjYxIDAgMCAxLTkuOCAyLjhjLTMuOCAwLTcuMjUtMS4wNi05LjgtMi44LS4xOC01LjEtNC40LTkuMy05LjktMTAuMWExMS4xOCAxMS4xOCAwIDAgMSA1LjY4IDkuNjhjMCA1LjY2LTUuNDcgMTAuNTctMTEuOCAxMC41N0gyOFoiIGZpbGw9IiMwMDAiIGZpbGwtb3BhY2l0eT0iLjYiIG9wYWNpdHk9Ii42Ii8+PHBhdGggZD0iTTE3IDI0YTkgOSAwIDEgMCAwLTE4IDkgOSAwIDAgMCAwIDE4Wk05MSAyNGE5IDkgMCAxIDAgMC0xOCA5IDkgMCAwIDAgMCAxOFoiIGZpbGw9IiNGRjQ2NDYiIGZpbGwtb3BhY2l0eT0iLjIiLz48L2c+PGcgdHJhbnNmb3JtPSJ0cmFuc2xhdGUoMTA0IDEyMikiPjxwYXRoIGZpbGwtcnVsZT0iZXZlbm9kZCIgY2xpcC1ydWxlPSJldmVub2RkIiBkPSJNMTYgOGMwIDQuNDIgNS4zNyA4IDEyIDhzMTItMy41OCAxMi04IiBmaWxsPSIjMDAwIiBmaWxsLW9wYWNpdHk9Ii4xNiIvPjwvZz48ZyB0cmFuc2Zvcm09InRyYW5zbGF0ZSg3NiA5MCkiPjxjaXJjbGUgY3g9IjgyIiBjeT0iMjIiIHI9IjEyIiBmaWxsPSIjZmZmIi8+PGNpcmNsZSBjeD0iODIiIGN5PSIyMiIgcj0iNiIgZmlsbD0iIzAwMCIgZmlsbC1vcGFjaXR5PSIuNyIvPjxwYXRoIGZpbGwtcnVsZT0iZXZlbm9kZCIgY2xpcC1ydWxlPSJldmVub2RkIiBkPSJNMTYuMTYgMjUuNDVjMS44NS0zLjggNi02LjQ1IDEwLjg0LTYuNDUgNC44MSAwIDguOTYgMi42MyAxMC44MiA2LjQuNTUgMS4xMy0uMjQgMi4wNS0xLjAzIDEuMzdhMTUuMDUgMTUuMDUgMCAwIDAtOS44LTMuNDNjLTMuNzMgMC03LjEyIDEuMjQtOS41NSAzLjIzLS45LjczLTEuODItLjAxLTEuMjgtMS4xMloiIGZpbGw9IiMwMDAiIGZpbGwtb3BhY2l0eT0iLjYiLz48L2c+PGcgdHJhbnNmb3JtPSJ0cmFuc2xhdGUoNzYgODIpIj48cGF0aCBkPSJtMzEuMjMgMjAuNDItLjkuNGMtNS4yNSAyLjA5LTEzLjIgMS4yMS0xOC4wNS0xLjEyLS41Ny0uMjctLjE4LTEuMTUuNC0xLjEgMTQuOTIgMS4xNCAyNC45Ni04LjE1IDI4LjM3LTE0LjQ1LjEtLjE4LjQxLS4yLjQ5LS4wMyAyLjMgNS4zMi00LjQ1IDEzLjk4LTEwLjMgMTYuM1pNODAuNzcgMjAuNDJsLjkuNGM1LjI1IDIuMDkgMTMuMiAxLjIxIDE4LjA1LTEuMTIuNTctLjI3LjE4LTEuMTUtLjQtMS4xLTE0LjkyIDEuMTQtMjQuOTYtOC4xNS0yOC4zNy0xNC40NS0uMS0uMTgtLjQxLS4yLS40OS0uMDMtMi4zIDUuMzIgNC40NSAxMy45OCAxMC4zIDE2LjNaIiBmaWxsLXJ1bGU9ImV2ZW5vZGQiIGNsaXAtcnVsZT0iZXZlbm9kZCIgZmlsbD0iIzAwMCIgZmlsbC1vcGFjaXR5PSIuNiIvPjwvZz48ZyB0cmFuc2Zvcm09InRyYW5zbGF0ZSgtMSkiPjxwYXRoIGQ9Ik0yNDIuMTMgMTY4Ljg2YzQuODQgNi44IDExLjEgMTQgMTIuMjUgMjIuMDYuNDUgMy4yLjcgMTYuMjMtNy41NCAxMS40My0uMjcgNC4zNi0uOTcgNC45OC4zNCA5LjIuODggMi44NiAyLjA4IDguNjItMy44NyA4LjEgMi4yNiA2LjE3IDUuODggMTQuNzYgMi40OCAyMS4xNi01LjU4IDEwLjUxLTExLjg5LTIuNzQtMTMuNTctNy40OS4xIDMuMjgtMy40MiA5LjItNy44NCA0LjYzLjM1IDUuNDIgMi41MiAxMy43OC0uNjYgMTguODYtNi4xNiA5Ljg1LTEyLjk3LTIuNjItMTMuMi03LjktMS4xMSAzLjU2LS4yOCAxMi4xNC03LjYgMTAuMTUtNi4zMi0xLjcxLTQuMDMtMTAuMDktMi44LTEzLjg3LTIuMDIgMy41Ni00LjUgOC44NS00Ljg4IDEyLjg3LS4zNCAzLjQ1IDIuOTQgMTEuNTctNS41NSAxMC4wNS02LjUyLTEuMTctNi43Ni0xMC45LTYuNjUtMTUuMTguMS0zLjQ4IDMuNDYtMTEuNDMgMS4xOC0xNC4yNS0xMi43MyA1LjM0LjYgMjMuMy0xMC45NSAyNy4zLTMuODQgMS4zMi03LjA0LTEuMTgtOC4zMi00LjY0LjQtMS43LS4zNi0yLjU2LTIuMjgtMi42LTEuMjEtMS40OS0yLjAxLTEuNDQtMi44LTMuNjYtMi4zMS02LjUyIDIuMi0xNS4xOSA1LjQzLTIxLTMuMzUgMy4wNS02LjA1IDcuMjUtOS43IDkuOTEtMi40NSAxLjgtNi4wOCAyLjMxLTguMzgtLjE3LTIuNTEtMi43My0uMTMtNS4zNCAxLjIyLTcuODIgMy01LjQ5IDcuNzMtOC42OCAxMi42Ny0xMy4wOCA0LjMzLTMuODUgOC4xOC04LjE4IDEyLjAxLTEyLjM3IDIuNTctMi44IDUuMDEtNS44IDcuMDYtOC45N0E3Mi4xIDcyLjEgMCAwIDAgMTYxIDE5OWgtNHYtMTguMzlhNTYuMjQgNTYuMjQgMCAwIDAgMjUuOC0yNC45OGMuMS0zLjI4LjI4LTcuMTEuNDctMTEuMi41NC0xMi4wOSAxLjE5LTI2LjQuNDgtMzUuMzRsLS4yLTIuNThjLTEuMTItMTQuMzYtMS44LTIzLjAzLTEyLTM2LjA2LTQuNTYtNS44My0xMy4xOC03LjY3LTIxLjcyLTkuNS04LjA5LTEuNzMtMTYuMS0zLjQ1LTIwLjUxLTguNTEtNC4xMyA0Ljc4LTEwLjE0IDcuMzItMTYuNzQgOC45OS0xLjQ1LjM3LTIuOS42Ny00LjM0Ljk2LTQuOTggMS4wMy05LjcgMi0xMy4wOCA1LjYtNy44IDguMzItMTEuMjMgMTMuODgtMTMuNjIgMjQuMjZBMTE2LjU1IDExNi41NSAwIDAgMCA3OSAxMjYuODNjLjEzIDEuODguMjIgMy43OC4zMiA1LjY5LjM1IDcuMS43MSAxNC4zMiAyLjkgMjEuMWE1Ni4yMyA1Ni4yMyAwIDAgMCAyNi43OCAyN1YxOTloLTRjLTEuMSAwLTIuMi4wMy0zLjI4LjA3LjY3IDMuNDQgMS4wOSA2LjkzLjgxIDEwLjM0LS40IDUtMS4zNCA5LjY2LS44NSAxNC43IDEuMDQgMTAuNTIgNS40MSAyMC41IDkuMDIgMzAuNTIgMS43MyA0LjgyIDkuMzYgMTAuNDkgNi4yMyAxNC40Ni0zLjEzIDMuOTgtMTMuODEtNS40Ny0xNi4yLTEwLjA1LTIuNDQtNC42Ni00LjY1LTkuNC03LjE4LTE0LjAzIDEuNDggNi40NiAyLjc3IDEzLjEgNC44IDE5LjQxIDEuMzYgNC4yNyAzLjQzIDEwLjcyLTIuMjggMTEuOTQtOC45NSAxLjkxLTkuMy0xMi41OC0xMC4xOC0xNi45LTEuNDctNy4xOS0zLjEtOS45OC01LjUtMTYuOTctLjQ5IDUuMzQuMzQgMTAuOS0uODEgMTYuMi0uNyAzLjE5LTQuMzYgNS44My02LjU2IDguNTMtNy41MyA5LjI4LTkuMzItNi4yOC0xMS4yMy0xMC41NS0zLjMgMi40LTEwLjUgNy4xNi0xNC45IDQuMTQtMy4yNi0yLjIzLTEuMi02LjI3LS40NC05LjAzIDEuMjItNC40NSAxLjk0LTguODUtMS4zMS0xMi44Ny0zLjEgMy05LjkyIDQuNzUtMTMuODggMS44OC01LTMuNjMtLjYyLTguOTQgMS42My0xMi43IDQuMzMtNy4yNiA0LjA3LTE1Ljg3IDUuNDQtMjMuOTQuNDYtMi43IDEuMDYtNi4yNi4zLTguMTItMS4xLTIuNjgtMi4zLTIuNy00Ljc0LTIuMS0zLjQ1Ljg3LTYuMjkgMi44LTYuODcgNS41OC0uODQgNC4wMyAzLjU3IDUuNjIgMy45MyA5LjEyLjc3IDcuNTUtOC43IDQtMTEuNTMuNjItNi45NS04LjM2LTEuMjYtMTguMjMgNC4yMS0yNS41NiAxLjg3LTIuNSAyLjQtMy4yMiAyLjAyLTYuNDgtLjc3LTYuNDEtMi41LTEyLjE4LTEuODgtMTguNzIuODYtOC45NyA0LjMtMTcuNDQgOS4zNS0yNC44MiAzLjQ2LTUuMDYgNS4yOS05LjQ1IDUuNzktMTUuNTcgMS40MS0xNy4zOSA3LjMyLTM1LjI4IDE1LjA1LTUwLjc0IDMuOTctNy45MyA3Ljk2LTE2LjUgMTQuODMtMjIuNCAyLjIzLTEuOTEgNi4yNC0yLjggOC4xNy00LjY1IDMuNTYtMy40My40NC05LjUgNC45NS0xMy4zOSAzLjc4LTMuMjUgOC4xNy0yLjE3IDEyLjI4LTMuOTMgNC4yMS0xLjgxIDUuMTEtNy40MiAxMC4yMS04LjYxIDUuMTYtMS4yIDkuMjkgMi4xOCAxMy42NiAzLjggNi40MyAyLjM4IDEwLjQ1IDEuNjkgMTYuNzYtLjNsLjA4LS4wM2M0LjItMS4zMyA2Ljk1LTIuMiAxMC44OS4xIDIuNTUgMS41IDQuNTIgNS45NSA3LjY1IDYuMzcgMy44LjUyIDkuMTQtMy4wNCAxMy4zNS0yLjkgNi40NS4yIDkuNTkgNC4yNCAxMi4yNSA4LjU1IDEuNTUgMi41IDQuNCAzLjY3IDYuMSA2LjE1LjYyLjkgMS4yNCAxLjggMi4xMyAyLjYxIDYuMzEgNS43NyAxNC41OCAxMC4yNSAyMS4zNyAxNS42OCAxMi42NiAxMC4xNSAxNS42NiAyMy44OCAxNi40OCAzNy44My42NiAxMS4xOC0uMzcgMjQuMzEgNi43NCAzNC4zMSAzLjcxIDUuMjIgNy44MiA5LjczIDEwLjAyIDE1Ljg1Ljc4IDIuMTkgMS44NSA1LjIuNTEgNy4xMi0xLjggMi41OC02LjM2IDIuNi04LjMxLjE0LTEuOSA1Ljg3IDQuNTcgMTQuMzUgOC4wMyAxOS4yMloiIGZpbGw9IiNiNTgxNDMiLz48cGF0aCBkPSJNMTgyLjUgMTU2LjJjLS4wNyAzIDAgNS45OC4zOCA4Ljg2LjMzIDIuNS44NCA0LjkxIDEuMzQgNy4zMSAxLjEzIDUuMzMgMi4yMyAxMC41NiAxLjMgMTYuMjctLjc1IDQuNTMtMi43MyA4Ljg3LTUuMzYgMTIuOTRBNzIuMDkgNzIuMDkgMCAwIDAgMTYxIDE5OWgtNHYtMTguMzlhNTYuMjQgNTYuMjQgMCAwIDAgMjUuNS0yNC40Wk0xMDEuNzIgMTk5LjA3YTEyNSAxMjUgMCAwIDAtMS4yMy01LjQ4Yy0yLjE0LTguODItNi40Mi0xNi42My0xMC43Ny0yNC41NS0xLjktMy40Ni0zLjgtNi45NC01LjU2LTEwLjUzYTM3LjA4IDM3LjA4IDAgMCAxLTEuOTUtNC44OSA1Ni4yMyA1Ni4yMyAwIDAgMCAyNi44IDI3VjE5OWgtNGMtMS4xIDAtMi4yLjAzLTMuMjguMDdaIiBmaWxsPSIjMDAwIiBmaWxsLW9wYWNpdHk9Ii4yNCIvPjxwYXRoIGQ9Ik0xMDIuNDggMzMuNWMtMS42NyAwLTEyLjE2IDQuNzUtOC4yNCA2LjE2IDIuNC44NiAxMi41LTYuMTUgOC4yNC02LjE1Wk0xNzEuMDUgNDcuMzZjLS44NS4zOC0uODMuNzMuMDQgMS4wNy44NS0uMzguODMtLjc0LS4wNC0xLjA3Wk0xOTUuNTEgNjUuNmEyNi44NCAyNi44NCAwIDAgMC0xLjM3LTIuNzZjLS44OS0xLjI3LTYuMjQtOC40LTIuNDctNy41IDIuMDguNDggNC44OSA2LjE3IDYuMTUgOC43NC43OCAxLjU3IDQuMjggNy4xMi43MiA2Ljc1LS42My0uMDctMS45NS0yLjkyLTMuMDMtNS4yM1pNMjA0LjAyIDExMC43NWMtLjE1LTEuMTcuMjUtNC43Ni0yLjQ2LTMuNDItMS44LjkuNjcgMTEuNzIuODIgMTMuMTNsLjQ2IDMuOTV2LjAzYy42IDYuMDcgMS40MiAxMi4xIDEuMzMgMTguMjMtLjAxLjc2LTEuMiA2LjY2IDEuNTUgNS40IDEuNDYtLjY2Ljc4LTguNzQuNTctMTEuMi0uNzQtOC43Mi0xLjExLTE3LjQ2LTIuMjctMjYuMTJaTTY1LjM2IDEyMi4yNWMuMDggMS41OC0uNyA5Ljc1IDEuNDMgOS44IDEuODMuMDQgMS4yNC04LjQgMS0xMS44My0uMDgtMS4wOC0uMDgtMTEuMTQtMi4xLTkuOTEtMi4zMiAxLjQtLjQ2IDkuNTItLjM0IDExLjk0Wk03My44IDE4MGMwLTEuNDMuODItMTQuNDUtMS45LTExLjM4LTEuMzcgMS41NC0uNDggNy4wMi0uMzUgOC44OC4wNS43LS41MiAyLjg2LjQxIDMuMTkuNzYuMjYgMS44My4zMiAxLjg0LS43Wk00OC4xMiAxOTMuMTZjMS45My0uMDUuMTQtMzcuODMtMi44Mi0zNy43OS0yLjA4LjAzIDEuMzYgMzcuODMgMi44MiAzNy44Wk01MC4zNSAyMTIuNTJjLTIuNCAwLTEuOTUgOC40Ni0uNTQgOS4xMyAyLjE0IDEuMDMgMy4yMy05LjEzLjU0LTkuMTNaTTY1LjU5IDIxNi4wNmMuMDIgMS4wNS0xLjE4IDEuMDctMS45OC43NC0uNzItLjMtLjYzLTIuMzEtLjU4LTMuNDkuMDUtMS4xLS4xNS0yLjItLjMxLTMuMjktLjUtMy4zOC0xLjI2LTguNDguMDQtOS42NSAxLjk4LTEuNzggMi4wMi4xNyAyLjU1IDEuNSAxLjU2IDMuOS4yIDEwLjAzLjI4IDE0LjE5Wk0yMDMuMDIgMTY5LjU5Yy0yLjUzLS41LTMuODUgOC4xLTIuNyA5LjAxIDEuOTIgMS41MyA1LjM1LTguNDkgMi43LTkuMDFaTTIwMi43NSAyMDcuMzhjLTEuMTMtLjIyLTkuNDMgMTUuNzQtOC43NSAxNi42NCAxLjMgMS43MiAxMi44My0xNS44MiA4Ljc1LTE2LjY0Wk0xODIuMzMgMjE0Ljc2Yy0xLjc4LS44LTkuMzMgMTAuNzUtNy40IDExLjYyIDEuNzUuNzggOS41Ni0xMC42NSA3LjQtMTEuNjJaTTIyNC40MyAxNzEuNDVjLTIuMTYgMC0yLjA2IDExLjgyLS40IDEyLjU2IDEuNy43OCAyLjk0LTEyLjU2LjQtMTIuNTZaTTgzLjUxIDU0LjJjMS4yNi0uNjUgNS40NS0uODcgMy4xIDEuMjktMiAxLjg0LTkuNTMgMTIuNTEtMTIuMTIgMTIuNjItNC4yMi4xOCAyLjU5LTcuMjQgNC43Ni05LjYgMS4zMy0xLjQ1IDIuNDktMy40MSA0LjI2LTQuMzJaTTU5LjI1IDgzLjk4Yy0yLjE4LS40My01LjgzIDEwLjI3LTQuNTYgMTEuNTYgMS45MyAxLjk1IDcuMDEtMTEuMDcgNC41Ni0xMS41NlpNODEuNCAyMDEuODVjLjQ4LTIuNiAyLjM4LS4yIDIuOCAxLjE0LjQgMS4zNCA0LjYyIDExLjA4IDMuNTYgMTIuMzYtMS42MyAxLjk3LTIuMzQtMS4zNy0yLjktMi41Ny0xLjMxLTIuODMtMy45Mi04LjQzLTMuNDYtMTAuOTNaTTc1Ljk5IDIyNS44MmMtMi4zIDAtMi4wMyA5LjgtLjY3IDEwLjM4IDIuMTIuOSAzLjQ4LTEwLjM4LjY3LTEwLjM4Wk0yMzIuODEgMjAzLjg4YTU4LjQgNTguNCAwIDAgMSA0Ljk4IDEzLjU3Yy4xNC42IDIuMDYgNS41Ni0uNjYgNC44NC0xLjU2LS40MS0xLjgtNC43OC0yLjItNi4xYTMyLjUgMzIuNSAwIDAgMC0yLjU4LTUuNTZjLTEuNDEtMi42My0yLjg1LTUuMzEtMy4wNi03LjY0LS4zMy0zLjkgMS44NC0yLjQyIDMuNTIuODlaTTIxOC4wOSAyMTYuOTVjLTIuMTMgMC0yLjI0IDEwLjc3LS45IDExLjQgMS44Ni44OCAzLjYyLTExLjQuOS0xMS40Wk0yMjQuMjUgMTI4LjY1YzEuNTgtLjQtMy40LTEzLjMyLTUuMTgtMTMuMTgtMi43LjIyIDIuNzggMTMuOCA1LjE4IDEzLjE4Wk0xOTcuNDMgMTg0Ljc1Yy0uODQuMzgtLjgzLjc0LjA1IDEuMDcuODQtLjM4LjgzLS43NC0uMDUtMS4wN1pNMTczLjIyIDIzOS45OWMuNzkgMCAxLjEyLTEuMjMtLjA2LTEuMjUtLjc3IDAtMS4xOCAxLjI1LjA2IDEuMjVaTTc0LjY4IDE4NC42M2MuMDMtMS45LTIuNDYtLjUtMi40NSAxLjEuMDMgMy4yMSAyLjQgMS43NSAyLjQ1LTEuMVpNNjguNTIgMTM2Ljg4Yy0uOCAwLTEuMTMgMS4yNC4wNSAxLjI3Ljc4IDAgMS4yLTEuMjctLjA1LTEuMjdaTTQ3Ljc4IDE5OS40NGMtLjEgMCAxLjUzLTEuOTkgMS42LS4wNS4wNyAxLjQ3LTEuMzEuMDYtMS42LjA1Wk01My42IDk4LjA2Yy0yLjM3IDAtMi4wMiA1Ljc2LS41MSA2LjEzIDIuNTIuNjEgMi44Ni02LjEzLjUtNi4xM1pNNjYuMjEgMjIyLjMzYy0yLjI4IDAtMi40NCA3LjgtLjg2IDguMyAyLjQ1Ljc1IDMuMjQtOC4zLjg2LTguM1pNNDcuNDYgMjI3LjkzYy0uODguNC0uODYuNzYuMDQgMS4xLjg3LS4zOS44Ni0uNzUtLjA0LTEuMVpNMjE3LjQ2IDIzMS4yOGMtMi4zMiAwLTIuMjMgOS41Ni0uOCAxMC4yIDEuOTguOSAzLjQ4LTEwLjIuOC0xMC4yWk0xOTMuOTUgMjQwLjE2Yy0yLjQxLS40OC0zLjY4IDcuNC0yLjU1IDguMyAxLjg1IDEuNDUgNS4wMi03LjggMi41NS04LjNaTTE3My40NyAyNDcuNDVjLTIgMC0xLjUxIDMuNTgtLjM2IDQuMSAyIC45MyAyLjYtNC4xLjM3LTQuMVoiIGZpbGw9IiNmZmYiIGZpbGwtb3BhY2l0eT0iLjMiLz48L2c+PGcgdHJhbnNmb3JtPSJ0cmFuc2xhdGUoNDkgNzIpIj48cGF0aCBkPSJNNTcuNTUgNjkuNjhhMzEuOCAzMS44IDAgMCAxIDQuODQtMi41NUM2Ny41OCA2NS4xNSA3Ny4yIDY1LjcxIDg0IDY5LjNjNi44LTMuNTkgMTYuNDItNC4xNSAyMS42MS0yLjE3IDEuNjQuNjMgMy4yMiAxLjU3IDQuODQgMi41NSA0LjEzIDIuNDcgOC41NSA1LjEyIDE0LjkxIDMuMTUuMzctLjEyLjczLjIyLjYyLjU4LTEuMzcgNC41LTkgNy42LTExLjYgNy43LTYuMi4yNC0xMS43NS0yLjI2LTE3LjEzLTQuNjktNC40NC0yLTguNzctMy45Ni0xMy4yNS00LjI2LTQuNDguMy04LjggMi4yNi0xMy4yNSA0LjI2LTUuMzggMi40My0xMC45MiA0LjkzLTE3LjEzIDQuNjktMi42LS4xLTEwLjIzLTMuMi0xMS42LTcuNy0uMTEtLjM2LjI1LS43LjYyLS41OCA2LjM2IDEuOTcgMTAuNzgtLjY4IDE0LjktMy4xNVoiIGZpbGw9IiNiNTgxNDMiLz48L2c+PGcgdHJhbnNmb3JtPSJ0cmFuc2xhdGUoNjIgNDIpIj48L2c+PC9nPjwvZz48L3N2Zz4=', '{"personal":{"isChild":true,"sex":"Masculino","gender":"Homem cisgênero","rg":"13.474.464-4","maritalStatus":"Solteiro(a)","profession":"Estudante","company":"Escola Municipal","education":"Ensino fundamental","address":"Rua Moreira, 990","city":"São Paulo","state":"SP","zip":"25630-280"},"clinical":{"complaint":"Estresse e esgotamento no trabalho (burnout)","goals":"Elaborar o processo de luto","suffering":"Leve","history":"Já fez acompanhamento anterior por cerca de um ano. Retornou após recaída.","priorDiagnoses":"Nenhum","priorTreatments":"Psicoterapia anterior","psychiatric":"Não","referrals":"—"},"health":{"depression":true,"anxiety":true,"tdah":false,"tag":false,"bipolar":false,"medications":"Clonazepam (SOS)","diseases":"Hipotireoidismo","surgeries":"—","hospitalizations":"Não","familyHistory":"Sem histórico relevante"},"lifestyle":{"sleep":"Insônia frequente","diet":"Restritiva","sports":"Sedentário","gym":"Sim","alcohol":"Frequente","smoking":"Não","drugs":"Não","religion":"Umbanda","spirituality":"Moderada"},"financial":{"situation":"Instável","income":"Acima de 8 salários","work":"Não se aplica","ownHome":"Sim","rent":"Sim","withFamily":"Sim","debt":"Endividado","car":"Sim","motorcycle":"Não"},"interests":{"hobbies":"Jardinagem","music":"Clássica","movies":"Comédia","books":"Ficção e autoajuda","games":"Jogos casuais","tech":"Baixo","social":"WhatsApp"},"personality":{"introvert":false,"extrovert":false,"communicative":false,"reserved":false,"organized":true,"creative":true,"impulsive":false,"notes":"Dificuldade em pedir ajuda."},"relationships":{"family":"Boa","friends":"Isolamento recente","romantic":"Em crise","work":"Tensa"}}', NULL, 1772981890221);
INSERT INTO sessions (id, clinic_id, patient_id, psychologist_id, occurred_at, duration_min, mood, emotional_scale, topics, objectives, techniques, evolution, next_steps, free_notes, created_at) VALUES ('52b204cc-bfe8-4087-b7c9-dac0be66666d', '00a53c0f-7baa-45b4-bea5-3159ed4e83ad', '0e78cae7-9510-4272-9efe-25461419801f', '1c2b3e6a-6d97-4ad5-9167-ccafd03a8006', 1780325890221, 50, 'Cansado(a)', 3, '["família","luto","trabalho"]', 'Elaborar o processo de luto', 'Psicoeducação', 'Apresentou resistência inicial, mas engajou-se ao final da sessão.', 'Manter diário do sono.', NULL, 1780325890221);
INSERT INTO sessions (id, clinic_id, patient_id, psychologist_id, occurred_at, duration_min, mood, emotional_scale, topics, objectives, techniques, evolution, next_steps, free_notes, created_at) VALUES ('13f57c0f-8f44-42ac-a15f-6a2869fc6e0f', '00a53c0f-7baa-45b4-bea5-3159ed4e83ad', '0e78cae7-9510-4272-9efe-25461419801f', '1c2b3e6a-6d97-4ad5-9167-ccafd03a8006', 1781017090221, 50, 'Deprimido(a)', 6, '["sono","autoestima","lazer"]', 'Aumentar a tolerância à frustração', 'Reestruturação cognitiva', 'Relatou leve melhora nos sintomas ao longo da semana.', 'Praticar respiração diafragmática 2x ao dia.', NULL, 1781017090221);
INSERT INTO sessions (id, clinic_id, patient_id, psychologist_id, occurred_at, duration_min, mood, emotional_scale, topics, objectives, techniques, evolution, next_steps, free_notes, created_at) VALUES ('2908980f-6834-40ef-ab39-d71a199dac51', '00a53c0f-7baa-45b4-bea5-3159ed4e83ad', '0e78cae7-9510-4272-9efe-25461419801f', '1c2b3e6a-6d97-4ad5-9167-ccafd03a8006', 1781621890221, 50, 'Esperançoso(a)', 9, '["luto","relacionamento","família"]', 'Reorganizar a rotina e o autocuidado', 'Respiração diafragmática', 'Semana difícil, com aumento da sintomatologia ansiosa.', 'Trabalhar limites nos relacionamentos.', 'Sessão produtiva. Manter plano terapêutico.', 1781621890221);
INSERT INTO sessions (id, clinic_id, patient_id, psychologist_id, occurred_at, duration_min, mood, emotional_scale, topics, objectives, techniques, evolution, next_steps, free_notes, created_at) VALUES ('b16eca92-b8d4-4300-aecd-6a054f999f29', '00a53c0f-7baa-45b4-bea5-3159ed4e83ad', '0e78cae7-9510-4272-9efe-25461419801f', '1c2b3e6a-6d97-4ad5-9167-ccafd03a8006', 1782313090221, 50, 'Cansado(a)', 8, '["luto","finanças"]', 'Fortalecer a autoestima', 'Exposição gradual', 'Percebe-se maior consciência emocional e vocabulário afetivo.', 'Registrar pensamentos automáticos em situações de gatilho.', 'Sessão produtiva. Manter plano terapêutico.', 1782313090221);
INSERT INTO sessions (id, clinic_id, patient_id, psychologist_id, occurred_at, duration_min, mood, emotional_scale, topics, objectives, techniques, evolution, next_steps, free_notes, created_at) VALUES ('f7b332a0-8223-4a15-b1d6-2cf82863f82f', '00a53c0f-7baa-45b4-bea5-3159ed4e83ad', '0e78cae7-9510-4272-9efe-25461419801f', '1c2b3e6a-6d97-4ad5-9167-ccafd03a8006', 1782658690221, 50, 'Deprimido(a)', 4, '["família","luto","finanças","saúde"]', 'Melhorar a comunicação nos relacionamentos', 'Treino de habilidades sociais', 'Percebe-se maior consciência emocional e vocabulário afetivo.', 'Trabalhar limites nos relacionamentos.', NULL, 1782658690221);
INSERT INTO timeline_events (id, clinic_id, patient_id, session_id, title, description, event_date, category, status, source, created_at) VALUES ('71d6d71a-a6f6-4073-a0ee-a24b505ad857', '00a53c0f-7baa-45b4-bea5-3159ed4e83ad', '0e78cae7-9510-4272-9efe-25461419801f', NULL, 'Conclusão de etapa', 'Paciente demonstrou boa adesão às tarefas propostas.', 1772377090221, 'família', 'confirmed', 'manual', 1770044290221);
INSERT INTO timeline_events (id, clinic_id, patient_id, session_id, title, description, event_date, category, status, source, created_at) VALUES ('f6744b4f-d507-4373-a7f4-dd3bc39b5a29', '00a53c0f-7baa-45b4-bea5-3159ed4e83ad', '0e78cae7-9510-4272-9efe-25461419801f', NULL, 'Mudança de emprego', 'Percebe-se maior consciência emocional e vocabulário afetivo.', 1769785090221, 'pessoal', 'confirmed', 'manual', 1771858690221);
INSERT INTO timeline_events (id, clinic_id, patient_id, session_id, title, description, event_date, category, status, source, created_at) VALUES ('34fe59da-227d-4a1e-9c63-8c3a6be036d7', '00a53c0f-7baa-45b4-bea5-3159ed4e83ad', '0e78cae7-9510-4272-9efe-25461419801f', 'b16eca92-b8d4-4300-aecd-6a054f999f29', 'Ajuste de medicação', 'Trouxe avanços na aplicação das técnicas no dia a dia.', 1770303490221, 'clínico', 'suggested', 'ai', 1773154690221);
INSERT INTO timeline_events (id, clinic_id, patient_id, session_id, title, description, event_date, category, status, source, created_at) VALUES ('f254a709-74ad-42ad-b6af-6730f992d8bd', '00a53c0f-7baa-45b4-bea5-3159ed4e83ad', '0e78cae7-9510-4272-9efe-25461419801f', NULL, 'Perda familiar', 'Trouxe avanços na aplicação das técnicas no dia a dia.', 1768489090221, 'pessoal', 'confirmed', 'ai', 1768316290221);
INSERT INTO ai_summaries (id, clinic_id, patient_id, appointment_id, content, suggested_questions, model, status, approved_content, approved_by, approved_at, created_at) VALUES ('de9e8a8c-cd3f-4833-b6fe-0f5fb1db71bf', '00a53c0f-7baa-45b4-bea5-3159ed4e83ad', '0e78cae7-9510-4272-9efe-25461419801f', NULL, 'Paciente em acompanhamento por dificuldades no relacionamento conjugal. Ao longo das sessões observa-se evolução gradual, com melhor manejo emocional e boa adesão às técnicas propostas. Recomenda-se manter o plano terapêutico atual.', '["Como você tem dormido esta semana?","O que funcionou melhor entre as estratégias que combinamos?","Houve algum gatilho importante desde a última sessão?"]', 'vinculo-ai', 'approved', NULL, '1c2b3e6a-6d97-4ad5-9167-ccafd03a8006', NULL, 1781621890221);
INSERT INTO appointments (id, clinic_id, patient_id, psychologist_id, starts_at, ends_at, status, created_at) VALUES ('a03cb679-35fc-4e1b-94c3-7c270d0dd0c5', '00a53c0f-7baa-45b4-bea5-3159ed4e83ad', '0e78cae7-9510-4272-9efe-25461419801f', '1c2b3e6a-6d97-4ad5-9167-ccafd03a8006', 1782313090221, 1782316090221, 'done', 1781794690221);
INSERT INTO appointments (id, clinic_id, patient_id, psychologist_id, starts_at, ends_at, status, created_at) VALUES ('b3952010-71d5-4c6c-8c8e-9c22463fd603', '00a53c0f-7baa-45b4-bea5-3159ed4e83ad', '0e78cae7-9510-4272-9efe-25461419801f', '1c2b3e6a-6d97-4ad5-9167-ccafd03a8006', 1782917890221, 1782920890221, 'no_show', 1782485890221);
INSERT INTO appointments (id, clinic_id, patient_id, psychologist_id, starts_at, ends_at, status, created_at) VALUES ('33033325-27d1-4f3b-a9db-7663cd65aab9', '00a53c0f-7baa-45b4-bea5-3159ed4e83ad', '0e78cae7-9510-4272-9efe-25461419801f', '1c2b3e6a-6d97-4ad5-9167-ccafd03a8006', 1783609090222, 1784476090222, 'scheduled', 1783349890222);
INSERT INTO consents (id, clinic_id, patient_id, type, version, granted_at, ip, revoked_at, created_at) VALUES ('59920257-7be9-4f0d-906c-8f99c7a74259', '00a53c0f-7baa-45b4-bea5-3159ed4e83ad', '0e78cae7-9510-4272-9efe-25461419801f', 'general', '1.0', 1772981890221, '189.223.129.6', NULL, 1772981890221);
INSERT INTO consents (id, clinic_id, patient_id, type, version, granted_at, ip, revoked_at, created_at) VALUES ('26ee10a5-5d1d-4af0-9652-ad5f5bdcdefd', '00a53c0f-7baa-45b4-bea5-3159ed4e83ad', '0e78cae7-9510-4272-9efe-25461419801f', 'ai', '1.0', 1772981890221, '189.130.137.140', NULL, 1772981890221);
INSERT INTO patients (id, clinic_id, psychologist_id, full_name, social_name, cpf, email, phone, whatsapp, birth_date, status, photo, profile, deleted_at, created_at) VALUES ('0b4c8a06-73cb-482c-b6df-2e4c51e38707', '00a53c0f-7baa-45b4-bea5-3159ed4e83ad', '1c2b3e6a-6d97-4ad5-9167-ccafd03a8006', 'Lucas Silva Pereira', NULL, '547.583.077-97', 'lucas.2@email.com', '(77) 98003-3628', '(72) 91107-7508', 232037890222, 'inactive', 'data:image/svg+xml;base64,PHN2ZyB4bWxucz0iaHR0cDovL3d3dy53My5vcmcvMjAwMC9zdmciIHZpZXdCb3g9IjAgMCAyODAgMjgwIiBmaWxsPSJub25lIiBzaGFwZS1yZW5kZXJpbmc9ImF1dG8iPjxtZXRhZGF0YSB4bWxuczpyZGY9Imh0dHA6Ly93d3cudzMub3JnLzE5OTkvMDIvMjItcmRmLXN5bnRheC1ucyMiIHhtbG5zOnhzaT0iaHR0cDovL3d3dy53My5vcmcvMjAwMS9YTUxTY2hlbWEtaW5zdGFuY2UiIHhtbG5zOmRjPSJodHRwOi8vcHVybC5vcmcvZGMvZWxlbWVudHMvMS4xLyIgeG1sbnM6ZGN0ZXJtcz0iaHR0cDovL3B1cmwub3JnL2RjL3Rlcm1zLyI+PHJkZjpSREY+PHJkZjpEZXNjcmlwdGlvbj48ZGM6dGl0bGU+QXZhdGFhYXJzPC9kYzp0aXRsZT48ZGM6Y3JlYXRvcj5QYWJsbyBTdGFubGV5PC9kYzpjcmVhdG9yPjxkYzpzb3VyY2UgeHNpOnR5cGU9ImRjdGVybXM6VVJJIj5odHRwczovL2F2YXRhYWFycy5jb20vPC9kYzpzb3VyY2U+PGRjdGVybXM6bGljZW5zZSB4c2k6dHlwZT0iZGN0ZXJtczpVUkkiPmh0dHBzOi8vYXZhdGFhYXJzLmNvbS88L2RjdGVybXM6bGljZW5zZT48ZGM6cmlnaHRzPlJlbWl4IG9mIOKAnkF2YXRhYWFyc+KAnSAoaHR0cHM6Ly9hdmF0YWFhcnMuY29tLykgYnkg4oCeUGFibG8gU3RhbmxleeKAnSwgbGljZW5zZWQgdW5kZXIg4oCeRnJlZSBmb3IgcGVyc29uYWwgYW5kIGNvbW1lcmNpYWwgdXNl4oCdIChodHRwczovL2F2YXRhYWFycy5jb20vKTwvZGM6cmlnaHRzPjwvcmRmOkRlc2NyaXB0aW9uPjwvcmRmOlJERj48L21ldGFkYXRhPjxtYXNrIGlkPSJ2aWV3Ym94TWFzayI+PHJlY3Qgd2lkdGg9IjI4MCIgaGVpZ2h0PSIyODAiIHJ4PSIxNDAiIHJ5PSIxNDAiIHg9IjAiIHk9IjAiIGZpbGw9IiNmZmYiIC8+PC9tYXNrPjxnIG1hc2s9InVybCgjdmlld2JveE1hc2spIj48cmVjdCBmaWxsPSIjZmZkNWRjIiB3aWR0aD0iMjgwIiBoZWlnaHQ9IjI4MCIgeD0iMCIgeT0iMCIgLz48ZyB0cmFuc2Zvcm09InRyYW5zbGF0ZSg4KSI+PHBhdGggZD0iTTEzMiAzNmE1NiA1NiAwIDAgMC01NiA1NnY2LjE3QTEyIDEyIDAgMCAwIDY2IDExMHYxNGExMiAxMiAwIDAgMCAxMC4zIDExLjg4IDU2LjA0IDU2LjA0IDAgMCAwIDMxLjcgNDQuNzN2MTguNGgtNGE3MiA3MiAwIDAgMC03MiA3MnY5aDIwMHYtOWE3MiA3MiAwIDAgMC03Mi03MmgtNHYtMTguMzlhNTYuMDQgNTYuMDQgMCAwIDAgMzEuNy00NC43M0ExMiAxMiAwIDAgMCAxOTggMTI0di0xNGExMiAxMiAwIDAgMC0xMC0xMS44M1Y5MmE1NiA1NiAwIDAgMC01Ni01NloiIGZpbGw9IiM2MTQzMzUiLz48cGF0aCBkPSJNMTA4IDE4MC42MXY4YTU1Ljc5IDU1Ljc5IDAgMCAwIDI0IDUuMzljOC41OSAwIDE2LjczLTEuOTMgMjQtNS4zOXYtOGE1NS43OSA1NS43OSAwIDAgMS0yNCA1LjM5IDU1Ljc5IDU1Ljc5IDAgMCAxLTI0LTUuMzlaIiBmaWxsPSIjMDAwIiBmaWxsLW9wYWNpdHk9Ii4xIi8+PGcgdHJhbnNmb3JtPSJ0cmFuc2xhdGUoMCAxNzApIj48cGF0aCBkPSJNOTIuNjggMjkuOTRBNzIuMDIgNzIuMDIgMCAwIDAgMzIgMTAxLjA1VjExMGgyMDB2LTguOTVhNzIuMDIgNzIuMDIgMCAwIDAtNjAuNjgtNzEuMTEgMjMuODcgMjMuODcgMCAwIDEtNy41NiAxMy42bC0yOS4wOCAyNi4yM2E0IDQgMCAwIDEtNS4zNiAwbC0yOS4wOC0yNi4yM2EyMy44NyAyMy44NyAwIDAgMS03LjU2LTEzLjZaIiBmaWxsPSIjZmY1YzVjIi8+PC9nPjxnIHRyYW5zZm9ybT0idHJhbnNsYXRlKDc4IDEzNCkiPjxwYXRoIGZpbGwtcnVsZT0iZXZlbm9kZCIgY2xpcC1ydWxlPSJldmVub2RkIiBkPSJNMzUuMTIgMjkuODdhMTkgMTkgMCAwIDEgMzcuNzcuMDljLjA4Ljc3LS43NyAyLjA0LTEuODUgMi4wNEgzNy4xQzM2IDMyIDM1IDMwLjgyIDM1LjEyIDI5Ljg3WiIgZmlsbD0iIzAwMCIgZmlsbC1vcGFjaXR5PSIuNyIvPjxwYXRoIGQ9Ik02OS41OSAzMkgzOC40YTExIDExIDAgMCAxIDE1LjYtNi44QTExIDExIDAgMCAxIDY5LjU5IDMyWiIgZmlsbD0iI0ZGNEY2RCIvPjxwYXRoIGQ9Ik02Ni41NyAxNy43NUE1IDUgMCAwIDEgNjUgMThINDRjLS44IDAtMS41Ny0uMi0yLjI0LS41M0ExOC45MiAxOC45MiAwIDAgMSA1NCAxM2M0LjgyIDAgOS4yMiAxLjggMTIuNTcgNC43NVoiIGZpbGw9IiNmZmYiLz48L2c+PGcgdHJhbnNmb3JtPSJ0cmFuc2xhdGUoMTA0IDEyMikiPjxwYXRoIGZpbGwtcnVsZT0iZXZlbm9kZCIgY2xpcC1ydWxlPSJldmVub2RkIiBkPSJNMTYgOGMwIDQuNDIgNS4zNyA4IDEyIDhzMTItMy41OCAxMi04IiBmaWxsPSIjMDAwIiBmaWxsLW9wYWNpdHk9Ii4xNiIvPjwvZz48ZyB0cmFuc2Zvcm09InRyYW5zbGF0ZSg3NiA5MCkiPjxwYXRoIGQ9Ik0zNiAyMmE2IDYgMCAxIDEtMTIgMCA2IDYgMCAwIDEgMTIgMFpNODggMjJhNiA2IDAgMSAxLTEyIDAgNiA2IDAgMCAxIDEyIDBaIiBmaWxsPSIjMDAwIiBmaWxsLW9wYWNpdHk9Ii42Ii8+PC9nPjxnIHRyYW5zZm9ybT0idHJhbnNsYXRlKDc2IDgyKSI+PHBhdGggZD0iTTE1LjYxIDE1LjE4YzQuMjQtNS43NiA2Ljg4LTUuNDggMTMuMzEtLjYybC42Ny41QzM0LjQxIDE4LjczIDM2LjcgMjAgNDAgMjBhMiAyIDAgMSAwIDAtNGMtMi4wNyAwLTMuOS0xLjAyLTcuOTktNC4xMmwtLjY4LS41MkMyNy41NyA4LjUzIDI1LjM3IDcuMyAyMi42MyA3Yy0zLjY4LS40LTcuMDUgMS40OC0xMC4yNCA1LjgzYTIgMiAwIDEgMCAzLjIyIDIuMzZaTTk2LjM5IDE1LjE4Yy00LjI0LTUuNzYtNi44OC01LjQ4LTEzLjMxLS42MmwtLjY3LjVDNzcuNTggMTguNzMgNzUuMjkgMjAgNzIgMjBhMiAyIDAgMSAxIDAtNGMyLjA3IDAgMy45LTEuMDIgNy45OS00LjEybC42OC0uNTJjMy43Ni0yLjgzIDUuOTYtNC4wNyA4LjctNC4zNyAzLjY4LS40IDcuMDUgMS40OCAxMC4yNCA1LjgzYTIgMiAwIDEgMS0zLjIyIDIuMzZaIiBmaWxsPSIjMDAwIiBmaWxsLW9wYWNpdHk9Ii42Ii8+PC9nPjxnIHRyYW5zZm9ybT0idHJhbnNsYXRlKC0xKSI+PHBhdGggZD0iTTE3Ny43NSAzNy44NmM5LjUyIDcuMSAxNy43NiAxOC41OCAxOC4xNiAzMC44Mi4xNyA1LjUtLjYyIDExLjIzLTEuNzMgMTYuNjItLjUgMi40Ni0xLjYgNC42Ni0yLjcgNi44NS0xLjA3IDIuMTItMi4xMyA0LjI0LTIuNjQgNi41OC0yLjYzLTguOTMtMTAuMDktMTMuOTctMTcuNS0xOS0zLjk2LTIuNjYtNy45LTUuMzMtMTEuMS04LjU4IDEuMDIgMS45MyAyLjMgMy43IDMuNiA1LjQ2IDEuMjMgMS43IDIuNDcgMy40IDMuNDUgNS4yMi05LjI0LTUuNjYtMTguMi0xMy44OC0yMi4wMy0yNC4zYTI5LjQ2IDI5LjQ2IDAgMCAxLTYuMSAxNC42N2MtMy4wMiAzLjgtNy41OSA3Ljg3LTEyLjMgOS4zNCAyLjQzLTUuNSA0LjUtMTEuMjEgNi40LTE2LjkyLTEuNzggMi4zMS03LjIxIDExLjI5LTkuNiAxNS4yM2wtLjc3IDEuMjZhNzMuOSA3My45IDAgMCAxLTEwLjQ3IDEzLjM1Yy0uNS41My0xLjQyIDEuNTItLjY3LjU0LTEuODUgMi4zNS00LjQ1IDQuMjYtNi45IDYuMDdsLTEuNCAxLjA0YTUxLjY3IDUxLjY3IDAgMCAxLTkuMiA1LjQ4Yy03LjEgMy4zMS0xNC4zOCA0LjU0LTIyLjExIDMuMi45LjEgMi4zNS0uNCAzLjUzLS44MmEyMCAyMCAwIDAgMSAxLjIyLS40YzEuOC0uNSAzLjQ3LTEuMTIgNS4xMS0yLjAyYTUzLjg1IDUzLjg1IDAgMCAwIDkuMTgtNi40MmMtMS4zNy41OC0yLjYgMS40Mi0zLjg0IDIuMjctMS4yMy44My0yLjQ2IDEuNjctMy44MyAyLjI3LTIuMjggMS00LjU0IDEuNTMtNy4wMyAxLjc3LTUuNDYuNTMtMTItLjcyLTE2LjcyLTMuNi01LjUtMy4zMi04LjU0LTkuMDQtOS45OS0xNS4xMy0xLjY4LTcuMDYtLjYzLTE1LjA0IDMuMzMtMjEuMDcuMTMgMi4xNCA0LjQzIDMuMDYgNy45MiAyLjUzIDMuNzctLjU5IDYuOTUtNi41MiAxMC45LTEzLjkzIDYuMTktMTEuNTUgMTQuMjgtMjYuNjcgMjkuNTItMzAuNjQgMTkuOTYtNS4yIDM0LjIxIDMuODcgMzUuNDIgNC42NiAxLjIyLjc4IDEuOC42MyAyLjkzLjMybC42OC0uMTdjNi4zNS0xLjUyIDEzLjI2LTIuMiAxOS43LS45MiA2LjM1IDEuMjYgMTIuNDMgNC41NCAxNy41NyA4LjM4Wk03MS45MyAxMTAuNzVsLjIuMDRhMS42IDEuNiAwIDAgMS0uMi0uMDRaTTc5IDE1Ni4yYy44LTEuNTMgMS41Ny0zLjA2IDIuMzItNC42QTU2LjIgNTYuMiAwIDAgMCAxMDkgMTgwLjZ2OS4wMWE1NC40IDU0LjQgMCAwIDEtNy43MyAxLjk3Yy05IDEuNjItMzQuMzItMy41My00NS40NC0xMS45OC0uODUtLjY1LS40Mi0xLjkyLjY3LTIgMTEuNjYtLjggMTcuNjMtMTIuMTMgMjIuNC0yMS4ybC4xLS4yWk0xNTcgMTgzLjA1di0yLjQ0YzYuOTUtMy4zIDEzLjExLTggMTguMTMtMTMuNzEuNzEgMi4yNCAxLjc1IDQuMzMgMy40MyA1Ljc5IDEuMzIgMS4xNCAzLjQ4IDEuMTIgNS4zNCAxLjFsMS4yLjAxYzEuNjcuMDUgMy4zNC4wNiA1LjAyLS4wMi44My0uMDMgMS4yIDEuMDIuNTMgMS41YTM5LjIgMzkuMiAwIDAgMS0zLjY0IDIuMDcgMjkuMyAyOS4zIDAgMCAxLTcuOTggMi43NGMtMS45Mi4zNC0zLjgyLjQtNS42Ni4xOGE5Ljg0IDkuODQgMCAwIDAgMS43IDEuOTRjMS40MSAxLjIyIDMuNzIgMS4yIDUuNyAxLjE5aDEuMjhjMS43OS4wNSAzLjU4LjA2IDUuMzYtLjAyLjktLjA0IDEuMyAxLjA5LjU3IDEuNmE0MS45NyA0MS45NyAwIDAgMS0zLjg4IDIuMjIgMzEuMjQgMzEuMjQgMCAwIDEtOC41MyAyLjkyYy01LjUuOTctMTAuODYtLjE4LTE1LjE5LTMuN2EyNC45IDI0LjkgMCAwIDEtMy4zOC0zLjM3WiIgZmlsbD0iI2VjZGNiZiIvPjxwYXRoIGQ9Ik04MS4zMiAxNTEuNmMtLjc1IDEuNTQtMS41MSAzLjA3LTIuMzEgNC42bC0uMS4xOGMtNC43NyA5LjA4LTEwLjc0IDIwLjQyLTIyLjQgMjEuMjItMS4wOS4wNy0xLjUyIDEuMzQtLjY3IDEuOTkgMTEuMTIgOC40NSAzNi40MyAxMy42IDQ1LjQ0IDExLjk4YTU0LjQgNTQuNCAwIDAgMCA3LjczLTEuOTZ2LTguOTlhNTYuMiA1Ni4yIDAgMCAxLTI3LjY4LTI5Wk0xNTcgMTgwLjYxdjIuNDRhMjQuOSAyNC45IDAgMCAwIDMuMzggMy4zNmM0LjMzIDMuNTMgOS43IDQuNjggMTUuMiAzLjcxYTMxLjI0IDMxLjI0IDAgMCAwIDguNTEtMi45MiA0MS45NyA0MS45NyAwIDAgMCAzLjg5LTIuMjJjLjcyLS41MS4zMi0xLjY0LS41Ny0xLjYtMS43OC4wOC0zLjU3LjA3LTUuMzUuMDJoLTEuMjljLTEuOTguMDEtNC4yOS4wMy01LjctMS4yYTkuODQgOS44NCAwIDAgMS0xLjctMS45M2MxLjg0LjIyIDMuNzQuMTYgNS42Ni0uMThhMjkuMyAyOS4zIDAgMCAwIDcuOTgtMi43MyAzOS4yIDM5LjIgMCAwIDAgMy42NC0yLjA4Yy42OC0uNDguMy0xLjUzLS41My0xLjVhNjkuOSA2OS45IDAgMCAxLTUuMDIuMDJoLTEuMmMtMS44Ni4wMS00LjAyLjAzLTUuMzQtMS4xMS0xLjY5LTEuNDYtMi43Mi0zLjU1LTMuNDMtNS44QTU2LjE4IDU2LjE4IDAgMCAxIDE1NyAxODAuNjJaIiBmaWxsPSIjMDAwIiBmaWxsLW9wYWNpdHk9Ii4xNiIvPjwvZz48ZyB0cmFuc2Zvcm09InRyYW5zbGF0ZSg0OSA3MikiPjwvZz48ZyB0cmFuc2Zvcm09InRyYW5zbGF0ZSg2MiA0MikiPjxnIGZpbGwtcnVsZT0iZXZlbm9kZCIgY2xpcC1ydWxlPSJldmVub2RkIj48cGF0aCBkPSJNMTExLjcxIDUzLjQ5YzQuNjcuMTYgOCAuODggMTAuNTUgNC41MiAzLjAxLjE1IDYuMjUuMzcgOC45OCAxLjYzIDMuMzkgMS41NiAzLjkgNS4xLS4zNiA1LjU5LTEuODYuMi0zLjcyLS4xMi01LjU1LS40NWwtLjE5LS4wMy0uMzMtLjA2YzEuMSA5LjQ2LTYuMjEgMjAuODctMTQuMjMgMjQuMzVDOTkuNiA5My44IDg3LjM0IDg4LjUzIDgxLjUzIDc5Yy0yLjYyLTQuMy00LjE0LTEwLjUxLTQuNDYtMTUuODYtLjQyLS4yLS44My0uNDQtMS4yMy0uNjctLjM4LS4yMi0uNzYtLjQ0LTEuMTItLjYxLTItLjk4LTUuMzQtMS4xLTcuNSAwLS4zNS4xNy0uNy4zNy0xLjA1LjU4LS40Mi4yNS0uODYuNS0xLjMuNzJDNjQuNTMgNjguNSA2My4wMSA3NC43IDYwLjQgNzljLTUuOCA5LjUzLTE4LjA3IDE0LjgtMjkuMDUgMTAuMDQtOC4wMi0zLjQ4LTE1LjMzLTE0Ljg5LTE0LjIzLTI0LjM1bC0uMzMuMDYtLjIuMDNjLTEuODMuMzMtMy43LjY2LTUuNTUuNDUtNC4yNy0uNS0zLjc0LTQuMDMtLjM2LTUuNiAyLjcyLTEuMjUgNS45Ni0xLjQ3IDguOTctMS42MiAyLjU1LTMuNjMgNS44OC00LjM2IDEwLjU1LTQuNTJsMjMuMjktLjQ2YzUuMTktLjE0IDkuNzIgMCAxMS4wMyA0LjZhMTguNyAxOC43IDAgMCAxIDYuMzUtMS4yNWMxLjg2IDAgNC4zNS40NSA2LjUgMS4yOCAxLjMtNC42NCA1LjgzLTQuNzcgMTEuMDMtNC42M2wyMy4zLjQ2Wm0tMjQuMDMgNi43OGMtMi4zNy4wMy0zLjUuNDItMy45IDIuOS0uNCAyLjUgMCA1LjMxLjQ2IDcuNzguNzMgMy43NyAxLjkyIDcuNDYgNC43MSAxMC4yMmExNi4yNCAxNi4yNCAwIDAgMCA4LjMyIDQuMzRjLjExLjAzLjU0LjEuOTYuMTYuNjMuMSAxLjIzLjE4LjcxLjEzIDMuNzMuNCA3LjcyLjMgMTAuODItMi4wNSAzLjUzLTIuNyA1Ljk1LTYuOTUgNy4wMS0xMS4yLjYzLTIuNDggMS45My04LjQyLS40Ni0xMC40LTIuNzMtMi4yOC0yOC42My0xLjg4LTI4LjYzLTEuODhabS0zMy40MyAwYzIuMzcuMDMgMy41LjQyIDMuOSAyLjkuNCAyLjUgMCA1LjMyLS40NiA3Ljc4LS43MyAzLjc3LTEuOTIgNy40Ni00LjcxIDEwLjIyYTE2LjIzIDE2LjIzIDAgMCAxLTkuMjggNC41Yy0uNjQuMS0xLjI2LjE5LS42OC4xMy0zLjczLjQtNy43NC4zMi0xMC44NS0yLjA1LTMuNTMtMi42OS01Ljk1LTYuOTUtNy4wMS0xMS4yLS42My0yLjQ4LTEuOTMtOC40Mi40Ni0xMC40IDIuNzMtMi4yOCAyOC42My0xLjg3IDI4LjYzLTEuODdabS0xMC45MyAyNS41WiIgZmlsbD0iIzAwMCIgZmlsbC1vcGFjaXR5PSIuMSIvPjxwYXRoIGQ9Ik01NS4wMSA1Ny4yOGMyLjUxLjAyIDMuNy40NSA0LjEzIDMuMTEuNDMgMi43IDAgNS43NC0uNSA4LjQtLjc1IDQuMDYtMi4wMiA4LjA0LTQuOTggMTFhMTcuMTYgMTcuMTYgMCAwIDEtOC44IDQuNjljLS4zMy4wNy0zLjE1LjQ3LTEuNDIuMjctNC4wNC40Ny04LjQzLjQ1LTExLjgtMi4xNy0zLjc0LTIuOS02LjMtNy41LTcuNDMtMTIuMDctLjY2LTIuNjYtMi4wNC05LjA2LjQ5LTExLjJDMjcuNiA1Ni44NSA1NSA1Ny4yOCA1NSA1Ny4yOFoiIGZpbGw9IiMwMDAiIGZpbGwtb3BhY2l0eT0iLjciLz48cGF0aCBkPSJNNTUuMDEgNTcuMjhjMi41MS4wMiAzLjcuNDUgNC4xMyAzLjExLjQzIDIuNyAwIDUuNzQtLjUgOC40LS43NSA0LjA2LTIuMDIgOC4wNC00Ljk4IDExYTE3LjE2IDE3LjE2IDAgMCAxLTguOCA0LjY5Yy0uMzMuMDctMy4xNS40Ny0xLjQyLjI3LTQuMDQuNDctOC40My40NS0xMS44LTIuMTctMy43NC0yLjktNi4zLTcuNS03LjQzLTEyLjA3LS42Ni0yLjY2LTIuMDQtOS4wNi40OS0xMS4yQzI3LjYgNTYuODUgNTUgNTcuMjggNTUgNTcuMjhaIiBmaWxsPSJ1cmwoI2FjY2Vzc29yaWVzU3VuZ2xhc3Nlcy1hKSIgc3R5bGU9Im1peC1ibGVuZC1tb2RlOnNjcmVlbiIvPjxwYXRoIGQ9Ik04Ni45MiA1Ny4yN2MtMi41MS4wMy0zLjcuNDUtNC4xMyAzLjEyLS40MyAyLjcgMCA1LjczLjUgOC40Ljc1IDQuMDYgMi4wMiA4LjAzIDQuOTggMTFhMTcuMTcgMTcuMTcgMCAwIDAgOC44IDQuNjljLjMzLjA3IDMuMTUuNDcgMS40Mi4yNiA0LjA0LjQ3IDguNDMuNDUgMTEuOC0yLjE2IDMuNzQtMi45IDYuMy03LjUgNy40My0xMi4wNy42Ni0yLjY3IDIuMDQtOS4wNy0uNDktMTEuMi0yLjktMi40Ni0zMC4zMS0yLjAzLTMwLjMxLTIuMDNaIiBmaWxsPSIjMDAwIiBmaWxsLW9wYWNpdHk9Ii43Ii8+PHBhdGggZD0iTTg2LjkyIDU3LjI3Yy0yLjUxLjAzLTMuNy40NS00LjEzIDMuMTItLjQzIDIuNyAwIDUuNzMuNSA4LjQuNzUgNC4wNiAyLjAyIDguMDMgNC45OCAxMWExNy4xNyAxNy4xNyAwIDAgMCA4LjggNC42OWMuMzMuMDcgMy4xNS40NyAxLjQyLjI2IDQuMDQuNDcgOC40My40NSAxMS44LTIuMTYgMy43NC0yLjkgNi4zLTcuNSA3LjQzLTEyLjA3LjY2LTIuNjcgMi4wNC05LjA3LS40OS0xMS4yLTIuOS0yLjQ2LTMwLjMxLTIuMDMtMzAuMzEtMi4wM1oiIGZpbGw9InVybCgjYWNjZXNzb3JpZXNTdW5nbGFzc2VzLWIpIiBzdHlsZT0ibWl4LWJsZW5kLW1vZGU6c2NyZWVuIi8+PHBhdGggZD0iTTExMS43MSA1MS40OWM0LjY3LjE2IDggLjg4IDEwLjU1IDQuNTIgMy4wMS4xNSA2LjI1LjM3IDguOTggMS42MyAzLjM5IDEuNTYgMy45IDUuMS0uMzYgNS41OS0xLjg2LjItMy43Mi0uMTItNS41NS0uNDVsLS4xOS0uMDMtLjMzLS4wNmMxLjEgOS40Ni02LjIxIDIwLjg3LTE0LjIzIDI0LjM1Qzk5LjYgOTEuOCA4Ny4zNCA4Ni41MyA4MS41MyA3N2MtMi42Mi00LjMtNC4xNC0xMC41MS00LjQ2LTE1Ljg2LS40Mi0uMi0uODMtLjQ0LTEuMjMtLjY3LS4zOC0uMjItLjc2LS40NC0xLjEyLS42MS0yLS45OC01LjM0LTEuMS03LjUgMC0uMzUuMTctLjcuMzctMS4wNS41OC0uNDIuMjUtLjg2LjUtMS4zLjcyQzY0LjUzIDY2LjUgNjMuMDEgNzIuNyA2MC40IDc3Yy01LjggOS41My0xOC4wNyAxNC44LTI5LjA1IDEwLjA0LTguMDItMy40OC0xNS4zMy0xNC44OS0xNC4yMy0yNC4zNS0uMTEgMC0uMjIuMDMtLjMzLjA1bC0uMi4wM2MtMS44My4zMy0zLjcuNjYtNS41NS40NS00LjI3LS41LTMuNzQtNC4wMy0uMzYtNS42IDIuNzItMS4yNSA1Ljk2LTEuNDcgOC45Ny0xLjYyIDIuNTUtMy42MyA1Ljg4LTQuMzYgMTAuNTUtNC41MmwyMy4yOS0uNDZjNS4xOS0uMTQgOS43MiAwIDExLjAzIDQuNmExOC43IDE4LjcgMCAwIDEgNi4zNS0xLjI1YzEuODYgMCA0LjM1LjQ1IDYuNSAxLjI4IDEuMy00LjY0IDUuODMtNC43NyAxMS4wMy00LjYzbDIzLjMuNDZabS0yNC4wMyA2Ljc4Yy0yLjM3LjAzLTMuNS40Mi0zLjkgMi45LS40IDIuNSAwIDUuMzEuNDYgNy43OC43MyAzLjc3IDEuOTIgNy40NiA0LjcxIDEwLjIyYTE2LjI0IDE2LjI0IDAgMCAwIDguMzIgNC4zNGMuMTEuMDMuNTQuMS45Ni4xNi42My4xIDEuMjMuMTguNzEuMTMgMy43My40IDcuNzIuMyAxMC44Mi0yLjA1IDMuNTMtMi43IDUuOTUtNi45NSA3LjAxLTExLjIuNjMtMi40OCAxLjkzLTguNDItLjQ2LTEwLjQtMi43My0yLjI4LTI4LjYzLTEuODgtMjguNjMtMS44OFptLTMzLjQzIDBjMi4zNy4wMyAzLjUuNDIgMy45IDIuOS40IDIuNSAwIDUuMzItLjQ2IDcuNzgtLjczIDMuNzctMS45MiA3LjQ2LTQuNzEgMTAuMjJhMTYuMjMgMTYuMjMgMCAwIDEtOS4yOCA0LjVjLS42NC4xLTEuMjYuMTktLjY4LjEzLTMuNzMuNC03Ljc0LjMyLTEwLjg1LTIuMDUtMy41My0yLjY5LTUuOTUtNi45NS03LjAxLTExLjItLjYzLTIuNDgtMS45My04LjQyLjQ2LTEwLjQgMi43My0yLjI4IDI4LjYzLTEuODcgMjguNjMtMS44N1ptLTEwLjkzIDI1LjVaIiBmaWxsPSIjMjU1NTdjIi8+PC9nPjxkZWZzPjxsaW5lYXJHcmFkaWVudCBpZD0iYWNjZXNzb3JpZXNTdW5nbGFzc2VzLWEiIHgxPSIyOC41NiIgeTE9IjU3LjI1IiB4Mj0iMjguNTYiIHkyPSI3Ni44IiBncmFkaWVudFVuaXRzPSJ1c2VyU3BhY2VPblVzZSI+PHN0b3Agc3RvcC1jb2xvcj0iI2ZmZiIgc3RvcC1vcGFjaXR5PSIuNSIvPjxzdG9wIG9mZnNldD0iMSIgc3RvcC1vcGFjaXR5PSIuNSIvPjwvbGluZWFyR3JhZGllbnQ+PGxpbmVhckdyYWRpZW50IGlkPSJhY2Nlc3Nvcmllc1N1bmdsYXNzZXMtYiIgeDE9IjgyLjYxIiB5MT0iNTcuMjUiIHgyPSI4Mi42MSIgeTI9Ijg0Ljk4IiBncmFkaWVudFVuaXRzPSJ1c2VyU3BhY2VPblVzZSI+PHN0b3Agc3RvcC1jb2xvcj0iI2ZmZiIgc3RvcC1vcGFjaXR5PSIuNSIvPjxzdG9wIG9mZnNldD0iLjcxIiBzdG9wLW9wYWNpdHk9Ii41Ii8+PC9saW5lYXJHcmFkaWVudD48L2RlZnM+PC9nPjwvZz48L2c+PC9zdmc+', '{"personal":{"isChild":false,"sex":"Masculino","gender":"Homem cisgênero","rg":"31.221.916-6","maritalStatus":"Solteiro(a)","profession":"Aposentado","company":"—","education":"Pós-graduação","address":"Rua Pereira, 50","city":"Curitiba","state":"PR","zip":"68855-421"},"clinical":{"complaint":"Conflitos familiares","goals":"Melhorar a qualidade do sono","suffering":"Leve","history":"Encaminhado(a) pelo clínico geral devido a queixas somáticas.","priorDiagnoses":"Nenhum","priorTreatments":"Psicoterapia anterior","psychiatric":"Não","referrals":"—"},"health":{"depression":true,"anxiety":false,"tdah":true,"tag":false,"bipolar":false,"medications":"—","diseases":"—","surgeries":"—","hospitalizations":"Não","familyHistory":"Histórico familiar de depressão/ansiedade"},"lifestyle":{"sleep":"Sono não reparador","diet":"Restritiva","sports":"Sedentário","gym":"Sim","alcohol":"Social","smoking":"Sim","drugs":"Não","religion":"Umbanda","spirituality":"Muito presente"},"financial":{"situation":"Estável","income":"4 a 8 salários","work":"Servidor público","ownHome":"Não","rent":"Não","withFamily":"Sim","debt":"Alguma","car":"Sim","motorcycle":"Não"},"interests":{"hobbies":"Culinária","music":"Sertanejo","movies":"Drama","books":"—","games":"—","tech":"Baixo","social":"Pouco ativo"},"personality":{"introvert":true,"extrovert":false,"communicative":false,"reserved":true,"organized":false,"creative":false,"impulsive":false,"notes":"Bom senso de humor, acolhedor(a)."},"relationships":{"family":"Boa","friends":"Isolamento recente","romantic":"Solteiro(a)","work":"Boa"}}', NULL, 1764169090222);
INSERT INTO sessions (id, clinic_id, patient_id, psychologist_id, occurred_at, duration_min, mood, emotional_scale, topics, objectives, techniques, evolution, next_steps, free_notes, created_at) VALUES ('db153f0f-230e-4744-99d0-4ebef0e0da16', '00a53c0f-7baa-45b4-bea5-3159ed4e83ad', '0b4c8a06-73cb-482c-b6df-2e4c51e38707', '1c2b3e6a-6d97-4ad5-9167-ccafd03a8006', 1780412290223, 50, 'Angustiado(a)', 7, '["saúde","relacionamento"]', 'Reorganizar a rotina e o autocuidado', 'Registro de pensamentos', 'Semana difícil, com aumento da sintomatologia ansiosa.', 'Registrar pensamentos automáticos em situações de gatilho.', 'Sessão produtiva. Manter plano terapêutico.', 1780412290223);
INSERT INTO sessions (id, clinic_id, patient_id, psychologist_id, occurred_at, duration_min, mood, emotional_scale, topics, objectives, techniques, evolution, next_steps, free_notes, created_at) VALUES ('56bff349-034f-4714-ba22-c458860264d3', '00a53c0f-7baa-45b4-bea5-3159ed4e83ad', '0b4c8a06-73cb-482c-b6df-2e4c51e38707', '1c2b3e6a-6d97-4ad5-9167-ccafd03a8006', 1780930690223, 50, 'Angustiado(a)', 4, '["sono","rotina","lazer","ansiedade"]', 'Aumentar a tolerância à frustração', 'Exposição gradual', 'Semana difícil, com aumento da sintomatologia ansiosa.', 'Retomar atividade física gradualmente.', NULL, 1780930690223);
INSERT INTO sessions (id, clinic_id, patient_id, psychologist_id, occurred_at, duration_min, mood, emotional_scale, topics, objectives, techniques, evolution, next_steps, free_notes, created_at) VALUES ('4d625898-a060-4785-9a6c-a55fc6140365', '00a53c0f-7baa-45b4-bea5-3159ed4e83ad', '0b4c8a06-73cb-482c-b6df-2e4c51e38707', '1c2b3e6a-6d97-4ad5-9167-ccafd03a8006', 1781535490223, 60, 'Angustiado(a)', 8, '["saúde","trabalho","família"]', 'Reduzir a frequência das crises de ansiedade', 'Registro de pensamentos', 'Percebe-se maior consciência emocional e vocabulário afetivo.', 'Registrar pensamentos automáticos em situações de gatilho.', NULL, 1781535490223);
INSERT INTO sessions (id, clinic_id, patient_id, psychologist_id, occurred_at, duration_min, mood, emotional_scale, topics, objectives, techniques, evolution, next_steps, free_notes, created_at) VALUES ('b56f9377-dbb0-454b-a751-34eb441c5680', '00a53c0f-7baa-45b4-bea5-3159ed4e83ad', '0b4c8a06-73cb-482c-b6df-2e4c51e38707', '1c2b3e6a-6d97-4ad5-9167-ccafd03a8006', 1782313090223, 50, 'Estável', 9, '["trabalho","relacionamento","estudos"]', 'Reorganizar a rotina e o autocuidado', 'Respiração diafragmática', 'Percebe-se maior consciência emocional e vocabulário afetivo.', 'Trabalhar limites nos relacionamentos.', 'Sessão produtiva. Manter plano terapêutico.', 1782313090223);
INSERT INTO sessions (id, clinic_id, patient_id, psychologist_id, occurred_at, duration_min, mood, emotional_scale, topics, objectives, techniques, evolution, next_steps, free_notes, created_at) VALUES ('6d8727fe-a0b8-4741-af25-c0471a779699', '00a53c0f-7baa-45b4-bea5-3159ed4e83ad', '0b4c8a06-73cb-482c-b6df-2e4c51e38707', '1c2b3e6a-6d97-4ad5-9167-ccafd03a8006', 1782831490223, 60, 'Motivado(a)', 7, '["trabalho","família","luto"]', 'Fortalecer a autoestima', 'Treino de habilidades sociais', 'Semana difícil, com aumento da sintomatologia ansiosa.', 'Retomar atividade física gradualmente.', NULL, 1782831490223);
INSERT INTO timeline_events (id, clinic_id, patient_id, session_id, title, description, event_date, category, status, source, created_at) VALUES ('de0d7581-6794-4a71-8cd0-6cd126bf5248', '00a53c0f-7baa-45b4-bea5-3159ed4e83ad', '0b4c8a06-73cb-482c-b6df-2e4c51e38707', 'db153f0f-230e-4744-99d0-4ebef0e0da16', 'Melhora significativa', 'Paciente demonstrou boa adesão às tarefas propostas.', 1766588290223, 'família', 'confirmed', 'manual', 1782313090223);
INSERT INTO timeline_events (id, clinic_id, patient_id, session_id, title, description, event_date, category, status, source, created_at) VALUES ('32887c25-1328-45d6-9c6d-73ea93ed72b4', '00a53c0f-7baa-45b4-bea5-3159ed4e83ad', '0b4c8a06-73cb-482c-b6df-2e4c51e38707', 'b56f9377-dbb0-454b-a751-34eb441c5680', 'Recaída pontual', 'Apresentou resistência inicial, mas engajou-se ao final da sessão.', 1769353090223, 'trabalho', 'confirmed', 'ai', 1770130690223);
INSERT INTO timeline_events (id, clinic_id, patient_id, session_id, title, description, event_date, category, status, source, created_at) VALUES ('34d7de6e-e258-4f38-a588-35187bc6b2b9', '00a53c0f-7baa-45b4-bea5-3159ed4e83ad', '0b4c8a06-73cb-482c-b6df-2e4c51e38707', '56bff349-034f-4714-ba22-c458860264d3', 'Perda familiar', 'Relatou leve melhora nos sintomas ao longo da semana.', 1774105090223, 'trabalho', 'suggested', 'manual', 1780153090223);
INSERT INTO timeline_events (id, clinic_id, patient_id, session_id, title, description, event_date, category, status, source, created_at) VALUES ('493debf3-44e1-443f-84d6-963b656ee977', '00a53c0f-7baa-45b4-bea5-3159ed4e83ad', '0b4c8a06-73cb-482c-b6df-2e4c51e38707', '6d8727fe-a0b8-4741-af25-c0471a779699', 'Mudança de emprego', 'Apresentou resistência inicial, mas engajou-se ao final da sessão.', 1770821890223, 'família', 'suggested', 'manual', 1779634690223);
INSERT INTO timeline_events (id, clinic_id, patient_id, session_id, title, description, event_date, category, status, source, created_at) VALUES ('795b4103-fb09-4410-b82e-4e7f9f799237', '00a53c0f-7baa-45b4-bea5-3159ed4e83ad', '0b4c8a06-73cb-482c-b6df-2e4c51e38707', '6d8727fe-a0b8-4741-af25-c0471a779699', 'Recaída pontual', 'Semana difícil, com aumento da sintomatologia ansiosa.', 1775919490223, 'trabalho', 'confirmed', 'ai', 1772809090223);
INSERT INTO ai_summaries (id, clinic_id, patient_id, appointment_id, content, suggested_questions, model, status, approved_content, approved_by, approved_at, created_at) VALUES ('2e3065af-1092-4be4-8834-622808372c54', '00a53c0f-7baa-45b4-bea5-3159ed4e83ad', '0b4c8a06-73cb-482c-b6df-2e4c51e38707', NULL, 'Paciente em acompanhamento por luto pela perda de um familiar. Ao longo das sessões observa-se evolução gradual, com melhor manejo emocional e boa adesão às técnicas propostas. Recomenda-se manter o plano terapêutico atual.', '["Como você tem dormido esta semana?","O que funcionou melhor entre as estratégias que combinamos?","Houve algum gatilho importante desde a última sessão?"]', 'vinculo-ai', 'approved', NULL, '1c2b3e6a-6d97-4ad5-9167-ccafd03a8006', NULL, 1781017090223);
INSERT INTO ai_alerts (id, clinic_id, patient_id, type, severity, message, status, created_at) VALUES ('747ac891-a7a2-4637-99b3-2f7f2b8ae48c', '00a53c0f-7baa-45b4-bea5-3159ed4e83ad', '0b4c8a06-73cb-482c-b6df-2e4c51e38707', 'engagement', 'low', 'Queda no engajamento com as tarefas terapêuticas.', 'active', 1780757890223);
INSERT INTO appointments (id, clinic_id, patient_id, psychologist_id, starts_at, ends_at, status, created_at) VALUES ('760a4981-2095-43e9-b8dd-bf280ab6d56f', '00a53c0f-7baa-45b4-bea5-3159ed4e83ad', '0b4c8a06-73cb-482c-b6df-2e4c51e38707', '1c2b3e6a-6d97-4ad5-9167-ccafd03a8006', 1782313090223, 1782316090223, 'done', 1781794690223);
INSERT INTO appointments (id, clinic_id, patient_id, psychologist_id, starts_at, ends_at, status, created_at) VALUES ('19c7610b-ea90-47d3-a7eb-efdc87aff55a', '00a53c0f-7baa-45b4-bea5-3159ed4e83ad', '0b4c8a06-73cb-482c-b6df-2e4c51e38707', '1c2b3e6a-6d97-4ad5-9167-ccafd03a8006', 1782917890223, 1782920890223, 'canceled', 1782485890223);
INSERT INTO consents (id, clinic_id, patient_id, type, version, granted_at, ip, revoked_at, created_at) VALUES ('f39d7f6f-d321-49a2-8742-35cffd7f29b9', '00a53c0f-7baa-45b4-bea5-3159ed4e83ad', '0b4c8a06-73cb-482c-b6df-2e4c51e38707', 'general', '1.0', 1764169090222, '189.159.241.24', NULL, 1764169090222);
INSERT INTO consents (id, clinic_id, patient_id, type, version, granted_at, ip, revoked_at, created_at) VALUES ('18e609ab-383a-4e4e-9e63-30da4f876b98', '00a53c0f-7baa-45b4-bea5-3159ed4e83ad', '0b4c8a06-73cb-482c-b6df-2e4c51e38707', 'ai', '1.0', 1764169090222, '189.178.99.59', NULL, 1764169090222);
INSERT INTO patients (id, clinic_id, psychologist_id, full_name, social_name, cpf, email, phone, whatsapp, birth_date, status, photo, profile, deleted_at, created_at) VALUES ('eb6dd42a-2606-4806-a230-d4da9d20ce92', '00a53c0f-7baa-45b4-bea5-3159ed4e83ad', '3385bafd-2b52-4729-809f-54d2043545f2', 'Camila Santos Martins', NULL, '709.994.002-47', 'camila.3@email.com', '(48) 97028-1984', '(38) 98325-1452', 1400684290223, 'active', 'data:image/svg+xml;base64,PHN2ZyB4bWxucz0iaHR0cDovL3d3dy53My5vcmcvMjAwMC9zdmciIHZpZXdCb3g9IjAgMCAyODAgMjgwIiBmaWxsPSJub25lIiBzaGFwZS1yZW5kZXJpbmc9ImF1dG8iPjxtZXRhZGF0YSB4bWxuczpyZGY9Imh0dHA6Ly93d3cudzMub3JnLzE5OTkvMDIvMjItcmRmLXN5bnRheC1ucyMiIHhtbG5zOnhzaT0iaHR0cDovL3d3dy53My5vcmcvMjAwMS9YTUxTY2hlbWEtaW5zdGFuY2UiIHhtbG5zOmRjPSJodHRwOi8vcHVybC5vcmcvZGMvZWxlbWVudHMvMS4xLyIgeG1sbnM6ZGN0ZXJtcz0iaHR0cDovL3B1cmwub3JnL2RjL3Rlcm1zLyI+PHJkZjpSREY+PHJkZjpEZXNjcmlwdGlvbj48ZGM6dGl0bGU+QXZhdGFhYXJzPC9kYzp0aXRsZT48ZGM6Y3JlYXRvcj5QYWJsbyBTdGFubGV5PC9kYzpjcmVhdG9yPjxkYzpzb3VyY2UgeHNpOnR5cGU9ImRjdGVybXM6VVJJIj5odHRwczovL2F2YXRhYWFycy5jb20vPC9kYzpzb3VyY2U+PGRjdGVybXM6bGljZW5zZSB4c2k6dHlwZT0iZGN0ZXJtczpVUkkiPmh0dHBzOi8vYXZhdGFhYXJzLmNvbS88L2RjdGVybXM6bGljZW5zZT48ZGM6cmlnaHRzPlJlbWl4IG9mIOKAnkF2YXRhYWFyc+KAnSAoaHR0cHM6Ly9hdmF0YWFhcnMuY29tLykgYnkg4oCeUGFibG8gU3RhbmxleeKAnSwgbGljZW5zZWQgdW5kZXIg4oCeRnJlZSBmb3IgcGVyc29uYWwgYW5kIGNvbW1lcmNpYWwgdXNl4oCdIChodHRwczovL2F2YXRhYWFycy5jb20vKTwvZGM6cmlnaHRzPjwvcmRmOkRlc2NyaXB0aW9uPjwvcmRmOlJERj48L21ldGFkYXRhPjxtYXNrIGlkPSJ2aWV3Ym94TWFzayI+PHJlY3Qgd2lkdGg9IjI4MCIgaGVpZ2h0PSIyODAiIHJ4PSIxNDAiIHJ5PSIxNDAiIHg9IjAiIHk9IjAiIGZpbGw9IiNmZmYiIC8+PC9tYXNrPjxnIG1hc2s9InVybCgjdmlld2JveE1hc2spIj48cmVjdCBmaWxsPSIjYzBhZWRlIiB3aWR0aD0iMjgwIiBoZWlnaHQ9IjI4MCIgeD0iMCIgeT0iMCIgLz48ZyB0cmFuc2Zvcm09InRyYW5zbGF0ZSg4KSI+PHBhdGggZD0iTTEzMiAzNmE1NiA1NiAwIDAgMC01NiA1NnY2LjE3QTEyIDEyIDAgMCAwIDY2IDExMHYxNGExMiAxMiAwIDAgMCAxMC4zIDExLjg4IDU2LjA0IDU2LjA0IDAgMCAwIDMxLjcgNDQuNzN2MTguNGgtNGE3MiA3MiAwIDAgMC03MiA3MnY5aDIwMHYtOWE3MiA3MiAwIDAgMC03Mi03MmgtNHYtMTguMzlhNTYuMDQgNTYuMDQgMCAwIDAgMzEuNy00NC43M0ExMiAxMiAwIDAgMCAxOTggMTI0di0xNGExMiAxMiAwIDAgMC0xMC0xMS44M1Y5MmE1NiA1NiAwIDAgMC01Ni01NloiIGZpbGw9IiNmZDk4NDEiLz48cGF0aCBkPSJNMTA4IDE4MC42MXY4YTU1Ljc5IDU1Ljc5IDAgMCAwIDI0IDUuMzljOC41OSAwIDE2LjczLTEuOTMgMjQtNS4zOXYtOGE1NS43OSA1NS43OSAwIDAgMS0yNCA1LjM5IDU1Ljc5IDU1Ljc5IDAgMCAxLTI0LTUuMzlaIiBmaWxsPSIjMDAwIiBmaWxsLW9wYWNpdHk9Ii4xIi8+PGcgdHJhbnNmb3JtPSJ0cmFuc2xhdGUoMCAxNzApIj48cGF0aCBkPSJNOTIuNjggMjkuOTRBNzIuMDIgNzIuMDIgMCAwIDAgMzIgMTAxLjA1VjExMGgyMDB2LTguOTVhNzIuMDIgNzIuMDIgMCAwIDAtNjAuNjgtNzEuMTEgMjMuODcgMjMuODcgMCAwIDEtNy41NiAxMy42bC0yOS4wOCAyNi4yM2E0IDQgMCAwIDEtNS4zNiAwbC0yOS4wOC0yNi4yM2EyMy44NyAyMy44NyAwIDAgMS03LjU2LTEzLjZaIiBmaWxsPSIjM2M0ZjVjIi8+PC9nPjxnIHRyYW5zZm9ybT0idHJhbnNsYXRlKDc4IDEzNCkiPjxwYXRoIGQ9Ik0yOCAyNi4yNGMxLjM2LjUgMi44NC43NiA0LjQuNzYgNS4zMSAwIDkuODEtMy4xNSAxMS4yOS03LjQ5IDIuNDcgMi4xNyA2LjE3IDMuNTQgMTAuMzEgMy41NCA0LjE0IDAgNy44NC0xLjM3IDEwLjMxLTMuNTMgMS40OCA0LjM1IDUuOTggNy41IDExLjMgNy41IDEuNTUgMCAzLjAzLS4yNyA0LjQtLjc2aC0uMTljLTYuMzMgMC0xMS44LTQuOS0xMS44LTEwLjU2IDAtNC4xOCAyLjMyLTcuNzIgNS42OS05LjY4LTUuNS44LTkuNzMgNS05LjkgMTAuMWExNy42MSAxNy42MSAwIDAgMS05LjggMi44Yy0zLjggMC03LjI1LTEuMDYtOS44LTIuOC0uMTgtNS4xLTQuNC05LjMtOS45LTEwLjFhMTEuMTggMTEuMTggMCAwIDEgNS42OCA5LjY4YzAgNS42Ni01LjQ3IDEwLjU3LTExLjggMTAuNTdIMjhaIiBmaWxsPSIjMDAwIiBmaWxsLW9wYWNpdHk9Ii42IiBvcGFjaXR5PSIuNiIvPjxwYXRoIGQ9Ik0xNyAyNGE5IDkgMCAxIDAgMC0xOCA5IDkgMCAwIDAgMCAxOFpNOTEgMjRhOSA5IDAgMSAwIDAtMTggOSA5IDAgMCAwIDAgMThaIiBmaWxsPSIjRkY0NjQ2IiBmaWxsLW9wYWNpdHk9Ii4yIi8+PC9nPjxnIHRyYW5zZm9ybT0idHJhbnNsYXRlKDEwNCAxMjIpIj48cGF0aCBmaWxsLXJ1bGU9ImV2ZW5vZGQiIGNsaXAtcnVsZT0iZXZlbm9kZCIgZD0iTTE2IDhjMCA0LjQyIDUuMzcgOCAxMiA4czEyLTMuNTggMTItOCIgZmlsbD0iIzAwMCIgZmlsbC1vcGFjaXR5PSIuMTYiLz48L2c+PGcgdHJhbnNmb3JtPSJ0cmFuc2xhdGUoNzYgOTApIj48ZyBmaWxsPSIjMDAwIiBmaWxsLW9wYWNpdHk9Ii42Ij48cGF0aCBkPSJNMzYgMjJhNiA2IDAgMSAxLTEyIDAgNiA2IDAgMCAxIDEyIDBaIi8+PHBhdGggZmlsbC1ydWxlPSJldmVub2RkIiBjbGlwLXJ1bGU9ImV2ZW5vZGQiIGQ9Ik03MC42IDI0Ljk2YzEuNTktMy45MiA1LjU1LTYuODYgMTAuMzctNy4yIDQuOC0uMzMgOS4xMiAyIDExLjI0IDUuNjQuNjMgMS4wOS0uMSAyLjA2LS45MyAxLjQzLTIuNi0xLjkzLTYuMTUtMy0xMC0yLjczQTE1LjEzIDE1LjEzIDAgMCAwIDcxLjk1IDI2Yy0uODQuNzgtMS44MS4xLTEuMzUtMS4wNFoiLz48L2c+PC9nPjxnIHRyYW5zZm9ybT0idHJhbnNsYXRlKDc2IDgyKSI+PHBhdGggZD0iTTM4LjAzIDUuNmMtMS40OCA4LjM4LTE0LjEgMTQuMTctMjMuMjQgMTAuNDJhMi4wNCAyLjA0IDAgMCAwLTIuNjQgMWMtLjQzLjk3LjA0IDIuMSAxLjA1IDIuNSAxMS40NSA0LjcgMjYuODQtMi4zNyAyOC43Ni0xMy4zYTEuOTIgMS45MiAwIDAgMC0xLjY0LTIuMiAyIDIgMCAwIDAtMi4zIDEuNTdaTTczLjk3IDUuNmMxLjQ4IDguMzggMTQuMSAxNC4xNyAyMy4yNCAxMC40MiAxLjAyLS40MSAyLjIuMDMgMi42MyAxIC40My45Ny0uMDQgMi4xLTEuMDUgMi41LTExLjQ0IDQuNy0yNi44NC0yLjM3LTI4Ljc2LTEzLjNhMS45MiAxLjkyIDAgMCAxIDEuNjQtMi4yIDIgMiAwIDAgMSAyLjMgMS41N1oiIGZpbGw9IiMwMDAiIGZpbGwtb3BhY2l0eT0iLjYiLz48L2c+PGcgdHJhbnNmb3JtPSJ0cmFuc2xhdGUoLTEpIj48cGF0aCBkPSJNODYuNjcgNjhINjR2MTEyLjkxYTQuMDkgNC4wOSAwIDAgMCA0LjA5IDQuMSAxOC41OCAxOC41OCAwIDAgMCAxOC41OC0xOC42VjY4Wk0yMDIgNjhoLTIyLjY3djExMi45MWE0LjA5IDQuMDkgMCAwIDAgNC4wOSA0LjFBMTguNTggMTguNTggMCAwIDAgMjAyIDE2Ni40VjY4WiIgZmlsbD0iI0Y0RjRGNCIvPjxwYXRoIGQ9Ik02MyA2NGE0NCA0NCAwIDAgMSA0NC00NGg1MmE0NCA0NCAwIDAgMSA0NCA0NHYxMDQuNmExNi40IDE2LjQgMCAwIDEtMTYuNCAxNi40Yy0xLjk4IDAtMy42LTEuNjItMy42LTMuNlY3NEg4M3Y5NC42QTE2LjQgMTYuNCAwIDAgMSA2Ni42IDE4NWMtMS45OSAwLTMuNi0xLjYyLTMuNi0zLjZWNjRaIiBmaWxsPSIjYjFlMmZmIi8+PHJlY3QgeD0iNzQiIHk9IjUyIiB3aWR0aD0iMTE4IiBoZWlnaHQ9IjM2IiByeD0iOCIgZmlsbD0iIzAwMCIgZmlsbC1vcGFjaXR5PSIuMSIvPjxyZWN0IHg9Ijc0IiB5PSI1MCIgd2lkdGg9IjExOCIgaGVpZ2h0PSIzNiIgcng9IjgiIGZpbGw9IiNGNEY0RjQiLz48L2c+PGcgdHJhbnNmb3JtPSJ0cmFuc2xhdGUoNDkgNzIpIj48L2c+PGcgdHJhbnNmb3JtPSJ0cmFuc2xhdGUoNjIgNDIpIj48L2c+PC9nPjwvZz48L3N2Zz4=', '{"personal":{"isChild":true,"sex":"Feminino","gender":"Mulher cisgênero","rg":"37.669.142-8","maritalStatus":"Solteiro(a)","profession":"Estudante","company":"Escola Municipal","education":"Ensino fundamental","address":"Rua Oliveira, 576","city":"Fortaleza","state":"CE","zip":"53101-467"},"clinical":{"complaint":"Transtorno alimentar","goals":"Fortalecer a autoestima","suffering":"Leve","history":"Encaminhado(a) pelo clínico geral devido a queixas somáticas.","priorDiagnoses":"Nenhum","priorTreatments":"Nenhum","psychiatric":"Não","referrals":"—"},"health":{"depression":false,"anxiety":false,"tdah":false,"tag":true,"bipolar":false,"medications":"—","diseases":"—","surgeries":"—","hospitalizations":"Não","familyHistory":"Sem histórico relevante"},"lifestyle":{"sleep":"Irregular","diet":"Irregular","sports":"Sedentário","gym":"Não","alcohol":"Social","smoking":"Não","drugs":"Não","religion":"Católica","spirituality":"Muito presente"},"financial":{"situation":"Instável","income":"1 a 2 salários","work":"Não se aplica","ownHome":"Não","rent":"Sim","withFamily":"Sim","debt":"Alguma","car":"Não","motorcycle":"Não"},"interests":{"hobbies":"Games","music":"MPB","movies":"Comédia","books":"Ficção e autoajuda","games":"—","tech":"Baixo","social":"WhatsApp"},"personality":{"introvert":true,"extrovert":false,"communicative":false,"reserved":false,"organized":true,"creative":true,"impulsive":false,"notes":"Bom senso de humor, acolhedor(a)."},"relationships":{"family":"Boa","friends":"Isolamento recente","romantic":"Em crise","work":"Tensa"}}', NULL, 1763477890223);
INSERT INTO sessions (id, clinic_id, patient_id, psychologist_id, occurred_at, duration_min, mood, emotional_scale, topics, objectives, techniques, evolution, next_steps, free_notes, created_at) VALUES ('df748bdb-0128-458a-a205-d34f6a1cbba9', '00a53c0f-7baa-45b4-bea5-3159ed4e83ad', 'eb6dd42a-2606-4806-a230-d4da9d20ce92', '3385bafd-2b52-4729-809f-54d2043545f2', 1780325890224, 50, 'Angustiado(a)', 5, '["ansiedade","saúde","estudos"]', 'Desenvolver estratégias de enfrentamento', 'Registro de pensamentos', 'Relatou leve melhora nos sintomas ao longo da semana.', 'Trabalhar limites nos relacionamentos.', 'Sessão produtiva. Manter plano terapêutico.', 1780325890224);
INSERT INTO sessions (id, clinic_id, patient_id, psychologist_id, occurred_at, duration_min, mood, emotional_scale, topics, objectives, techniques, evolution, next_steps, free_notes, created_at) VALUES ('9189c47c-3da8-4e39-9231-5ead0b07354a', '00a53c0f-7baa-45b4-bea5-3159ed4e83ad', 'eb6dd42a-2606-4806-a230-d4da9d20ce92', '3385bafd-2b52-4729-809f-54d2043545f2', 1781103490224, 50, 'Esperançoso(a)', 4, '["luto","ansiedade"]', 'Reduzir a frequência das crises de ansiedade', 'Psicoeducação', 'Paciente demonstrou boa adesão às tarefas propostas.', 'Retomar atividade física gradualmente.', 'Sessão produtiva. Manter plano terapêutico.', 1781103490224);
INSERT INTO sessions (id, clinic_id, patient_id, psychologist_id, occurred_at, duration_min, mood, emotional_scale, topics, objectives, techniques, evolution, next_steps, free_notes, created_at) VALUES ('52cc943b-e728-42b2-ab8d-aa6b21ebe6ec', '00a53c0f-7baa-45b4-bea5-3159ed4e83ad', 'eb6dd42a-2606-4806-a230-d4da9d20ce92', '3385bafd-2b52-4729-809f-54d2043545f2', 1781621890224, 50, 'Motivado(a)', 4, '["sono","rotina","finanças"]', 'Elaborar o processo de luto', 'Psicoeducação', 'Trouxe avanços na aplicação das técnicas no dia a dia.', 'Manter diário do sono.', 'Sessão produtiva. Manter plano terapêutico.', 1781621890224);
INSERT INTO sessions (id, clinic_id, patient_id, psychologist_id, occurred_at, duration_min, mood, emotional_scale, topics, objectives, techniques, evolution, next_steps, free_notes, created_at) VALUES ('1b5390a3-c1b3-4150-ab28-834049f1eba5', '00a53c0f-7baa-45b4-bea5-3159ed4e83ad', 'eb6dd42a-2606-4806-a230-d4da9d20ce92', '3385bafd-2b52-4729-809f-54d2043545f2', 1782313090224, 60, 'Ansioso(a)', 8, '["luto","autoestima","família","relacionamento"]', 'Melhorar a qualidade do sono', 'Reestruturação cognitiva', 'Paciente demonstrou boa adesão às tarefas propostas.', 'Manter diário do sono.', NULL, 1782313090224);
INSERT INTO sessions (id, clinic_id, patient_id, psychologist_id, occurred_at, duration_min, mood, emotional_scale, topics, objectives, techniques, evolution, next_steps, free_notes, created_at) VALUES ('9ee844c0-3277-42d5-bc8c-28721a6f3530', '00a53c0f-7baa-45b4-bea5-3159ed4e83ad', 'eb6dd42a-2606-4806-a230-d4da9d20ce92', '3385bafd-2b52-4729-809f-54d2043545f2', 1782917890224, 45, 'Angustiado(a)', 7, '["família","relacionamento"]', 'Reduzir a frequência das crises de ansiedade', 'Técnicas de mindfulness', 'Apresentou resistência inicial, mas engajou-se ao final da sessão.', 'Praticar respiração diafragmática 2x ao dia.', NULL, 1782917890224);
INSERT INTO timeline_events (id, clinic_id, patient_id, session_id, title, description, event_date, category, status, source, created_at) VALUES ('2e10779f-13bb-4506-a77f-c680f991ab6f', '00a53c0f-7baa-45b4-bea5-3159ed4e83ad', 'eb6dd42a-2606-4806-a230-d4da9d20ce92', '1b5390a3-c1b3-4150-ab28-834049f1eba5', 'Conclusão de etapa', 'Paciente demonstrou boa adesão às tarefas propostas.', 1769612290224, 'trabalho', 'confirmed', 'ai', 1771253890224);
INSERT INTO timeline_events (id, clinic_id, patient_id, session_id, title, description, event_date, category, status, source, created_at) VALUES ('169005af-8864-4aac-83ff-18e2321d23ab', '00a53c0f-7baa-45b4-bea5-3159ed4e83ad', 'eb6dd42a-2606-4806-a230-d4da9d20ce92', '1b5390a3-c1b3-4150-ab28-834049f1eba5', 'Conclusão de etapa', 'Relatou leve melhora nos sintomas ao longo da semana.', 1771513090224, 'trabalho', 'confirmed', 'ai', 1783004290224);
INSERT INTO timeline_events (id, clinic_id, patient_id, session_id, title, description, event_date, category, status, source, created_at) VALUES ('f0ca343c-3f71-46c2-ab72-346088c9389a', '00a53c0f-7baa-45b4-bea5-3159ed4e83ad', 'eb6dd42a-2606-4806-a230-d4da9d20ce92', NULL, 'Mudança de emprego', 'Apresentou resistência inicial, mas engajou-se ao final da sessão.', 1767884290224, 'clínico', 'confirmed', 'ai', 1779375490224);
INSERT INTO timeline_events (id, clinic_id, patient_id, session_id, title, description, event_date, category, status, source, created_at) VALUES ('6b4c85bb-06a7-4cac-a6dc-c61c2052713c', '00a53c0f-7baa-45b4-bea5-3159ed4e83ad', 'eb6dd42a-2606-4806-a230-d4da9d20ce92', '52cc943b-e728-42b2-ab8d-aa6b21ebe6ec', 'Mudança de emprego', 'Apresentou resistência inicial, mas engajou-se ao final da sessão.', 1780498690225, 'pessoal', 'confirmed', 'manual', 1782745090225);
INSERT INTO timeline_events (id, clinic_id, patient_id, session_id, title, description, event_date, category, status, source, created_at) VALUES ('a91fd122-f0ea-4019-ae4d-62d0bc357336', '00a53c0f-7baa-45b4-bea5-3159ed4e83ad', 'eb6dd42a-2606-4806-a230-d4da9d20ce92', NULL, 'Perda familiar', 'Percebe-se maior consciência emocional e vocabulário afetivo.', 1770130690225, 'trabalho', 'suggested', 'manual', 1770821890225);
INSERT INTO ai_summaries (id, clinic_id, patient_id, appointment_id, content, suggested_questions, model, status, approved_content, approved_by, approved_at, created_at) VALUES ('adfbe374-1e12-4609-aab1-4ac1e0ff53cb', '00a53c0f-7baa-45b4-bea5-3159ed4e83ad', 'eb6dd42a-2606-4806-a230-d4da9d20ce92', NULL, 'Paciente em acompanhamento por luto pela perda de um familiar. Ao longo das sessões observa-se evolução gradual, com melhor manejo emocional e boa adesão às técnicas propostas. Recomenda-se manter o plano terapêutico atual.', '["Como você tem dormido esta semana?","O que funcionou melhor entre as estratégias que combinamos?","Houve algum gatilho importante desde a última sessão?"]', 'vinculo-ai', 'approved', NULL, '3385bafd-2b52-4729-809f-54d2043545f2', 1782140290225, 1781967490225);
INSERT INTO appointments (id, clinic_id, patient_id, psychologist_id, starts_at, ends_at, status, created_at) VALUES ('f7c3065d-7422-46e8-bb09-b4c1976d07d3', '00a53c0f-7baa-45b4-bea5-3159ed4e83ad', 'eb6dd42a-2606-4806-a230-d4da9d20ce92', '3385bafd-2b52-4729-809f-54d2043545f2', 1782313090225, 1782316090225, 'done', 1781794690225);
INSERT INTO appointments (id, clinic_id, patient_id, psychologist_id, starts_at, ends_at, status, created_at) VALUES ('88d04f3c-59c6-408b-a666-171fbcc82a24', '00a53c0f-7baa-45b4-bea5-3159ed4e83ad', 'eb6dd42a-2606-4806-a230-d4da9d20ce92', '3385bafd-2b52-4729-809f-54d2043545f2', 1782917890225, 1782920890225, 'no_show', 1782485890225);
INSERT INTO appointments (id, clinic_id, patient_id, psychologist_id, starts_at, ends_at, status, created_at) VALUES ('83eba30e-c940-42b2-a310-3e3cf64e2428', '00a53c0f-7baa-45b4-bea5-3159ed4e83ad', 'eb6dd42a-2606-4806-a230-d4da9d20ce92', '3385bafd-2b52-4729-809f-54d2043545f2', 1783609090225, 1784044090225, 'scheduled', 1783349890225);
INSERT INTO consents (id, clinic_id, patient_id, type, version, granted_at, ip, revoked_at, created_at) VALUES ('fe70b2cc-9d13-4e13-844e-ec3539dbc2b6', '00a53c0f-7baa-45b4-bea5-3159ed4e83ad', 'eb6dd42a-2606-4806-a230-d4da9d20ce92', 'general', '1.0', 1763477890223, '189.29.155.44', NULL, 1763477890223);
INSERT INTO consents (id, clinic_id, patient_id, type, version, granted_at, ip, revoked_at, created_at) VALUES ('f925f781-63ae-476e-b05b-830cb3c7cfe2', '00a53c0f-7baa-45b4-bea5-3159ed4e83ad', 'eb6dd42a-2606-4806-a230-d4da9d20ce92', 'ai', '1.0', 1763477890223, '189.227.119.245', NULL, 1763477890223);
INSERT INTO patients (id, clinic_id, psychologist_id, full_name, social_name, cpf, email, phone, whatsapp, birth_date, status, photo, profile, deleted_at, created_at) VALUES ('66021240-bfdd-4f82-b8ce-097e86a006bd', '00a53c0f-7baa-45b4-bea5-3159ed4e83ad', '1c2b3e6a-6d97-4ad5-9167-ccafd03a8006', 'Fernanda Ferreira Cardoso', NULL, '470.768.346-22', 'fernanda.4@email.com', '(78) 94378-9947', '(42) 94764-9107', 1232981890225, 'active', 'data:image/svg+xml;base64,PHN2ZyB4bWxucz0iaHR0cDovL3d3dy53My5vcmcvMjAwMC9zdmciIHZpZXdCb3g9IjAgMCAyODAgMjgwIiBmaWxsPSJub25lIiBzaGFwZS1yZW5kZXJpbmc9ImF1dG8iPjxtZXRhZGF0YSB4bWxuczpyZGY9Imh0dHA6Ly93d3cudzMub3JnLzE5OTkvMDIvMjItcmRmLXN5bnRheC1ucyMiIHhtbG5zOnhzaT0iaHR0cDovL3d3dy53My5vcmcvMjAwMS9YTUxTY2hlbWEtaW5zdGFuY2UiIHhtbG5zOmRjPSJodHRwOi8vcHVybC5vcmcvZGMvZWxlbWVudHMvMS4xLyIgeG1sbnM6ZGN0ZXJtcz0iaHR0cDovL3B1cmwub3JnL2RjL3Rlcm1zLyI+PHJkZjpSREY+PHJkZjpEZXNjcmlwdGlvbj48ZGM6dGl0bGU+QXZhdGFhYXJzPC9kYzp0aXRsZT48ZGM6Y3JlYXRvcj5QYWJsbyBTdGFubGV5PC9kYzpjcmVhdG9yPjxkYzpzb3VyY2UgeHNpOnR5cGU9ImRjdGVybXM6VVJJIj5odHRwczovL2F2YXRhYWFycy5jb20vPC9kYzpzb3VyY2U+PGRjdGVybXM6bGljZW5zZSB4c2k6dHlwZT0iZGN0ZXJtczpVUkkiPmh0dHBzOi8vYXZhdGFhYXJzLmNvbS88L2RjdGVybXM6bGljZW5zZT48ZGM6cmlnaHRzPlJlbWl4IG9mIOKAnkF2YXRhYWFyc+KAnSAoaHR0cHM6Ly9hdmF0YWFhcnMuY29tLykgYnkg4oCeUGFibG8gU3RhbmxleeKAnSwgbGljZW5zZWQgdW5kZXIg4oCeRnJlZSBmb3IgcGVyc29uYWwgYW5kIGNvbW1lcmNpYWwgdXNl4oCdIChodHRwczovL2F2YXRhYWFycy5jb20vKTwvZGM6cmlnaHRzPjwvcmRmOkRlc2NyaXB0aW9uPjwvcmRmOlJERj48L21ldGFkYXRhPjxtYXNrIGlkPSJ2aWV3Ym94TWFzayI+PHJlY3Qgd2lkdGg9IjI4MCIgaGVpZ2h0PSIyODAiIHJ4PSIxNDAiIHJ5PSIxNDAiIHg9IjAiIHk9IjAiIGZpbGw9IiNmZmYiIC8+PC9tYXNrPjxnIG1hc2s9InVybCgjdmlld2JveE1hc2spIj48cmVjdCBmaWxsPSIjZmZkZmJmIiB3aWR0aD0iMjgwIiBoZWlnaHQ9IjI4MCIgeD0iMCIgeT0iMCIgLz48ZyB0cmFuc2Zvcm09InRyYW5zbGF0ZSg4KSI+PHBhdGggZD0iTTEzMiAzNmE1NiA1NiAwIDAgMC01NiA1NnY2LjE3QTEyIDEyIDAgMCAwIDY2IDExMHYxNGExMiAxMiAwIDAgMCAxMC4zIDExLjg4IDU2LjA0IDU2LjA0IDAgMCAwIDMxLjcgNDQuNzN2MTguNGgtNGE3MiA3MiAwIDAgMC03MiA3MnY5aDIwMHYtOWE3MiA3MiAwIDAgMC03Mi03MmgtNHYtMTguMzlhNTYuMDQgNTYuMDQgMCAwIDAgMzEuNy00NC43M0ExMiAxMiAwIDAgMCAxOTggMTI0di0xNGExMiAxMiAwIDAgMC0xMC0xMS44M1Y5MmE1NiA1NiAwIDAgMC01Ni01NloiIGZpbGw9IiNlZGI5OGEiLz48cGF0aCBkPSJNMTA4IDE4MC42MXY4YTU1Ljc5IDU1Ljc5IDAgMCAwIDI0IDUuMzljOC41OSAwIDE2LjczLTEuOTMgMjQtNS4zOXYtOGE1NS43OSA1NS43OSAwIDAgMS0yNCA1LjM5IDU1Ljc5IDU1Ljc5IDAgMCAxLTI0LTUuMzlaIiBmaWxsPSIjMDAwIiBmaWxsLW9wYWNpdHk9Ii4xIi8+PGcgdHJhbnNmb3JtPSJ0cmFuc2xhdGUoMCAxNzApIj48cGF0aCBkPSJNMTMyLjUgNjUuODNjMjcuMzQgMCA0OS41LTEzLjIgNDkuNS0yOS40OCAwLTEuMzctLjE2LTIuNy0uNDYtNC4wMkE3Mi4wMyA3Mi4wMyAwIDAgMSAyMzIgMTAxLjA1VjExMEgzMnYtOC45NUE3Mi4wMyA3Mi4wMyAwIDAgMSA4My41MyAzMmExOCAxOCAwIDAgMC0uNTMgNC4zNWMwIDE2LjI4IDIyLjE2IDI5LjQ4IDQ5LjUgMjkuNDhaIiBmaWxsPSIjZmY0ODhlIi8+PC9nPjxnIHRyYW5zZm9ybT0idHJhbnNsYXRlKDc4IDEzNCkiPjxwYXRoIGZpbGwtcnVsZT0iZXZlbm9kZCIgY2xpcC1ydWxlPSJldmVub2RkIiBkPSJNMzQgMzAuNEMzNS4xNCAxOS45IDM4LjI0IDExIDU0IDExYzE1Ljc2IDAgMTguOTIgOC45NiAyMCAxOS41LjA4Ljg0LS44MyAxLjUtMS45NiAxLjUtNi42OSAwLTkuMzctMS41LTE4LjA1LTEuNS04LjcgMC0xMy4yNCAxLjUtMTcuOSAxLjUtMS4xNSAwLTIuMi0uNTUtMi4xLTEuNloiIGZpbGw9IiMwMDAiIGZpbGwtb3BhY2l0eT0iLjciLz48cGF0aCBkPSJNNjcuODYgMTUuMWMtLjguNTctMS44LjktMi44Ni45SDQ0Yy0xLjMgMC0yLjQ5LS41LTMuMzgtMS4zMUM0My41NiAxMi4zOCA0Ny44IDExIDU0IDExYzYuNTQgMCAxMC45IDEuNTQgMTMuODYgNC4xWiIgZmlsbD0iI2ZmZiIvPjxwYXRoIGQ9Ik00MiAyNWE2IDYgMCAwIDAtNiA2djdhNiA2IDAgMCAwIDEyIDB2LTJoLjA4YTYgNiAwIDAgMSAxMS44NCAwSDYwYTYgNiAwIDAgMCAxMiAwdi01YTYgNiAwIDAgMC02LTZINDJaIiBmaWxsPSIjN0JCMjRCIi8+PHBhdGggZD0iTTcyIDMxYTYgNiAwIDAgMC02LTZINDJhNiA2IDAgMCAwLTYgNnY2YTYgNiAwIDAgMCAxMiAwdi0yaC4wOGE2IDYgMCAwIDEgMTEuODQgMEg2MGE2IDYgMCAwIDAgMTIgMHYtNFoiIGZpbGw9IiM4OEM1NTMiLz48L2c+PGcgdHJhbnNmb3JtPSJ0cmFuc2xhdGUoMTA0IDEyMikiPjxwYXRoIGZpbGwtcnVsZT0iZXZlbm9kZCIgY2xpcC1ydWxlPSJldmVub2RkIiBkPSJNMTYgOGMwIDQuNDIgNS4zNyA4IDEyIDhzMTItMy41OCAxMi04IiBmaWxsPSIjMDAwIiBmaWxsLW9wYWNpdHk9Ii4xNiIvPjwvZz48ZyB0cmFuc2Zvcm09InRyYW5zbGF0ZSg3NiA5MCkiPjxnIGZpbGw9IiMwMDAiIGZpbGwtb3BhY2l0eT0iLjYiPjxwYXRoIGQ9Ik0zNiAyMmE2IDYgMCAxIDEtMTIgMCA2IDYgMCAwIDEgMTIgMFoiLz48cGF0aCBmaWxsLXJ1bGU9ImV2ZW5vZGQiIGNsaXAtcnVsZT0iZXZlbm9kZCIgZD0iTTcwLjYgMjQuOTZjMS41OS0zLjkyIDUuNTUtNi44NiAxMC4zNy03LjIgNC44LS4zMyA5LjEyIDIgMTEuMjQgNS42NC42MyAxLjA5LS4xIDIuMDYtLjkzIDEuNDMtMi42LTEuOTMtNi4xNS0zLTEwLTIuNzNBMTUuMTMgMTUuMTMgMCAwIDAgNzEuOTUgMjZjLS44NC43OC0xLjgxLjEtMS4zNS0xLjA0WiIvPjwvZz48L2c+PGcgdHJhbnNmb3JtPSJ0cmFuc2xhdGUoNzYgODIpIj48cGF0aCBkPSJNMzguNjYgMTEuMWMtNSAuMzUtOS45Mi4wOC0xNC45Mi0uMTMtMy44My0uMTYtNy43Mi0uNjgtMTEuMzcgMS4wMS0uNy4zMi00LjUzIDIuMjgtNC40NCAzLjM1LjA3Ljg1IDMuOTMgMi4yIDQuNjMgMi40NCAzLjY3IDEuMjkgNy4xOC45IDEwLjk1LjY2IDQuNjQtLjI3IDkuMjUtLjA3IDEzLjg3LS4yIDMuMTItLjEgNy45Mi0uNjMgOS40Ni00LjQuNDYtMS4xNC4xLTMuNDItLjM2LTQuNjYtLjE5LS41LS43Mi0uNjktMS4xMy0uNGExNS4wNCAxNS4wNCAwIDAgMS02LjY4IDIuMzJaTTczLjM0IDExLjFjNSAuMzUgOS45Mi4wOCAxNC45Mi0uMTMgMy44My0uMTYgNy43Mi0uNjggMTEuMzcgMS4wMS43LjMyIDQuNTMgMi4yOCA0LjQ0IDMuMzUtLjA3Ljg1LTMuOTMgMi4yLTQuNjMgMi40NC0zLjY3IDEuMjktNy4xOC45LTEwLjk1LjY2LTQuNjMtLjI3LTkuMjQtLjA3LTEzLjg2LS4yLTMuMTItLjEtNy45Mi0uNjMtOS40Ni00LjQtLjQ2LTEuMTQtLjEtMy40Mi4zNi00LjY2LjE4LS41LjcyLS42OSAxLjEzLS40YTE1LjA0IDE1LjA0IDAgMCAwIDYuNjggMi4zMloiIGZpbGwtcnVsZT0iZXZlbm9kZCIgY2xpcC1ydWxlPSJldmVub2RkIiBmaWxsPSIjMDAwIiBmaWxsLW9wYWNpdHk9Ii42Ii8+PC9nPjxnIHRyYW5zZm9ybT0idHJhbnNsYXRlKC0xKSI+PHBhdGggZD0iTTg2LjY3IDY4SDY0djExMi45MWE0LjA5IDQuMDkgMCAwIDAgNC4wOSA0LjEgMTguNTggMTguNTggMCAwIDAgMTguNTgtMTguNlY2OFpNMjAyIDY4aC0yMi42N3YxMTIuOTFhNC4wOSA0LjA5IDAgMCAwIDQuMDkgNC4xQTE4LjU4IDE4LjU4IDAgMCAwIDIwMiAxNjYuNFY2OFoiIGZpbGw9IiNGNEY0RjQiLz48cGF0aCBkPSJNNjMgNjRhNDQgNDQgMCAwIDEgNDQtNDRoNTJhNDQgNDQgMCAwIDEgNDQgNDR2MTA0LjZhMTYuNCAxNi40IDAgMCAxLTE2LjQgMTYuNGMtMS45OCAwLTMuNi0xLjYyLTMuNi0zLjZWNzRIODN2OTQuNkExNi40IDE2LjQgMCAwIDEgNjYuNiAxODVjLTEuOTkgMC0zLjYtMS42Mi0zLjYtMy42VjY0WiIgZmlsbD0iI2ZmZmZmZiIvPjxyZWN0IHg9Ijc0IiB5PSI1MiIgd2lkdGg9IjExOCIgaGVpZ2h0PSIzNiIgcng9IjgiIGZpbGw9IiMwMDAiIGZpbGwtb3BhY2l0eT0iLjEiLz48cmVjdCB4PSI3NCIgeT0iNTAiIHdpZHRoPSIxMTgiIGhlaWdodD0iMzYiIHJ4PSI4IiBmaWxsPSIjRjRGNEY0Ii8+PC9nPjxnIHRyYW5zZm9ybT0idHJhbnNsYXRlKDQ5IDcyKSI+PC9nPjxnIHRyYW5zZm9ybT0idHJhbnNsYXRlKDYyIDQyKSI+PC9nPjwvZz48L2c+PC9zdmc+', '{"personal":{"isChild":true,"sex":"Feminino","gender":"Mulher cisgênero","rg":"32.389.953-7","maritalStatus":"Solteiro(a)","profession":"Estudante","company":"Escola Municipal","education":"Ensino fundamental","address":"Rua Cardoso, 331","city":"Fortaleza","state":"CE","zip":"40926-426"},"clinical":{"complaint":"Ansiedade e crises de pânico","goals":"Reduzir a frequência das crises de ansiedade","suffering":"Leve","history":"Primeira experiência com terapia. Buscou ajuda por indicação médica.","priorDiagnoses":"Nenhum","priorTreatments":"Nenhum","psychiatric":"Em acompanhamento psiquiátrico","referrals":"—"},"health":{"depression":true,"anxiety":true,"tdah":false,"tag":false,"bipolar":false,"medications":"Escitalopram 10mg","diseases":"Hipotireoidismo","surgeries":"—","hospitalizations":"Não","familyHistory":"Sem histórico relevante"},"lifestyle":{"sleep":"Insônia frequente","diet":"Equilibrada","sports":"Sedentário","gym":"Não","alcohol":"Não","smoking":"Ex-fumante","drugs":"Não","religion":"Sem religião","spirituality":"Moderada"},"financial":{"situation":"Instável","income":"4 a 8 salários","work":"Não se aplica","ownHome":"Não","rent":"Sim","withFamily":"Sim","debt":"Endividado","car":"Sim","motorcycle":"Não"},"interests":{"hobbies":"Jardinagem","music":"Sertanejo","movies":"Documentários","books":"—","games":"—","tech":"Médio","social":"Pouco ativo"},"personality":{"introvert":false,"extrovert":false,"communicative":false,"reserved":false,"organized":false,"creative":false,"impulsive":false,"notes":"Dificuldade em pedir ajuda."},"relationships":{"family":"Distante","friends":"Rede sólida","romantic":"Solteiro(a)","work":"Tensa"}}', NULL, 1763823490225);
INSERT INTO sessions (id, clinic_id, patient_id, psychologist_id, occurred_at, duration_min, mood, emotional_scale, topics, objectives, techniques, evolution, next_steps, free_notes, created_at) VALUES ('78dd8d56-9bb9-4890-bfb7-d84d6a9f27aa', '00a53c0f-7baa-45b4-bea5-3159ed4e83ad', '66021240-bfdd-4f82-b8ce-097e86a006bd', '1c2b3e6a-6d97-4ad5-9167-ccafd03a8006', 1781017090225, 50, 'Angustiado(a)', 8, '["autoestima","rotina"]', 'Reorganizar a rotina e o autocuidado', 'Treino de habilidades sociais', 'Paciente demonstrou boa adesão às tarefas propostas.', 'Retomar atividade física gradualmente.', NULL, 1781017090225);
INSERT INTO sessions (id, clinic_id, patient_id, psychologist_id, occurred_at, duration_min, mood, emotional_scale, topics, objectives, techniques, evolution, next_steps, free_notes, created_at) VALUES ('a7198559-8f27-45aa-8623-0321480b6ea0', '00a53c0f-7baa-45b4-bea5-3159ed4e83ad', '66021240-bfdd-4f82-b8ce-097e86a006bd', '1c2b3e6a-6d97-4ad5-9167-ccafd03a8006', 1781708290225, 45, 'Motivado(a)', 5, '["lazer","autoestima","relacionamento"]', 'Aumentar a tolerância à frustração', 'Técnicas de mindfulness', 'Apresentou resistência inicial, mas engajou-se ao final da sessão.', 'Praticar respiração diafragmática 2x ao dia.', NULL, 1781708290225);
INSERT INTO sessions (id, clinic_id, patient_id, psychologist_id, occurred_at, duration_min, mood, emotional_scale, topics, objectives, techniques, evolution, next_steps, free_notes, created_at) VALUES ('9fe075d9-98e7-472d-a287-0d54e3904450', '00a53c0f-7baa-45b4-bea5-3159ed4e83ad', '66021240-bfdd-4f82-b8ce-097e86a006bd', '1c2b3e6a-6d97-4ad5-9167-ccafd03a8006', 1782053890226, 45, 'Deprimido(a)', 3, '["trabalho","saúde","lazer"]', 'Melhorar a qualidade do sono', 'Treino de habilidades sociais', 'Semana difícil, com aumento da sintomatologia ansiosa.', 'Praticar respiração diafragmática 2x ao dia.', NULL, 1782053890226);
INSERT INTO sessions (id, clinic_id, patient_id, psychologist_id, occurred_at, duration_min, mood, emotional_scale, topics, objectives, techniques, evolution, next_steps, free_notes, created_at) VALUES ('b2942724-2411-43c4-8104-5e19c6154aa7', '00a53c0f-7baa-45b4-bea5-3159ed4e83ad', '66021240-bfdd-4f82-b8ce-097e86a006bd', '1c2b3e6a-6d97-4ad5-9167-ccafd03a8006', 1782658690226, 50, 'Deprimido(a)', 8, '["ansiedade","trabalho"]', 'Desenvolver estratégias de enfrentamento', 'Respiração diafragmática', 'Paciente demonstrou boa adesão às tarefas propostas.', 'Registrar pensamentos automáticos em situações de gatilho.', 'Sessão produtiva. Manter plano terapêutico.', 1782658690226);
INSERT INTO timeline_events (id, clinic_id, patient_id, session_id, title, description, event_date, category, status, source, created_at) VALUES ('14d459e4-4166-4209-9b36-95350b6eda64', '00a53c0f-7baa-45b4-bea5-3159ed4e83ad', '66021240-bfdd-4f82-b8ce-097e86a006bd', 'b2942724-2411-43c4-8104-5e19c6154aa7', 'Conclusão de etapa', 'Trouxe avanços na aplicação das técnicas no dia a dia.', 1767452290226, 'pessoal', 'suggested', 'ai', 1779461890226);
INSERT INTO timeline_events (id, clinic_id, patient_id, session_id, title, description, event_date, category, status, source, created_at) VALUES ('45a32942-e75c-40ed-89a6-43dbf20e7d73', '00a53c0f-7baa-45b4-bea5-3159ed4e83ad', '66021240-bfdd-4f82-b8ce-097e86a006bd', NULL, 'Perda familiar', 'Trouxe avanços na aplicação das técnicas no dia a dia.', 1769525890226, 'trabalho', 'confirmed', 'ai', 1778079490226);
INSERT INTO timeline_events (id, clinic_id, patient_id, session_id, title, description, event_date, category, status, source, created_at) VALUES ('482f7ee0-1587-4d7a-8e90-e2bcac876dc1', '00a53c0f-7baa-45b4-bea5-3159ed4e83ad', '66021240-bfdd-4f82-b8ce-097e86a006bd', NULL, 'Perda familiar', 'Apresentou resistência inicial, mas engajou-se ao final da sessão.', 1781276290226, 'família', 'confirmed', 'manual', 1780585090226);
INSERT INTO timeline_events (id, clinic_id, patient_id, session_id, title, description, event_date, category, status, source, created_at) VALUES ('dae20439-19ff-496d-88d2-0dde40c3e435', '00a53c0f-7baa-45b4-bea5-3159ed4e83ad', '66021240-bfdd-4f82-b8ce-097e86a006bd', 'b2942724-2411-43c4-8104-5e19c6154aa7', 'Início do acompanhamento', 'Percebe-se maior consciência emocional e vocabulário afetivo.', 1768748290226, 'família', 'confirmed', 'manual', 1776869890226);
INSERT INTO ai_summaries (id, clinic_id, patient_id, appointment_id, content, suggested_questions, model, status, approved_content, approved_by, approved_at, created_at) VALUES ('0d43a832-04b3-4bae-a42a-aaa45f87e329', '00a53c0f-7baa-45b4-bea5-3159ed4e83ad', '66021240-bfdd-4f82-b8ce-097e86a006bd', NULL, 'Paciente em acompanhamento por sintomas depressivos e desânimo. Ao longo das sessões observa-se evolução gradual, com melhor manejo emocional e boa adesão às técnicas propostas. Recomenda-se manter o plano terapêutico atual.', '["Como você tem dormido esta semana?","O que funcionou melhor entre as estratégias que combinamos?","Houve algum gatilho importante desde a última sessão?"]', 'vinculo-ai', 'approved', NULL, '1c2b3e6a-6d97-4ad5-9167-ccafd03a8006', 1783090690226, 1782313090226);
INSERT INTO appointments (id, clinic_id, patient_id, psychologist_id, starts_at, ends_at, status, created_at) VALUES ('f8570a46-cab2-499c-a64e-1b77f2a38d71', '00a53c0f-7baa-45b4-bea5-3159ed4e83ad', '66021240-bfdd-4f82-b8ce-097e86a006bd', '1c2b3e6a-6d97-4ad5-9167-ccafd03a8006', 1782313090226, 1782316090226, 'done', 1781794690226);
INSERT INTO appointments (id, clinic_id, patient_id, psychologist_id, starts_at, ends_at, status, created_at) VALUES ('4aae1faa-6842-47f3-aa5f-31419387bda8', '00a53c0f-7baa-45b4-bea5-3159ed4e83ad', '66021240-bfdd-4f82-b8ce-097e86a006bd', '1c2b3e6a-6d97-4ad5-9167-ccafd03a8006', 1782917890226, 1782920890226, 'no_show', 1782485890226);
INSERT INTO appointments (id, clinic_id, patient_id, psychologist_id, starts_at, ends_at, status, created_at) VALUES ('ff2bacfb-536f-4d8f-a91a-3b57d14d7987', '00a53c0f-7baa-45b4-bea5-3159ed4e83ad', '66021240-bfdd-4f82-b8ce-097e86a006bd', '1c2b3e6a-6d97-4ad5-9167-ccafd03a8006', 1784473090226, 1783698490226, 'scheduled', 1783349890226);
INSERT INTO consents (id, clinic_id, patient_id, type, version, granted_at, ip, revoked_at, created_at) VALUES ('fa03fd77-f98e-419f-9164-774064ec3f5a', '00a53c0f-7baa-45b4-bea5-3159ed4e83ad', '66021240-bfdd-4f82-b8ce-097e86a006bd', 'general', '1.0', 1763823490225, '189.191.37.248', NULL, 1763823490225);
INSERT INTO consents (id, clinic_id, patient_id, type, version, granted_at, ip, revoked_at, created_at) VALUES ('ea54a6a5-d27e-47c9-b759-6b3ee1712fc3', '00a53c0f-7baa-45b4-bea5-3159ed4e83ad', '66021240-bfdd-4f82-b8ce-097e86a006bd', 'ai', '1.0', 1763823490225, '189.149.201.7', NULL, 1763823490225);
INSERT INTO patients (id, clinic_id, psychologist_id, full_name, social_name, cpf, email, phone, whatsapp, birth_date, status, photo, profile, deleted_at, created_at) VALUES ('bdd1f35a-50c7-4483-9da8-c4b91047f5bd', '00a53c0f-7baa-45b4-bea5-3159ed4e83ad', '3385bafd-2b52-4729-809f-54d2043545f2', 'Juliana Ferreira Ferreira', NULL, '380.698.705-93', 'juliana.5@email.com', '(71) 98501-1063', '(20) 97130-5024', 1358002690226, 'active', 'data:image/svg+xml;base64,PHN2ZyB4bWxucz0iaHR0cDovL3d3dy53My5vcmcvMjAwMC9zdmciIHZpZXdCb3g9IjAgMCAyODAgMjgwIiBmaWxsPSJub25lIiBzaGFwZS1yZW5kZXJpbmc9ImF1dG8iPjxtZXRhZGF0YSB4bWxuczpyZGY9Imh0dHA6Ly93d3cudzMub3JnLzE5OTkvMDIvMjItcmRmLXN5bnRheC1ucyMiIHhtbG5zOnhzaT0iaHR0cDovL3d3dy53My5vcmcvMjAwMS9YTUxTY2hlbWEtaW5zdGFuY2UiIHhtbG5zOmRjPSJodHRwOi8vcHVybC5vcmcvZGMvZWxlbWVudHMvMS4xLyIgeG1sbnM6ZGN0ZXJtcz0iaHR0cDovL3B1cmwub3JnL2RjL3Rlcm1zLyI+PHJkZjpSREY+PHJkZjpEZXNjcmlwdGlvbj48ZGM6dGl0bGU+QXZhdGFhYXJzPC9kYzp0aXRsZT48ZGM6Y3JlYXRvcj5QYWJsbyBTdGFubGV5PC9kYzpjcmVhdG9yPjxkYzpzb3VyY2UgeHNpOnR5cGU9ImRjdGVybXM6VVJJIj5odHRwczovL2F2YXRhYWFycy5jb20vPC9kYzpzb3VyY2U+PGRjdGVybXM6bGljZW5zZSB4c2k6dHlwZT0iZGN0ZXJtczpVUkkiPmh0dHBzOi8vYXZhdGFhYXJzLmNvbS88L2RjdGVybXM6bGljZW5zZT48ZGM6cmlnaHRzPlJlbWl4IG9mIOKAnkF2YXRhYWFyc+KAnSAoaHR0cHM6Ly9hdmF0YWFhcnMuY29tLykgYnkg4oCeUGFibG8gU3RhbmxleeKAnSwgbGljZW5zZWQgdW5kZXIg4oCeRnJlZSBmb3IgcGVyc29uYWwgYW5kIGNvbW1lcmNpYWwgdXNl4oCdIChodHRwczovL2F2YXRhYWFycy5jb20vKTwvZGM6cmlnaHRzPjwvcmRmOkRlc2NyaXB0aW9uPjwvcmRmOlJERj48L21ldGFkYXRhPjxtYXNrIGlkPSJ2aWV3Ym94TWFzayI+PHJlY3Qgd2lkdGg9IjI4MCIgaGVpZ2h0PSIyODAiIHJ4PSIxNDAiIHJ5PSIxNDAiIHg9IjAiIHk9IjAiIGZpbGw9IiNmZmYiIC8+PC9tYXNrPjxnIG1hc2s9InVybCgjdmlld2JveE1hc2spIj48cmVjdCBmaWxsPSIjZmZkZmJmIiB3aWR0aD0iMjgwIiBoZWlnaHQ9IjI4MCIgeD0iMCIgeT0iMCIgLz48ZyB0cmFuc2Zvcm09InRyYW5zbGF0ZSg4KSI+PHBhdGggZD0iTTEzMiAzNmE1NiA1NiAwIDAgMC01NiA1NnY2LjE3QTEyIDEyIDAgMCAwIDY2IDExMHYxNGExMiAxMiAwIDAgMCAxMC4zIDExLjg4IDU2LjA0IDU2LjA0IDAgMCAwIDMxLjcgNDQuNzN2MTguNGgtNGE3MiA3MiAwIDAgMC03MiA3MnY5aDIwMHYtOWE3MiA3MiAwIDAgMC03Mi03MmgtNHYtMTguMzlhNTYuMDQgNTYuMDQgMCAwIDAgMzEuNy00NC43M0ExMiAxMiAwIDAgMCAxOTggMTI0di0xNGExMiAxMiAwIDAgMC0xMC0xMS44M1Y5MmE1NiA1NiAwIDAgMC01Ni01NloiIGZpbGw9IiNmOGQyNWMiLz48cGF0aCBkPSJNMTA4IDE4MC42MXY4YTU1Ljc5IDU1Ljc5IDAgMCAwIDI0IDUuMzljOC41OSAwIDE2LjczLTEuOTMgMjQtNS4zOXYtOGE1NS43OSA1NS43OSAwIDAgMS0yNCA1LjM5IDU1Ljc5IDU1Ljc5IDAgMCAxLTI0LTUuMzlaIiBmaWxsPSIjMDAwIiBmaWxsLW9wYWNpdHk9Ii4xIi8+PGcgdHJhbnNmb3JtPSJ0cmFuc2xhdGUoMCAxNzApIj48cGF0aCBkPSJNMTMyLjUgNjUuODNjMjcuMzQgMCA0OS41LTEzLjIgNDkuNS0yOS40OCAwLTEuMzctLjE2LTIuNy0uNDYtNC4wMkE3Mi4wMyA3Mi4wMyAwIDAgMSAyMzIgMTAxLjA1VjExMEgzMnYtOC45NUE3Mi4wMyA3Mi4wMyAwIDAgMSA4My41MyAzMmExOCAxOCAwIDAgMC0uNTMgNC4zNWMwIDE2LjI4IDIyLjE2IDI5LjQ4IDQ5LjUgMjkuNDhaIiBmaWxsPSIjZmY0ODhlIi8+PC9nPjxnIHRyYW5zZm9ybT0idHJhbnNsYXRlKDc4IDEzNCkiPjxwYXRoIGZpbGwtcnVsZT0iZXZlbm9kZCIgY2xpcC1ydWxlPSJldmVub2RkIiBkPSJNNDAuMDYgMjcuNzJDNDAuNyAyMC43IDQ2LjcgMTYgNTQgMTZjNy4zNCAwIDEzLjM2IDQuNzUgMTMuOTUgMTEuODUuMDMuMzgtLjg3LjY3LTEuMzIuNDUtNS41NC0yLjc3LTkuNzUtNC4xNi0xMi42My00LjE2LTIuODQgMC03IDEuMzYtMTIuNDUgNC4wNy0uNS4yNS0xLjUzLS4wNy0xLjUtLjQ5WiIgZmlsbD0iIzAwMCIgZmlsbC1vcGFjaXR5PSIuNyIvPjwvZz48ZyB0cmFuc2Zvcm09InRyYW5zbGF0ZSgxMDQgMTIyKSI+PHBhdGggZmlsbC1ydWxlPSJldmVub2RkIiBjbGlwLXJ1bGU9ImV2ZW5vZGQiIGQ9Ik0xNiA4YzAgNC40MiA1LjM3IDggMTIgOHMxMi0zLjU4IDEyLTgiIGZpbGw9IiMwMDAiIGZpbGwtb3BhY2l0eT0iLjE2Ii8+PC9nPjxnIHRyYW5zZm9ybT0idHJhbnNsYXRlKDc2IDkwKSI+PHBhdGggZD0iTTM0LjUgMzAuNyAyOSAyNS4ybC01LjUgNS41Yy0uNC40LTEuMS40LTEuNiAwbC0xLjYtMS42Yy0uNC0uNC0uNC0xLjEgMC0xLjZsNS41LTUuNS01LjUtNS41Yy0uNC0uNS0uNC0xLjIgMC0xLjZsMS42LTEuNmMuNC0uNCAxLjEtLjQgMS42IDBsNS41IDUuNSA1LjUtNS41Yy40LS40IDEuMS0uNCAxLjYgMGwxLjYgMS42Yy40LjQuNCAxLjEgMCAxLjZMMzIuMiAyMmw1LjUgNS41Yy40LjQuNCAxLjEgMCAxLjZsLTEuNiAxLjZjLS40LjQtMS4xLjQtMS42IDBaTTg4LjUgMzAuNyA4MyAyNS4ybC01LjUgNS41Yy0uNC40LTEuMS40LTEuNiAwbC0xLjYtMS42Yy0uNC0uNC0uNC0xLjEgMC0xLjZsNS41LTUuNS01LjUtNS41Yy0uNC0uNS0uNC0xLjIgMC0xLjZsMS42LTEuNmMuNC0uNCAxLjEtLjQgMS42IDBsNS41IDUuNSA1LjUtNS41Yy40LS40IDEuMS0uNCAxLjYgMGwxLjYgMS42Yy40LjQuNCAxLjEgMCAxLjZMODYuMiAyMmw1LjUgNS41Yy40LjQuNCAxLjEgMCAxLjZsLTEuNiAxLjZjLS40LjQtMS4xLjQtMS42IDBaIiBmaWxsPSIjMDAwIiBmaWxsLW9wYWNpdHk9Ii42Ii8+PC9nPjxnIHRyYW5zZm9ybT0idHJhbnNsYXRlKDc2IDgyKSI+PHBhdGggZD0iTTE1Ljk4IDE3LjEzQzE3LjQ4IDcuNiAzMC4wNiAxLjEgMzkuMTYgNS4zYTIgMiAwIDEgMCAxLjY4LTMuNjNjLTExLjUtNS4zLTI2LjkgMi42Ni0yOC44MiAxNC44NGEyIDIgMCAwIDAgMy45Ni42M1pNOTYuMDIgMTcuMTNDOTQuNTIgNy42IDgxLjk0IDEuMSA3Mi44NCA1LjNhMiAyIDAgMSAxLTEuNjgtMy42M2MxMS41LTUuMyAyNi45IDIuNjYgMjguODIgMTQuODRhMiAyIDAgMCAxLTMuOTYuNjNaIiBmaWxsPSIjMDAwIiBmaWxsLW9wYWNpdHk9Ii42Ii8+PC9nPjxnIHRyYW5zZm9ybT0idHJhbnNsYXRlKC0xKSI+PHBhdGggZD0iTTc3IDk4LjE3di0uMjNsLjA4LjA2YzEuNy0yNy40NSAxNy44NC0zMy4yIDMyLjUxLTM4LjQxIDEwLjUzLTMuNzUgMjAuMy03LjIyIDIzLjQtMTguMjUgMy4xMiAxMS4wMyAxMi44OSAxNC41IDIzLjQyIDE4LjI1IDE0LjY3IDUuMjIgMzAuODIgMTAuOTYgMzIuNSAzOC40MWwuMS0uMDZ2LjIzYTEyIDEyIDAgMCAxIDkuODggMTAuMjIgMTYuNDMgMTYuNDMgMCAwIDAgMi45Ny0xNi45MiAxNi40OSAxNi40OSAwIDAgMC0yLjQ2LTI1Ljg2IDE2LjUgMTYuNSAwIDAgMC0xMC42Mi0yMy4wNCAyMC41IDIwLjUgMCAwIDAtMjcuNzMtMjIuMTZBMjAuNDcgMjAuNDcgMCAwIDAgMTMzIDE1LjUyYTIwLjQ3IDIwLjQ3IDAgMCAwLTI4LjA1IDQuODcgMjAuNSAyMC41IDAgMCAwLTI3LjczIDIyLjE2QTE2LjUgMTYuNSAwIDAgMCA2Ni4yIDY0LjdhMTYuNSAxNi41IDAgMCAwLTIuNTEgMjguMDcgMTYuNSAxNi41IDAgMCAwIDMuNCAxNS42MkExMiAxMiAwIDAgMSA3NyA5OC4xN1pNNzcuMiAxMzQuODdjLTMuODUtLjU4LTcuMTEtMy04Ljg1LTYuMzRhMTYuNSAxNi41IDAgMCAwIDguMiAyNS43MSAxNi41MiAxNi41MiAwIDAgMCAxNC43NiAyMC43MkExNi41IDE2LjUgMCAwIDAgMTA5IDE4NC44di00LjJhNTYuMDMgNTYuMDMgMCAwIDEtMzEuOC00NS43NFpNMTU3IDE4MC42MXY0LjJhMTYuNSAxNi41IDAgMCAwIDE3LjY5LTkuODUgMTYuNSAxNi41IDAgMCAwIDE0Ljc2LTIwLjcxIDE2LjUgMTYuNSAwIDAgMCA4LjItMjUuNzJjLTEuNzQgMy4zNC01IDUuNzYtOC44NiA2LjM0QTU2LjAzIDU2LjAzIDAgMCAxIDE1NyAxODAuNloiIGZpbGw9IiNlOGUxZTEiLz48cGF0aCBmaWxsLXJ1bGU9ImV2ZW5vZGQiIGNsaXAtcnVsZT0iZXZlbm9kZCIgZD0iTTE3MC4xMiAyOC4zNmMtLjQuMTItLjc3LjI3LTEuMTMuNDUtLjE3LS41LS4zOC0xLS42Mi0xLjQ4IDMuNzItMy42MyA1LjI1LTkuNTQgNS4yNS05LjU0cy0xLjE2LjItMy4xLjY0Yy0uMjcuMDQtMy43OC42LTguMjQgMi4zMS0uOC0uNTgtMS41NC0xLjA0LTIuMS0xLjM4LjUyLTIuOTMgMS42OC0xMi41Ni00LjQ2LTE2LjExLTYuMS0zLjU0LTEzLjggMi4yLTE2LjEyIDQuMTRsLS43LS40MmMtMy4wNy0xLjc3LTEwLjc3LTUuMzUtMTYuMDUtLjIzLTUuNjQgNS40Ni0yLjMxIDE0LTEuMDQgMTYuN2wtLjU1LjUzYTcuMTQgNy4xNCAwIDAgMC04LjE3LTEuNjNsLTIuMTMuOTMtMS4zOC0xLjg4YTcuMjQgNy4yNCAwIDAgMC04LjI5LTIuNTRjLTIuNjkuOTQtNC40OSAzLjItNC44IDYuMDVsLS4yNiAyLjMyLTIuMzIuMjVhNy4xMiA3LjEyIDAgMCAwLTYuMDUgNC44MSA3LjIyIDcuMjIgMCAwIDAgLjgzIDYuNTMgNC4yIDQuMiAwIDAgMC0yLjc0LjA2Yy4yNy0uNC40OC0uNzcuNTktMS4xM2E1LjIgNS4yIDAgMCAwLTkuOTUtMy4wNGMtLjEuMzYtLjE1LjgtLjE0IDEuMjctLjMtLjM4LS41OS0uNy0uOS0uOTFhNS4yIDUuMiAwIDAgMC01Ljk2IDguNTJjLjMuMjEuNy4zOCAxLjE2LjUzLS40NS4xNS0uODQuMzQtMS4xNC41NmE1LjE3IDUuMTcgMCAwIDAtMS4wMiA3LjI5IDUuMTYgNS4xNiAwIDAgMCA3LjI4IDEuMDJjLjMtLjIyLjU4LS41NS44Ni0uOTMgMCAuNDcuMDcuOS4xOSAxLjI1YTUuMiA1LjIgMCAwIDAgOS44My0zLjM5IDQuMjMgNC4yMyAwIDAgMC0uNjItMS4xYy40NS4xNS44OC4yMiAxLjI1LjIyYTUuMTggNS4xOCAwIDAgMCAzLjM2LTEuMzIgNy4yIDcuMiAwIDAgMCAyLjEzIDQuNDQgNy4xNSA3LjE1IDAgMCAwIDguMDYgMS41MmwyLjEzLS45MyAxLjM4IDEuODhjLjI5LjM4LjYuNzQuOTQgMS4wNS0uNTIuNTEtMS4wNiAxLTEuNjQgMS40NC0uNDctLjMtMS4xMi0uNy0xLjkyLTEuMDZhMTEuOTggMTEuOTggMCAwIDAtMTMuMjUgMS44MkM4NC42MiA2MS40NiA4MyA2Ny43IDgzIDY3LjdzNy4zNyA0LjE3IDE1LjI2LjQyYzUuOS0yLjggNi41My03LjIyIDYuNDgtOS4yNi43OC0uNjQgMS41NC0xLjMzIDIuMjYtMi4wN2E3LjI3IDcuMjcgMCAwIDAgNS43Mi4zNiA3LjEyIDcuMTIgMCAwIDAgNC44LTYuMDVsLjI2LTIuMzIgMi4zMi0uMjZhNy4xMSA3LjExIDAgMCAwIDUuMy0zLjI0YzIuNTcuMzIgNC45Ny4xMyA2LjItLjAxLjk5IDEuODggMy44MiA2LjcxIDcuODggOS4wNmE5LjEgOS4xIDAgMCAwIDUuMDcgMS4zM2M2LjktLjM2IDkuOTItMTAgMTAuNjctMTIuOTIuNjQtLjA5IDEuNi0uMjQgMi43MS0uNTFhNy4zNiA3LjM2IDAgMCAwIC4xNSA4LjI1IDcuNCA3LjQgMCAwIDAgNS45MyAzLjE2Yy41MyAwIDEuMTQtLjEgMS43OC0uMy0uNC41NS0uNyAxLjA3LS44OCAxLjU4YTcuNCA3LjQgMCAwIDAgMTMuNjUgNS42NWwuMzQuNjJjLS43MSAxLjQ4LTMuOCA4Ljk2IDUuNTMgMTIuMzYgNi43NyAyLjQ2IDEzLjQ1LTEuMTUgMTMuNS0xLjE3IDAgMC0yLjA3LTkuNDgtOS40Ni0xMi41NWE3LjM4IDcuMzggMCAwIDAgMy43LTcuNSA3LjM1IDcuMzUgMCAwIDAtMi44Ny00Ljg3IDYuMDUgNi4wNSAwIDAgMC0xLjYyLS44Yy42NC0uMjEgMS4yMS0uNDUgMS42NS0uNzZhNy40IDcuNCAwIDAgMC04LjUtMTIuMTJjLS40My4zLS44NS43Ni0xLjI2IDEuMyAwLS42OC0uMDUtMS4zLS4yLTEuODFhNy4zNSA3LjM1IDAgMCAwLTMuNi00LjM3IDcuMzYgNy4zNiAwIDAgMC01LjY1LS41NFptLTQuMDggMTAuODRhOC4yIDguMiAwIDAgMC0uNzMtLjIybC40LS4zYy4xLjE3LjIuMzQuMzMuNTJabTE0LjM1IDIwLjA4LjQ4LjMzYy0uMzYuMTctLjY3LjM1LS45My41Mi0uMzMtLjYtLjYtMS4xNS0uOC0xLjY1LjAyLS4xNy4wMy0uMzUuMDMtLjUzYTYgNiAwIDAgMCAxLjIyIDEuMzNaTTkyLjIgNDIuMTJsLS4xMi0uMzIuMi4xNS0uMDguMTdaIiBmaWxsPSIjMDAwIiBmaWxsLW9wYWNpdHk9Ii4yIi8+PHBhdGggZD0iTTE3OS4wMyA1OC45NHMtNC45OCA4LjgzIDUuNCAxMi42YzYuOCAyLjQ4IDEzLjUtMS4xNiAxMy41LTEuMTZzLTIuMTYtOS45LTkuOTctMTIuNzVjLTYuMS0yLjIyLTguOTMgMS4zLTguOTMgMS4zWiIgZmlsbD0iIzVERDM2MiIvPjxwYXRoIGQ9Ik0xOTcuOTMgNzAuMzhzLTIuMTYtOS45LTkuOTctMTIuNzVjLTQuMDctMS40OC02LjctLjM5LTguMDIuNS0xLjM2LTIuNC0xLjQ3LTQuMTgtMS40NS00LjI1LjAzLS4zLS4yLS41My0uNDYtLjYzLS4wNy0uMDItLjItLjA3LS4zLS4wMy0uMzkuMDEtLjY3LjM3LS42Ni43NSAwIC4yMy4zNSA0LjU0IDQuNjMgOC44MyA2LjA1IDYuNiAxNi4yMyA3LjU4IDE2LjIzIDcuNThaIiBmaWxsPSIjNDJCQzUzIi8+PHBhdGggZmlsbC1ydWxlPSJldmVub2RkIiBjbGlwLXJ1bGU9ImV2ZW5vZGQiIGQ9Ik0xNjYuMjIgMjdjNS4yOC0zLjA2IDcuNC0xMS4yIDcuNC0xMS4ycy03LjM4LTQuMTgtMTUuMjYtLjQzYy03Ljg5IDMuNzQtNi4zNyAxMC4zNy02LjM3IDEwLjM3czYuNjEgNS42NSAxNC4yMyAxLjI1WiIgZmlsbD0iIzVERDM2MiIvPjxwYXRoIGZpbGwtcnVsZT0iZXZlbm9kZCIgY2xpcC1ydWxlPSJldmVub2RkIiBkPSJNMTQ4IDI5LjQzYy4wNS4wOC4xLjE3LjI0LjIuNDIuMzQgMS4wOS4zIDEuNDItLjEyYTIzLjY4IDIzLjY4IDAgMCAxIDMuMjYtMy4xNWMxLjk3IDEuNDEgNy4zMyA0LjEgMTMuMy42NCA1LjI4LTMuMDYgNy40LTExLjIgNy40LTExLjJzLTEuMTYuMi0zLjEuNjNjLS41NC4wNy0xNC4zOCAyLjMtMjIuMzYgMTEuODdhLjk2Ljk2IDAgMCAwLS4xNiAxLjEzWiIgZmlsbD0iIzQyQkM1MyIvPjxwYXRoIGZpbGwtcnVsZT0iZXZlbm9kZCIgY2xpcC1ydWxlPSJldmVub2RkIiBkPSJNOTAuNCA1NC41Qzg1LjEgNTcuNTUgODMgNjUuNyA4MyA2NS43czcuMzcgNC4xNyAxNS4yNi40MmM3Ljg4LTMuNzQgNi4zNi0xMC4zNyA2LjM2LTEwLjM3cy02LjYtNS42NS0xNC4yMy0xLjI1WiIgZmlsbD0iIzVERDM2MiIvPjxwYXRoIGZpbGwtcnVsZT0iZXZlbm9kZCIgY2xpcC1ydWxlPSJldmVub2RkIiBkPSJNMTA4LjYxIDUyLjA2Yy0uMDUtLjA4LS4xLS4xNy0uMjMtLjItLjQyLS4zNC0xLjEtLjMtMS40My4xMmEyMy42IDIzLjYgMCAwIDEtMy4yNiAzLjE2Yy0xLjk3LTEuNDEtNy4zMi00LjEtMTMuMy0uNjQtNS4yOCAzLjA1LTcuNCAxMS4yLTcuNCAxMS4yczEuMTYtLjIgMy4xLS42NGMuNTQtLjA3IDE0LjM5LTIuMyAyMi4zNy0xMS44Ny4zLS4zLjM1LS44LjE1LTEuMTRaIiBmaWxsPSIjNDJCQzUzIi8+PHBhdGggZD0iTTY4LjU4IDQ5Ljk2YTUuMTcgNS4xNyAwIDAgMSAxLjAyLTcuMjljLjMtLjIyLjctLjQgMS4xNC0uNTZhNC4yNiA0LjI2IDAgMCAxLTEuMTYtLjUzIDUuMiA1LjIgMCAwIDEgNS45Ni04LjUyYy4zMS4yMS42LjUzLjkuOTEgMC0uNDcuMDMtLjkuMTQtMS4yN2E1LjE2IDUuMTYgMCAwIDEgNi41LTMuNDUgNS4yIDUuMiAwIDAgMSAzLjQ1IDYuNWMtLjExLjM1LS4zMi43My0uNTkgMS4xMi40NS0uMTUuODctLjI0IDEuMjUtLjI1YTUuMiA1LjIgMCAwIDEgLjE4IDEwLjRjLS4zNyAwLS44LS4wNy0xLjI1LS4yLjI4LjM3LjUuNzQuNjIgMS4xYTUuMiA1LjIgMCAxIDEtOS44MyAzLjM4IDQuMjMgNC4yMyAwIDAgMS0uMi0xLjI1Yy0uMjcuMzgtLjU1LjctLjg1LjkzYTUuMTcgNS4xNyAwIDAgMS03LjI4LTEuMDJaIiBmaWxsPSIjNEFDQUQzIi8+PHBhdGggZmlsbC1ydWxlPSJldmVub2RkIiBjbGlwLXJ1bGU9ImV2ZW5vZGQiIGQ9Ik04MS44MiAzNy42NGExLjQ0IDEuNDQgMCAxIDAtMi43Ni0uODRjLS4yMy43Ni4yMyA0LjE4LjIzIDQuMThzMi4zLTIuNTggMi41My0zLjM0Wm0yLjI0IDUuOGExLjQ0IDEuNDQgMCAxIDAtLjA1LTIuOWMtLjguMDItMy45IDEuNTItMy45IDEuNTJzMy4xNiAxLjQgMy45NSAxLjM4Wm0tNi4wNS0yLjAycy0xLjc0LTIuOTgtMi40LTMuNDRhMS40NCAxLjQ0IDAgMSAwLTEuNjUgMi4zN2MuNjUuNDUgNC4wNSAxLjA3IDQuMDUgMS4wN1ptMy4wNyA2Ljg0YTEuNDQgMS40NCAwIDAgMCAuOS0xLjg0Yy0uMjYtLjc1LTIuNjUtMy4yNS0yLjY1LTMuMjVzLS4zNSAzLjQ0LS4wOSA0LjJhMS40NCAxLjQ0IDAgMCAwIDEuODQuODlabS01LjMyLTEuOTZjLjY0LS40OCAyLjI3LTMuNTIgMi4yNy0zLjUycy0zLjM3LjczLTQgMS4yYTEuNDQgMS40NCAwIDEgMCAxLjczIDIuMzJaIiBmaWxsPSIjZmZmIi8+PHBhdGggZD0ibTExNy41MyA0OS4xLjI1LTIuMzIgMi4zMi0uMjZhNy4xMiA3LjEyIDAgMCAwIDYuMDUtNC44IDcuMjMgNy4yMyAwIDAgMC0yLjU1LTguMjlsLTEuODctMS4zOC45My0yLjEzYzEuMjMtMi44LjY1LTUuOS0xLjUyLTguMDZhNy4xNCA3LjE0IDAgMCAwLTguMDYtMS41MmwtMi4xMy45My0xLjM4LTEuODhhNy4yNCA3LjI0IDAgMCAwLTguMjktMi41NGMtMi42OS45NC00LjQ5IDMuMi00LjggNi4wNWwtLjI2IDIuMzItMi4zMi4yNWE3LjEyIDcuMTIgMCAwIDAtNi4wNSA0LjgxIDcuMiA3LjIgMCAwIDAgMS42NyA3LjUzYy4yNy4yNy41Ni41Mi44Ny43NmwxLjg4IDEuMzgtLjkzIDIuMTNhNy4xNSA3LjE1IDAgMCAwIDEuNTIgOC4wNiA3LjE1IDcuMTUgMCAwIDAgOC4wNiAxLjUybDIuMTMtLjkzIDEuMzggMS44OGE3LjIzIDcuMjMgMCAwIDAgOC4yOSAyLjU0IDcuMTIgNy4xMiAwIDAgMCA0LjgtNi4wNVoiIGZpbGw9IiNGREI1OTkiLz48cGF0aCBmaWxsLXJ1bGU9ImV2ZW5vZGQiIGNsaXAtcnVsZT0iZXZlbm9kZCIgZD0iTTEwOS44OCA0MS4yYTEuNDQgMS40NCAwIDEgMS0yLjc4Ljc0Yy0uMi0uNzctLjEtNS45NC0uMS01Ljk0cy0yLjUgNC41My0zLjA2IDUuMWExLjQ0IDEuNDQgMCAwIDEtMi4wMy0yLjA1Yy41Ni0uNTYgNS4xLTMuMDUgNS4xLTMuMDVzLTUuMTcuMS01Ljk0LS4xYTEuNDQgMS40NCAwIDAgMSAuNzUtMi43OGMuNzcuMiA1LjE5IDIuODggNS4xOSAyLjg4cy0yLjY4LTQuNDItMi44OC01LjJhMS40NCAxLjQ0IDAgMSAxIDIuNzgtLjc0Yy4yLjc3LjEgNS45NC4xIDUuOTRzMi41LTQuNTMgMy4wNS01LjFhMS40NCAxLjQ0IDAgMCAxIDIuMDQgMi4wNWMtLjU2LjU2LTUuMSAzLjA1LTUuMSAzLjA1czUuMTctLjEgNS45NC4xYTEuNDQgMS40NCAwIDEgMS0uNzUgMi43OEMxMTEuNDIgMzguNjggMTA3IDM2IDEwNyAzNnMyLjY3IDQuNDIgMi44OCA1LjJaIiBmaWxsPSIjZmZmIi8+PHBhdGggZD0iTTE5MC43NiA1NS44MmE3LjM2IDcuMzYgMCAwIDAtMS40Ni0xMC4zNiA2LjA2IDYuMDYgMCAwIDAtMS42Mi0uOGMuNjQtLjIxIDEuMjEtLjQ1IDEuNjUtLjc2YTcuNCA3LjQgMCAwIDAtOC41LTEyLjEyYy0uNDMuMy0uODUuNzUtMS4yNiAxLjMgMC0uNjgtLjA1LTEuMy0uMi0xLjgxYTcuMzUgNy4zNSAwIDAgMC0zLjYtNC4zNyA3LjQgNy40IDAgMCAwLTEwLjU1IDguN2MuMTUuNS40NCAxLjA0LjgyIDEuNmE2IDYgMCAwIDAtMS43Ny0uMzYgNy40IDcuNCAwIDAgMC0uMjYgMTQuOGMuNTMgMCAxLjE0LS4xIDEuNzgtLjMtLjQuNTUtLjcgMS4wNy0uODggMS41OGE3LjQgNy40IDAgMCAwIDE0IDQuODEgNiA2IDAgMCAwIC4yNi0xLjc4Yy40LjU1LjggMSAxLjIyIDEuMzNhNy4zNSA3LjM1IDAgMCAwIDUuNDkgMS40MiA3LjM1IDcuMzUgMCAwIDAgNC44OC0yLjg4WiIgZmlsbD0iI0Y3RDMwQyIvPjxwYXRoIGZpbGwtcnVsZT0iZXZlbm9kZCIgY2xpcC1ydWxlPSJldmVub2RkIiBkPSJNMTcxLjkgMzguM2EyLjA1IDIuMDUgMCAxIDEgMy45NC0xLjJjLjMzIDEuMDgtLjMzIDUuOTQtLjMzIDUuOTRzLTMuMjctMy42Ni0zLjYtNC43NFptLTMuMTggOC4yNWEyLjA2IDIuMDYgMCAxIDEgLjA3LTQuMTFjMS4xMy4wMiA1LjU2IDIuMTUgNS41NiAyLjE1cy00LjUgMS45Ny01LjYzIDEuOTZabTguNjItMi44OHMyLjQ3LTQuMjQgMy40LTQuODlhMi4wNiAyLjA2IDAgMSAxIDIuMzYgMy4zN2MtLjkzLjY1LTUuNzYgMS41Mi01Ljc2IDEuNTJabS00LjM4IDkuNzNhMi4wNiAyLjA2IDAgMCAxLTEuMjctMi42Yy4zNy0xLjA4IDMuNzYtNC42MyAzLjc2LTQuNjNzLjUgNC44OS4xMyA1Ljk2YTIuMDYgMi4wNiAwIDAgMS0yLjYyIDEuMjdabTcuNTctMi43OWMtLjktLjY4LTMuMjMtNS0zLjIzLTVzNC44IDEuMDQgNS43IDEuNzJhMi4wNiAyLjA2IDAgMSAxLTIuNDcgMy4yOFoiIGZpbGw9IiNmZmYiLz48cGF0aCBkPSJNMTY5LjE0IDMxLjU1YzEuODItNi45OS02LTEyLjQyLTguOTUtMTQuMTkuNS0yLjkzIDEuNjctMTIuNTYtNC40Ny0xNi4xMS02LjEtMy41NC0xMy44IDIuMi0xNi4xMiA0LjE0bC0uNy0uNDJjLTMuMDctMS43Ny0xMC43Ny01LjM1LTE2LjA1LS4yMy01LjY0IDUuNDYtMi4zMSAxNC0xLjA0IDE2LjctMi4xNSAyLTguMzggOC41OS01LjgxIDE1LjU4YTguNTUgOC41NSAwIDAgMCAzLjg4IDQuNTRjNC4wMyAyLjM0IDkuNiAxLjk2IDExLjcyIDEuNyAxIDEuODkgMy44MyA2LjcyIDcuODkgOS4wN2E5LjEgOS4xIDAgMCAwIDUuMDcgMS4zM2M2LjktLjM2IDkuOTItMTAgMTAuNjctMTIuOTIgMi44Ni0uNCAxMi4wOS0yLjIgMTMuOTItOS4yWiIgZmlsbD0iI0ZGNzM5OCIvPjxwYXRoIGZpbGwtcnVsZT0iZXZlbm9kZCIgY2xpcC1ydWxlPSJldmVub2RkIiBkPSJNMTQyLjc2IDI1LjZzMy42OSA4LjIuMzYgOC43MWMtMy4zNC41Mi0xLjQ2LTguNTktMS40Ni04LjU5cy03LjExIDYtOC4xNSAzLjAzYy0xLjA0LTIuOTggNy43LTQuMDUgNy43LTQuMDVzLTcuOTgtNC43LTUuMzgtNi44M2MyLjU5LTIuMTUgNi4yMSA2LjA5IDYuMjEgNi4wOXMxLjk0LTguOTIgNC44Mi03LjI2YzIuODggMS42Ny0zLjg2IDcuODItMy44NiA3LjgyczguODgtMSA4LjM3IDIuMzVjLS41IDMuMzQtOC42LTEuMjctOC42LTEuMjdaIiBmaWxsPSIjZmZmIi8+PHJlY3QgeD0iMTkxIiB5PSIxMjkiIHdpZHRoPSIyIiBoZWlnaHQ9IjM5IiByeD0iMSIgZmlsbD0iI0U2RTZFNiIvPjxwYXRoIGQ9Ik0yMDIgMTY2aC05LjQzbDYuNDMtMTdoLTExbC02IDIxaDguNjRMMTg2IDE4OWwxNi0yM1oiIGZpbGw9IiM5MTc3RkYiLz48L2c+PGcgdHJhbnNmb3JtPSJ0cmFuc2xhdGUoNDkgNzIpIj48L2c+PGcgdHJhbnNmb3JtPSJ0cmFuc2xhdGUoNjIgNDIpIj48L2c+PC9nPjwvZz48L3N2Zz4=', '{"personal":{"isChild":true,"sex":"Feminino","gender":"Mulher cisgênero","rg":"43.676.164-5","maritalStatus":"Solteiro(a)","profession":"Estudante","company":"Escola Municipal","education":"Ensino fundamental","address":"Rua Silva, 694","city":"Goiânia","state":"GO","zip":"18074-113"},"clinical":{"complaint":"Dificuldade de concentração e foco","goals":"Reorganizar a rotina e o autocuidado","suffering":"Moderado","history":"Primeira experiência com terapia. Buscou ajuda por indicação médica.","priorDiagnoses":"Nenhum","priorTreatments":"Nenhum","psychiatric":"Não","referrals":"Encaminhado pelo clínico geral"},"health":{"depression":false,"anxiety":false,"tdah":false,"tag":false,"bipolar":false,"medications":"—","diseases":"—","surgeries":"—","hospitalizations":"Não","familyHistory":"Sem histórico relevante"},"lifestyle":{"sleep":"Irregular","diet":"Equilibrada","sports":"Yoga","gym":"Não","alcohol":"Frequente","smoking":"Ex-fumante","drugs":"Não","religion":"Evangélica","spirituality":"Moderada"},"financial":{"situation":"Estável","income":"Acima de 8 salários","work":"Não se aplica","ownHome":"Sim","rent":"Não","withFamily":"Sim","debt":"Não","car":"Não","motorcycle":"Não"},"interests":{"hobbies":"Fotografia","music":"Sertanejo","movies":"Drama","books":"Ficção e autoajuda","games":"—","tech":"Médio","social":"Instagram"},"personality":{"introvert":true,"extrovert":true,"communicative":false,"reserved":true,"organized":false,"creative":true,"impulsive":true,"notes":"Tende a evitar conflitos."},"relationships":{"family":"Distante","friends":"Poucos amigos","romantic":"Em crise","work":"Boa"}}', NULL, 1772463490226);
INSERT INTO sessions (id, clinic_id, patient_id, psychologist_id, occurred_at, duration_min, mood, emotional_scale, topics, objectives, techniques, evolution, next_steps, free_notes, created_at) VALUES ('7bac3008-c680-4aaf-aa0e-9b2621181d8a', '00a53c0f-7baa-45b4-bea5-3159ed4e83ad', 'bdd1f35a-50c7-4483-9da8-c4b91047f5bd', '3385bafd-2b52-4729-809f-54d2043545f2', 1779807490227, 50, 'Motivado(a)', 8, '["trabalho","sono"]', 'Reorganizar a rotina e o autocuidado', 'Ativação comportamental', 'Semana difícil, com aumento da sintomatologia ansiosa.', 'Registrar pensamentos automáticos em situações de gatilho.', 'Sessão produtiva. Manter plano terapêutico.', 1779807490227);
INSERT INTO sessions (id, clinic_id, patient_id, psychologist_id, occurred_at, duration_min, mood, emotional_scale, topics, objectives, techniques, evolution, next_steps, free_notes, created_at) VALUES ('707ae774-5df8-4257-8c75-96b81fe96943', '00a53c0f-7baa-45b4-bea5-3159ed4e83ad', 'bdd1f35a-50c7-4483-9da8-c4b91047f5bd', '3385bafd-2b52-4729-809f-54d2043545f2', 1780325890227, 50, 'Estável', 5, '["relacionamento","família"]', 'Fortalecer a autoestima', 'Registro de pensamentos', 'Apresentou resistência inicial, mas engajou-se ao final da sessão.', 'Retomar atividade física gradualmente.', 'Sessão produtiva. Manter plano terapêutico.', 1780325890227);
INSERT INTO sessions (id, clinic_id, patient_id, psychologist_id, occurred_at, duration_min, mood, emotional_scale, topics, objectives, techniques, evolution, next_steps, free_notes, created_at) VALUES ('a915cf7e-61b7-4666-a5dd-0bcf3a489832', '00a53c0f-7baa-45b4-bea5-3159ed4e83ad', 'bdd1f35a-50c7-4483-9da8-c4b91047f5bd', '3385bafd-2b52-4729-809f-54d2043545f2', 1780844290227, 50, 'Angustiado(a)', 5, '["rotina","trabalho"]', 'Reorganizar a rotina e o autocuidado', 'Treino de habilidades sociais', 'Apresentou resistência inicial, mas engajou-se ao final da sessão.', 'Praticar respiração diafragmática 2x ao dia.', NULL, 1780844290227);
INSERT INTO sessions (id, clinic_id, patient_id, psychologist_id, occurred_at, duration_min, mood, emotional_scale, topics, objectives, techniques, evolution, next_steps, free_notes, created_at) VALUES ('0f3a238f-d5de-4f6d-a83d-09fb49eb1c42', '00a53c0f-7baa-45b4-bea5-3159ed4e83ad', 'bdd1f35a-50c7-4483-9da8-c4b91047f5bd', '3385bafd-2b52-4729-809f-54d2043545f2', 1781621890227, 50, 'Motivado(a)', 4, '["luto","relacionamento","rotina"]', 'Desenvolver estratégias de enfrentamento', 'Reestruturação cognitiva', 'Apresentou resistência inicial, mas engajou-se ao final da sessão.', 'Praticar respiração diafragmática 2x ao dia.', 'Sessão produtiva. Manter plano terapêutico.', 1781621890227);
INSERT INTO sessions (id, clinic_id, patient_id, psychologist_id, occurred_at, duration_min, mood, emotional_scale, topics, objectives, techniques, evolution, next_steps, free_notes, created_at) VALUES ('9bee4520-e825-440a-8aae-e61d84c0c2c3', '00a53c0f-7baa-45b4-bea5-3159ed4e83ad', 'bdd1f35a-50c7-4483-9da8-c4b91047f5bd', '3385bafd-2b52-4729-809f-54d2043545f2', 1782226690227, 60, 'Deprimido(a)', 4, '["autoestima","trabalho"]', 'Fortalecer a autoestima', 'Exposição gradual', 'Paciente demonstrou boa adesão às tarefas propostas.', 'Trabalhar limites nos relacionamentos.', NULL, 1782226690227);
INSERT INTO sessions (id, clinic_id, patient_id, psychologist_id, occurred_at, duration_min, mood, emotional_scale, topics, objectives, techniques, evolution, next_steps, free_notes, created_at) VALUES ('f4c622f6-5256-4fd1-ae9e-50bd8854925c', '00a53c0f-7baa-45b4-bea5-3159ed4e83ad', 'bdd1f35a-50c7-4483-9da8-c4b91047f5bd', '3385bafd-2b52-4729-809f-54d2043545f2', 1782831490227, 45, 'Irritado(a)', 6, '["rotina","autoestima","sono","saúde"]', 'Reduzir a frequência das crises de ansiedade', 'Respiração diafragmática', 'Apresentou resistência inicial, mas engajou-se ao final da sessão.', 'Retomar atividade física gradualmente.', 'Sessão produtiva. Manter plano terapêutico.', 1782831490227);
INSERT INTO timeline_events (id, clinic_id, patient_id, session_id, title, description, event_date, category, status, source, created_at) VALUES ('f4a7b8df-e5c1-41fc-827e-a31abf60dec7', '00a53c0f-7baa-45b4-bea5-3159ed4e83ad', 'bdd1f35a-50c7-4483-9da8-c4b91047f5bd', NULL, 'Melhora significativa', 'Apresentou resistência inicial, mas engajou-se ao final da sessão.', 1781017090227, 'trabalho', 'suggested', 'manual', 1775919490227);
INSERT INTO timeline_events (id, clinic_id, patient_id, session_id, title, description, event_date, category, status, source, created_at) VALUES ('ec8fa65f-76fe-4fd9-af3a-35e48a1b23cc', '00a53c0f-7baa-45b4-bea5-3159ed4e83ad', 'bdd1f35a-50c7-4483-9da8-c4b91047f5bd', NULL, 'Recaída pontual', 'Paciente demonstrou boa adesão às tarefas propostas.', 1780325890227, 'clínico', 'confirmed', 'ai', 1772636290227);
INSERT INTO timeline_events (id, clinic_id, patient_id, session_id, title, description, event_date, category, status, source, created_at) VALUES ('8fc4c932-47af-4ea0-9a18-4c3e3abcad4e', '00a53c0f-7baa-45b4-bea5-3159ed4e83ad', 'bdd1f35a-50c7-4483-9da8-c4b91047f5bd', NULL, 'Mudança de emprego', 'Trouxe avanços na aplicação das técnicas no dia a dia.', 1772377090227, 'pessoal', 'confirmed', 'ai', 1776697090227);
INSERT INTO timeline_events (id, clinic_id, patient_id, session_id, title, description, event_date, category, status, source, created_at) VALUES ('92d264c4-9557-49ca-a8b4-7a7cb09dd5d9', '00a53c0f-7baa-45b4-bea5-3159ed4e83ad', 'bdd1f35a-50c7-4483-9da8-c4b91047f5bd', NULL, 'Melhora significativa', 'Semana difícil, com aumento da sintomatologia ansiosa.', 1770303490227, 'clínico', 'suggested', 'ai', 1782313090227);
INSERT INTO ai_summaries (id, clinic_id, patient_id, appointment_id, content, suggested_questions, model, status, approved_content, approved_by, approved_at, created_at) VALUES ('8d8bfa0a-1d60-422b-84be-8b76a8424f83', '00a53c0f-7baa-45b4-bea5-3159ed4e83ad', 'bdd1f35a-50c7-4483-9da8-c4b91047f5bd', NULL, 'Paciente em acompanhamento por conflitos familiares. Ao longo das sessões observa-se evolução gradual, com melhor manejo emocional e boa adesão às técnicas propostas. Recomenda-se manter o plano terapêutico atual.', '["Como você tem dormido esta semana?","O que funcionou melhor entre as estratégias que combinamos?","Houve algum gatilho importante desde a última sessão?"]', 'vinculo-ai', 'ready', NULL, NULL, 1783436290228, 1781794690228);
INSERT INTO appointments (id, clinic_id, patient_id, psychologist_id, starts_at, ends_at, status, created_at) VALUES ('6f419792-ddfe-44e9-877e-d033f4d4c39f', '00a53c0f-7baa-45b4-bea5-3159ed4e83ad', 'bdd1f35a-50c7-4483-9da8-c4b91047f5bd', '3385bafd-2b52-4729-809f-54d2043545f2', 1782313090228, 1782316090228, 'done', 1781794690228);
INSERT INTO appointments (id, clinic_id, patient_id, psychologist_id, starts_at, ends_at, status, created_at) VALUES ('5ab97395-2542-456e-ba71-9848aa7d710d', '00a53c0f-7baa-45b4-bea5-3159ed4e83ad', 'bdd1f35a-50c7-4483-9da8-c4b91047f5bd', '3385bafd-2b52-4729-809f-54d2043545f2', 1782917890228, 1782920890228, 'no_show', 1782485890228);
INSERT INTO appointments (id, clinic_id, patient_id, psychologist_id, starts_at, ends_at, status, created_at) VALUES ('45c6c507-4c1a-4f99-9664-15b2237c9d08', '00a53c0f-7baa-45b4-bea5-3159ed4e83ad', 'bdd1f35a-50c7-4483-9da8-c4b91047f5bd', '3385bafd-2b52-4729-809f-54d2043545f2', 1783954690228, 1784562490228, 'scheduled', 1783349890228);
INSERT INTO consents (id, clinic_id, patient_id, type, version, granted_at, ip, revoked_at, created_at) VALUES ('752aaf94-f290-40c9-b8f6-393acc6603c0', '00a53c0f-7baa-45b4-bea5-3159ed4e83ad', 'bdd1f35a-50c7-4483-9da8-c4b91047f5bd', 'general', '1.0', 1772463490226, '189.22.11.140', NULL, 1772463490226);
INSERT INTO consents (id, clinic_id, patient_id, type, version, granted_at, ip, revoked_at, created_at) VALUES ('76c4a705-4d1b-4b3b-aabc-762a39e8a629', '00a53c0f-7baa-45b4-bea5-3159ed4e83ad', 'bdd1f35a-50c7-4483-9da8-c4b91047f5bd', 'ai', '1.0', 1772463490226, '189.214.105.49', NULL, 1772463490226);
INSERT INTO patients (id, clinic_id, psychologist_id, full_name, social_name, cpf, email, phone, whatsapp, birth_date, status, photo, profile, deleted_at, created_at) VALUES ('1fa387e1-3de5-446b-ad28-5c5297c5634f', '00a53c0f-7baa-45b4-bea5-3159ed4e83ad', '1c2b3e6a-6d97-4ad5-9167-ccafd03a8006', 'Larissa Pereira Moreira', NULL, '891.636.967-81', 'larissa.6@email.com', '(76) 94047-6454', '(30) 98037-4916', 498236290228, 'active', 'data:image/svg+xml;base64,PHN2ZyB4bWxucz0iaHR0cDovL3d3dy53My5vcmcvMjAwMC9zdmciIHZpZXdCb3g9IjAgMCAyODAgMjgwIiBmaWxsPSJub25lIiBzaGFwZS1yZW5kZXJpbmc9ImF1dG8iPjxtZXRhZGF0YSB4bWxuczpyZGY9Imh0dHA6Ly93d3cudzMub3JnLzE5OTkvMDIvMjItcmRmLXN5bnRheC1ucyMiIHhtbG5zOnhzaT0iaHR0cDovL3d3dy53My5vcmcvMjAwMS9YTUxTY2hlbWEtaW5zdGFuY2UiIHhtbG5zOmRjPSJodHRwOi8vcHVybC5vcmcvZGMvZWxlbWVudHMvMS4xLyIgeG1sbnM6ZGN0ZXJtcz0iaHR0cDovL3B1cmwub3JnL2RjL3Rlcm1zLyI+PHJkZjpSREY+PHJkZjpEZXNjcmlwdGlvbj48ZGM6dGl0bGU+QXZhdGFhYXJzPC9kYzp0aXRsZT48ZGM6Y3JlYXRvcj5QYWJsbyBTdGFubGV5PC9kYzpjcmVhdG9yPjxkYzpzb3VyY2UgeHNpOnR5cGU9ImRjdGVybXM6VVJJIj5odHRwczovL2F2YXRhYWFycy5jb20vPC9kYzpzb3VyY2U+PGRjdGVybXM6bGljZW5zZSB4c2k6dHlwZT0iZGN0ZXJtczpVUkkiPmh0dHBzOi8vYXZhdGFhYXJzLmNvbS88L2RjdGVybXM6bGljZW5zZT48ZGM6cmlnaHRzPlJlbWl4IG9mIOKAnkF2YXRhYWFyc+KAnSAoaHR0cHM6Ly9hdmF0YWFhcnMuY29tLykgYnkg4oCeUGFibG8gU3RhbmxleeKAnSwgbGljZW5zZWQgdW5kZXIg4oCeRnJlZSBmb3IgcGVyc29uYWwgYW5kIGNvbW1lcmNpYWwgdXNl4oCdIChodHRwczovL2F2YXRhYWFycy5jb20vKTwvZGM6cmlnaHRzPjwvcmRmOkRlc2NyaXB0aW9uPjwvcmRmOlJERj48L21ldGFkYXRhPjxtYXNrIGlkPSJ2aWV3Ym94TWFzayI+PHJlY3Qgd2lkdGg9IjI4MCIgaGVpZ2h0PSIyODAiIHJ4PSIxNDAiIHJ5PSIxNDAiIHg9IjAiIHk9IjAiIGZpbGw9IiNmZmYiIC8+PC9tYXNrPjxnIG1hc2s9InVybCgjdmlld2JveE1hc2spIj48cmVjdCBmaWxsPSIjZDFkNGY5IiB3aWR0aD0iMjgwIiBoZWlnaHQ9IjI4MCIgeD0iMCIgeT0iMCIgLz48ZyB0cmFuc2Zvcm09InRyYW5zbGF0ZSg4KSI+PHBhdGggZD0iTTEzMiAzNmE1NiA1NiAwIDAgMC01NiA1NnY2LjE3QTEyIDEyIDAgMCAwIDY2IDExMHYxNGExMiAxMiAwIDAgMCAxMC4zIDExLjg4IDU2LjA0IDU2LjA0IDAgMCAwIDMxLjcgNDQuNzN2MTguNGgtNGE3MiA3MiAwIDAgMC03MiA3MnY5aDIwMHYtOWE3MiA3MiAwIDAgMC03Mi03MmgtNHYtMTguMzlhNTYuMDQgNTYuMDQgMCAwIDAgMzEuNy00NC43M0ExMiAxMiAwIDAgMCAxOTggMTI0di0xNGExMiAxMiAwIDAgMC0xMC0xMS44M1Y5MmE1NiA1NiAwIDAgMC01Ni01NloiIGZpbGw9IiNmOGQyNWMiLz48cGF0aCBkPSJNMTA4IDE4MC42MXY4YTU1Ljc5IDU1Ljc5IDAgMCAwIDI0IDUuMzljOC41OSAwIDE2LjczLTEuOTMgMjQtNS4zOXYtOGE1NS43OSA1NS43OSAwIDAgMS0yNCA1LjM5IDU1Ljc5IDU1Ljc5IDAgMCAxLTI0LTUuMzlaIiBmaWxsPSIjMDAwIiBmaWxsLW9wYWNpdHk9Ii4xIi8+PGcgdHJhbnNmb3JtPSJ0cmFuc2xhdGUoMCAxNzApIj48cGF0aCBkPSJNOTIuNjggMjkuOTRBNzIuMDIgNzIuMDIgMCAwIDAgMzIgMTAxLjA1VjExMGgyMDB2LTguOTVhNzIuMDIgNzIuMDIgMCAwIDAtNjAuNjgtNzEuMTEgMjMuODcgMjMuODcgMCAwIDEtNy41NiAxMy42bC0yOS4wOCAyNi4yM2E0IDQgMCAwIDEtNS4zNiAwbC0yOS4wOC0yNi4yM2EyMy44NyAyMy44NyAwIDAgMS03LjU2LTEzLjZaIiBmaWxsPSIjZmY0ODhlIi8+PC9nPjxnIHRyYW5zZm9ybT0idHJhbnNsYXRlKDc4IDEzNCkiPjxwYXRoIGQ9Ik0yOCAyNi4yNGMxLjM2LjUgMi44NC43NiA0LjQuNzYgNS4zMSAwIDkuODEtMy4xNSAxMS4yOS03LjQ5IDIuNDcgMi4xNyA2LjE3IDMuNTQgMTAuMzEgMy41NCA0LjE0IDAgNy44NC0xLjM3IDEwLjMxLTMuNTMgMS40OCA0LjM1IDUuOTggNy41IDExLjMgNy41IDEuNTUgMCAzLjAzLS4yNyA0LjQtLjc2aC0uMTljLTYuMzMgMC0xMS44LTQuOS0xMS44LTEwLjU2IDAtNC4xOCAyLjMyLTcuNzIgNS42OS05LjY4LTUuNS44LTkuNzMgNS05LjkgMTAuMWExNy42MSAxNy42MSAwIDAgMS05LjggMi44Yy0zLjggMC03LjI1LTEuMDYtOS44LTIuOC0uMTgtNS4xLTQuNC05LjMtOS45LTEwLjFhMTEuMTggMTEuMTggMCAwIDEgNS42OCA5LjY4YzAgNS42Ni01LjQ3IDEwLjU3LTExLjggMTAuNTdIMjhaIiBmaWxsPSIjMDAwIiBmaWxsLW9wYWNpdHk9Ii42IiBvcGFjaXR5PSIuNiIvPjxwYXRoIGQ9Ik0xNyAyNGE5IDkgMCAxIDAgMC0xOCA5IDkgMCAwIDAgMCAxOFpNOTEgMjRhOSA5IDAgMSAwIDAtMTggOSA5IDAgMCAwIDAgMThaIiBmaWxsPSIjRkY0NjQ2IiBmaWxsLW9wYWNpdHk9Ii4yIi8+PC9nPjxnIHRyYW5zZm9ybT0idHJhbnNsYXRlKDEwNCAxMjIpIj48cGF0aCBmaWxsLXJ1bGU9ImV2ZW5vZGQiIGNsaXAtcnVsZT0iZXZlbm9kZCIgZD0iTTE2IDhjMCA0LjQyIDUuMzcgOCAxMiA4czEyLTMuNTggMTItOCIgZmlsbD0iIzAwMCIgZmlsbC1vcGFjaXR5PSIuMTYiLz48L2c+PGcgdHJhbnNmb3JtPSJ0cmFuc2xhdGUoNzYgOTApIj48cGF0aCBkPSJNMjUgMjdzLTYgNy4yNy02IDExLjI3YTYgNiAwIDEgMCAxMiAwYzAtNC02LTExLjI3LTYtMTEuMjdaIiBmaWxsPSIjOTJEOUZGIi8+PHBhdGggZD0iTTM2IDIyYTYgNiAwIDEgMS0xMiAwIDYgNiAwIDAgMSAxMiAwWk04OCAyMmE2IDYgMCAxIDEtMTIgMCA2IDYgMCAwIDEgMTIgMFoiIGZpbGw9IiMwMDAiIGZpbGwtb3BhY2l0eT0iLjYiLz48L2c+PGcgdHJhbnNmb3JtPSJ0cmFuc2xhdGUoNzYgODIpIj48cGF0aCBkPSJNMjYuNTUgNi4xNWMtNS44LjI3LTE1LjIgNC40OS0xNC45NiAxMC4zNC4wMS4xOC4zLjI3LjQzLjEyIDIuNzYtMi45NiAyMi4zMi01Ljk1IDI5LjItNC4zNi42NC4xNCAxLjEyLS40OC43Mi0uOTMtMy40My0zLjg1LTEwLjItNS40My0xNS40LTUuMThaTTg2LjQ1IDYuMTVjNS44LjI3IDE1LjIgNC40OSAxNC45NiAxMC4zNC0uMDEuMTgtLjMuMjctLjQzLjEyLTIuNzYtMi45Ni0yMi4zMi01Ljk1LTI5LjItNC4zNi0uNjQuMTQtMS4xMi0uNDgtLjcyLS45MyAzLjQzLTMuODUgMTAuMi01LjQzIDE1LjQtNS4xOFoiIGZpbGwtcnVsZT0iZXZlbm9kZCIgY2xpcC1ydWxlPSJldmVub2RkIiBmaWxsPSIjMDAwIiBmaWxsLW9wYWNpdHk9Ii42Ii8+PC9nPjxnIHRyYW5zZm9ybT0idHJhbnNsYXRlKC0xKSI+PHBhdGggZmlsbC1ydWxlPSJldmVub2RkIiBjbGlwLXJ1bGU9ImV2ZW5vZGQiIGQ9Ik0xODAuMTUgMzkuOTJjLTIuNzYtMi44Mi01Ljk2LTUuMjEtOS4wOC03LjYxLS42OS0uNTMtMS4zOS0xLjA1LTIuMDYtMS42LS4xNS0uMTItMS43Mi0xLjI0LTEuOS0xLjY2LS40NS0uOTktLjE5LS4yMi0uMTItMS40LjA4LTEuNSAzLjEzLTUuNzMuODUtNi43LTEtLjQzLTIuOC43LTMuNzUgMS4wOGE1OS41NiA1OS41NiAwIDAgMS01LjczIDEuOWMuOTMtMS44NSAyLjctNS41Ny0uNjMtNC41OC0yLjYuNzgtNS4wMyAyLjc3LTcuNjQgMy43Ljg2LTEuNCA0LjMyLTUuOCAxLjItNi4wNS0uOTgtLjA3LTMuOCAxLjc1LTQuODYgMi4xNGE1NS44MSA1NS44MSAwIDAgMS05LjYzIDIuNTFjLTExLjIgMi4wMi0yNC4zIDEuNDUtMzQuNjUgNi41NC04IDMuOTMtMTUuODggMTAuMDMtMjAuNSAxNy44LTQuNDQgNy40OC02LjEgMTUuNjctNy4wMyAyNC4yNS0uNjkgNi4zLS43NCAxMi44LS40MiAxOS4xMi4xIDIuMDcuMzQgMTEuNjEgMy4zNCA4LjcyIDEuNS0xLjQ0IDEuNDktNy4yNSAxLjg3LTkuMjIuNzUtMy45MSAxLjQ3LTcuODUgMi43Mi0xMS42NCAyLjItNi42OCA0LjgxLTEzLjggMTAuMy0xOC40IDMuNTMtMi45NCA2LjAxLTYuOTMgOS4zOS05LjkgMS41MS0xLjM1LjM2LTEuMiAyLjgtMS4wMyAxLjYzLjEyIDMuMjguMTYgNC45Mi4yIDMuOC4xIDcuNi4wOCAxMS40LjEgNy42NCAwIDE1LjI1LjEyIDIyLjg5LS4yOCAzLjQtLjE4IDYuOC0uMjggMTAuMTgtLjYgMS45LS4xNyA1LjI1LTEuMzggNi44LS40NSAxLjQzLjg0IDIuOTEgMy42MSAzLjk0IDQuNzUgMi40MSAyLjY3IDUuMyA0LjcyIDguMTIgNi45MiA1LjkgNC41NyA4Ljg3IDEwLjMzIDEwLjY2IDE3LjQ4IDEuNzkgNy4xMyAxLjI5IDEzLjc1IDMuNSAyMC43Ni4zOCAxLjI0IDEuNCAzLjM2IDIuNjcgMS40Ni4yNC0uMzYuMTgtMi4zLjE4LTMuNDIgMC00LjUyIDEuMTQtNy45MSAxLjEzLTEyLjQ2LS4wNi0xMy44My0uNS0zMS44Ny0xMC44NS00Mi40NFoiIGZpbGw9IiNhNTU3MjgiLz48L2c+PGcgdHJhbnNmb3JtPSJ0cmFuc2xhdGUoNDkgNzIpIj48L2c+PGcgdHJhbnNmb3JtPSJ0cmFuc2xhdGUoNjIgNDIpIj48L2c+PC9nPjwvZz48L3N2Zz4=', '{"personal":{"isChild":false,"sex":"Feminino","gender":"Mulher cisgênero","rg":"25.668.804-4","maritalStatus":"Divorciado(a)","profession":"Médica","company":"—","education":"Ensino médio completo","address":"Rua Souza, 986","city":"Curitiba","state":"PR","zip":"14385-211"},"clinical":{"complaint":"Baixa autoestima e insegurança","goals":"Desenvolver estratégias de enfrentamento","suffering":"Moderado","history":"Encaminhado(a) pelo clínico geral devido a queixas somáticas.","priorDiagnoses":"Nenhum","priorTreatments":"Psicoterapia anterior","psychiatric":"Não","referrals":"—"},"health":{"depression":true,"anxiety":false,"tdah":false,"tag":false,"bipolar":false,"medications":"Sertralina 50mg","diseases":"—","surgeries":"—","hospitalizations":"Não","familyHistory":"Sem histórico relevante"},"lifestyle":{"sleep":"Irregular","diet":"Irregular","sports":"Musculação","gym":"Sim","alcohol":"Não","smoking":"Ex-fumante","drugs":"Não","religion":"Budista","spirituality":"Moderada"},"financial":{"situation":"Instável","income":"2 a 4 salários","work":"Desempregado","ownHome":"Não","rent":"Não","withFamily":"Não","debt":"Não","car":"Não","motorcycle":"Sim"},"interests":{"hobbies":"Culinária","music":"MPB","movies":"Documentários","books":"Ficção e autoajuda","games":"Jogos casuais","tech":"Médio","social":"WhatsApp"},"personality":{"introvert":true,"extrovert":false,"communicative":true,"reserved":false,"organized":true,"creative":false,"impulsive":false,"notes":"Tende a evitar conflitos."},"relationships":{"family":"Conflituosa","friends":"Rede sólida","romantic":"Em crise","work":"Tensa"}}', NULL, 1776524290228);
INSERT INTO sessions (id, clinic_id, patient_id, psychologist_id, occurred_at, duration_min, mood, emotional_scale, topics, objectives, techniques, evolution, next_steps, free_notes, created_at) VALUES ('ea81ebf2-252b-4195-a18e-8ff0ae27a1d7', '00a53c0f-7baa-45b4-bea5-3159ed4e83ad', '1fa387e1-3de5-446b-ad28-5c5297c5634f', '1c2b3e6a-6d97-4ad5-9167-ccafd03a8006', 1779634690228, 45, 'Ansioso(a)', 3, '["autoestima","saúde"]', 'Melhorar a comunicação nos relacionamentos', 'Psicoeducação', 'Semana difícil, com aumento da sintomatologia ansiosa.', 'Registrar pensamentos automáticos em situações de gatilho.', NULL, 1779634690228);
INSERT INTO sessions (id, clinic_id, patient_id, psychologist_id, occurred_at, duration_min, mood, emotional_scale, topics, objectives, techniques, evolution, next_steps, free_notes, created_at) VALUES ('a293e28d-976f-4101-aea6-ae2d9d89c51f', '00a53c0f-7baa-45b4-bea5-3159ed4e83ad', '1fa387e1-3de5-446b-ad28-5c5297c5634f', '1c2b3e6a-6d97-4ad5-9167-ccafd03a8006', 1780498690228, 45, 'Ansioso(a)', 3, '["relacionamento","estudos"]', 'Melhorar a comunicação nos relacionamentos', 'Respiração diafragmática', 'Trouxe avanços na aplicação das técnicas no dia a dia.', 'Trabalhar limites nos relacionamentos.', 'Sessão produtiva. Manter plano terapêutico.', 1780498690228);
INSERT INTO sessions (id, clinic_id, patient_id, psychologist_id, occurred_at, duration_min, mood, emotional_scale, topics, objectives, techniques, evolution, next_steps, free_notes, created_at) VALUES ('b36d7d80-a42f-4851-a382-6337aabb0e98', '00a53c0f-7baa-45b4-bea5-3159ed4e83ad', '1fa387e1-3de5-446b-ad28-5c5297c5634f', '1c2b3e6a-6d97-4ad5-9167-ccafd03a8006', 1780930690228, 60, 'Estável', 5, '["finanças","luto","autoestima","sono"]', 'Desenvolver estratégias de enfrentamento', 'Reestruturação cognitiva', 'Percebe-se maior consciência emocional e vocabulário afetivo.', 'Trabalhar limites nos relacionamentos.', 'Sessão produtiva. Manter plano terapêutico.', 1780930690228);
INSERT INTO sessions (id, clinic_id, patient_id, psychologist_id, occurred_at, duration_min, mood, emotional_scale, topics, objectives, techniques, evolution, next_steps, free_notes, created_at) VALUES ('325e29f2-c05a-4138-9d11-88e1555a248b', '00a53c0f-7baa-45b4-bea5-3159ed4e83ad', '1fa387e1-3de5-446b-ad28-5c5297c5634f', '1c2b3e6a-6d97-4ad5-9167-ccafd03a8006', 1781449090228, 50, 'Deprimido(a)', 3, '["estudos","ansiedade","sono","família"]', 'Aumentar a tolerância à frustração', 'Ativação comportamental', 'Semana difícil, com aumento da sintomatologia ansiosa.', 'Trabalhar limites nos relacionamentos.', 'Sessão produtiva. Manter plano terapêutico.', 1781449090228);
INSERT INTO sessions (id, clinic_id, patient_id, psychologist_id, occurred_at, duration_min, mood, emotional_scale, topics, objectives, techniques, evolution, next_steps, free_notes, created_at) VALUES ('de555b87-c524-4e02-9db2-aed90ad7d165', '00a53c0f-7baa-45b4-bea5-3159ed4e83ad', '1fa387e1-3de5-446b-ad28-5c5297c5634f', '1c2b3e6a-6d97-4ad5-9167-ccafd03a8006', 1782226690228, 50, 'Estável', 5, '["ansiedade","sono"]', 'Melhorar a comunicação nos relacionamentos', 'Psicoeducação', 'Trouxe avanços na aplicação das técnicas no dia a dia.', 'Retomar atividade física gradualmente.', NULL, 1782226690228);
INSERT INTO sessions (id, clinic_id, patient_id, psychologist_id, occurred_at, duration_min, mood, emotional_scale, topics, objectives, techniques, evolution, next_steps, free_notes, created_at) VALUES ('0c6da01f-f3cc-46d1-af3b-692400e73dd4', '00a53c0f-7baa-45b4-bea5-3159ed4e83ad', '1fa387e1-3de5-446b-ad28-5c5297c5634f', '1c2b3e6a-6d97-4ad5-9167-ccafd03a8006', 1782745090229, 45, 'Deprimido(a)', 6, '["lazer","trabalho","família","luto"]', 'Aumentar a tolerância à frustração', 'Ativação comportamental', 'Paciente demonstrou boa adesão às tarefas propostas.', 'Retomar atividade física gradualmente.', 'Sessão produtiva. Manter plano terapêutico.', 1782745090229);
INSERT INTO timeline_events (id, clinic_id, patient_id, session_id, title, description, event_date, category, status, source, created_at) VALUES ('7663ba68-dd54-4370-a596-bff996b1d7cc', '00a53c0f-7baa-45b4-bea5-3159ed4e83ad', '1fa387e1-3de5-446b-ad28-5c5297c5634f', 'ea81ebf2-252b-4195-a18e-8ff0ae27a1d7', 'Viagem/afastamento', 'Paciente demonstrou boa adesão às tarefas propostas.', 1773068290229, 'clínico', 'suggested', 'manual', 1780412290229);
INSERT INTO timeline_events (id, clinic_id, patient_id, session_id, title, description, event_date, category, status, source, created_at) VALUES ('cd1e2bc2-5fa3-415d-be6d-74b9966c2968', '00a53c0f-7baa-45b4-bea5-3159ed4e83ad', '1fa387e1-3de5-446b-ad28-5c5297c5634f', 'b36d7d80-a42f-4851-a382-6337aabb0e98', 'Início do acompanhamento', 'Relatou leve melhora nos sintomas ao longo da semana.', 1771426690229, 'família', 'suggested', 'ai', 1769007490229);
INSERT INTO timeline_events (id, clinic_id, patient_id, session_id, title, description, event_date, category, status, source, created_at) VALUES ('7d9d3b0a-bd95-46bf-a053-56bddf2a7a67', '00a53c0f-7baa-45b4-bea5-3159ed4e83ad', '1fa387e1-3de5-446b-ad28-5c5297c5634f', NULL, 'Melhora significativa', 'Percebe-se maior consciência emocional e vocabulário afetivo.', 1780757890229, 'pessoal', 'suggested', 'ai', 1775660290229);
INSERT INTO timeline_events (id, clinic_id, patient_id, session_id, title, description, event_date, category, status, source, created_at) VALUES ('9ff33164-6632-4a4c-9fc1-2c684632e401', '00a53c0f-7baa-45b4-bea5-3159ed4e83ad', '1fa387e1-3de5-446b-ad28-5c5297c5634f', 'a293e28d-976f-4101-aea6-ae2d9d89c51f', 'Ajuste de medicação', 'Paciente demonstrou boa adesão às tarefas propostas.', 1768489090229, 'família', 'confirmed', 'ai', 1775746690229);
INSERT INTO ai_summaries (id, clinic_id, patient_id, appointment_id, content, suggested_questions, model, status, approved_content, approved_by, approved_at, created_at) VALUES ('527de5d4-f9c6-4549-9c8b-ef091b04e324', '00a53c0f-7baa-45b4-bea5-3159ed4e83ad', '1fa387e1-3de5-446b-ad28-5c5297c5634f', NULL, 'Paciente em acompanhamento por insônia e alterações do sono. Ao longo das sessões observa-se evolução gradual, com melhor manejo emocional e boa adesão às técnicas propostas. Recomenda-se manter o plano terapêutico atual.', '["Como você tem dormido esta semana?","O que funcionou melhor entre as estratégias que combinamos?","Houve algum gatilho importante desde a última sessão?"]', 'vinculo-ai', 'approved', NULL, NULL, 1782917890229, 1783177090229);
INSERT INTO ai_alerts (id, clinic_id, patient_id, type, severity, message, status, created_at) VALUES ('3fbd6612-c468-4e81-9557-9d03d54952f8', '00a53c0f-7baa-45b4-bea5-3159ed4e83ad', '1fa387e1-3de5-446b-ad28-5c5297c5634f', 'engagement', 'low', 'Queda no engajamento com as tarefas terapêuticas.', 'active', 1780239490229);
INSERT INTO appointments (id, clinic_id, patient_id, psychologist_id, starts_at, ends_at, status, created_at) VALUES ('5bae82de-f977-4d74-845b-d535e04647d7', '00a53c0f-7baa-45b4-bea5-3159ed4e83ad', '1fa387e1-3de5-446b-ad28-5c5297c5634f', '1c2b3e6a-6d97-4ad5-9167-ccafd03a8006', 1782313090229, 1782316090229, 'done', 1781794690229);
INSERT INTO appointments (id, clinic_id, patient_id, psychologist_id, starts_at, ends_at, status, created_at) VALUES ('f070035e-5252-40a0-9dad-baf4ad7b6ded', '00a53c0f-7baa-45b4-bea5-3159ed4e83ad', '1fa387e1-3de5-446b-ad28-5c5297c5634f', '1c2b3e6a-6d97-4ad5-9167-ccafd03a8006', 1782917890229, 1782920890229, 'canceled', 1782485890229);
INSERT INTO appointments (id, clinic_id, patient_id, psychologist_id, starts_at, ends_at, status, created_at) VALUES ('33b05e1b-a16d-444d-aa60-ec63332bfecc', '00a53c0f-7baa-45b4-bea5-3159ed4e83ad', '1fa387e1-3de5-446b-ad28-5c5297c5634f', '1c2b3e6a-6d97-4ad5-9167-ccafd03a8006', 1783781890229, 1784389690229, 'scheduled', 1783349890229);
INSERT INTO consents (id, clinic_id, patient_id, type, version, granted_at, ip, revoked_at, created_at) VALUES ('31045029-0ec4-4418-9fd3-cfd6d64c519a', '00a53c0f-7baa-45b4-bea5-3159ed4e83ad', '1fa387e1-3de5-446b-ad28-5c5297c5634f', 'general', '1.0', 1776524290228, '189.155.51.216', NULL, 1776524290228);
INSERT INTO consents (id, clinic_id, patient_id, type, version, granted_at, ip, revoked_at, created_at) VALUES ('21160093-ca0d-48c4-bd45-bb0c3d315098', '00a53c0f-7baa-45b4-bea5-3159ed4e83ad', '1fa387e1-3de5-446b-ad28-5c5297c5634f', 'ai', '1.0', 1776524290228, '189.212.107.202', NULL, 1776524290228);
INSERT INTO patients (id, clinic_id, psychologist_id, full_name, social_name, cpf, email, phone, whatsapp, birth_date, status, photo, profile, deleted_at, created_at) VALUES ('943994fd-e0bb-48d2-99cf-8672e5046536', '00a53c0f-7baa-45b4-bea5-3159ed4e83ad', '1c2b3e6a-6d97-4ad5-9167-ccafd03a8006', 'Gustavo Teixeira Almeida', NULL, '942.013.011-98', 'gustavo.7@email.com', '(26) 96325-8106', '(63) 95211-8389', -180003709771, 'active', 'data:image/svg+xml;base64,PHN2ZyB4bWxucz0iaHR0cDovL3d3dy53My5vcmcvMjAwMC9zdmciIHZpZXdCb3g9IjAgMCAyODAgMjgwIiBmaWxsPSJub25lIiBzaGFwZS1yZW5kZXJpbmc9ImF1dG8iPjxtZXRhZGF0YSB4bWxuczpyZGY9Imh0dHA6Ly93d3cudzMub3JnLzE5OTkvMDIvMjItcmRmLXN5bnRheC1ucyMiIHhtbG5zOnhzaT0iaHR0cDovL3d3dy53My5vcmcvMjAwMS9YTUxTY2hlbWEtaW5zdGFuY2UiIHhtbG5zOmRjPSJodHRwOi8vcHVybC5vcmcvZGMvZWxlbWVudHMvMS4xLyIgeG1sbnM6ZGN0ZXJtcz0iaHR0cDovL3B1cmwub3JnL2RjL3Rlcm1zLyI+PHJkZjpSREY+PHJkZjpEZXNjcmlwdGlvbj48ZGM6dGl0bGU+QXZhdGFhYXJzPC9kYzp0aXRsZT48ZGM6Y3JlYXRvcj5QYWJsbyBTdGFubGV5PC9kYzpjcmVhdG9yPjxkYzpzb3VyY2UgeHNpOnR5cGU9ImRjdGVybXM6VVJJIj5odHRwczovL2F2YXRhYWFycy5jb20vPC9kYzpzb3VyY2U+PGRjdGVybXM6bGljZW5zZSB4c2k6dHlwZT0iZGN0ZXJtczpVUkkiPmh0dHBzOi8vYXZhdGFhYXJzLmNvbS88L2RjdGVybXM6bGljZW5zZT48ZGM6cmlnaHRzPlJlbWl4IG9mIOKAnkF2YXRhYWFyc+KAnSAoaHR0cHM6Ly9hdmF0YWFhcnMuY29tLykgYnkg4oCeUGFibG8gU3RhbmxleeKAnSwgbGljZW5zZWQgdW5kZXIg4oCeRnJlZSBmb3IgcGVyc29uYWwgYW5kIGNvbW1lcmNpYWwgdXNl4oCdIChodHRwczovL2F2YXRhYWFycy5jb20vKTwvZGM6cmlnaHRzPjwvcmRmOkRlc2NyaXB0aW9uPjwvcmRmOlJERj48L21ldGFkYXRhPjxtYXNrIGlkPSJ2aWV3Ym94TWFzayI+PHJlY3Qgd2lkdGg9IjI4MCIgaGVpZ2h0PSIyODAiIHJ4PSIxNDAiIHJ5PSIxNDAiIHg9IjAiIHk9IjAiIGZpbGw9IiNmZmYiIC8+PC9tYXNrPjxnIG1hc2s9InVybCgjdmlld2JveE1hc2spIj48cmVjdCBmaWxsPSIjZmZkZmJmIiB3aWR0aD0iMjgwIiBoZWlnaHQ9IjI4MCIgeD0iMCIgeT0iMCIgLz48ZyB0cmFuc2Zvcm09InRyYW5zbGF0ZSg4KSI+PHBhdGggZD0iTTEzMiAzNmE1NiA1NiAwIDAgMC01NiA1NnY2LjE3QTEyIDEyIDAgMCAwIDY2IDExMHYxNGExMiAxMiAwIDAgMCAxMC4zIDExLjg4IDU2LjA0IDU2LjA0IDAgMCAwIDMxLjcgNDQuNzN2MTguNGgtNGE3MiA3MiAwIDAgMC03MiA3MnY5aDIwMHYtOWE3MiA3MiAwIDAgMC03Mi03MmgtNHYtMTguMzlhNTYuMDQgNTYuMDQgMCAwIDAgMzEuNy00NC43M0ExMiAxMiAwIDAgMCAxOTggMTI0di0xNGExMiAxMiAwIDAgMC0xMC0xMS44M1Y5MmE1NiA1NiAwIDAgMC01Ni01NloiIGZpbGw9IiNmZDk4NDEiLz48cGF0aCBkPSJNMTA4IDE4MC42MXY4YTU1Ljc5IDU1Ljc5IDAgMCAwIDI0IDUuMzljOC41OSAwIDE2LjczLTEuOTMgMjQtNS4zOXYtOGE1NS43OSA1NS43OSAwIDAgMS0yNCA1LjM5IDU1Ljc5IDU1Ljc5IDAgMCAxLTI0LTUuMzlaIiBmaWxsPSIjMDAwIiBmaWxsLW9wYWNpdHk9Ii4xIi8+PGcgdHJhbnNmb3JtPSJ0cmFuc2xhdGUoMCAxNzApIj48cGF0aCBkPSJNMTMyLjUgNTEuODNjMTguNSAwIDMzLjUtOS42MiAzMy41LTIxLjQ4IDAtLjM2LS4wMS0uNy0uMDQtMS4wNkE3MiA3MiAwIDAgMSAyMzIgMTAxLjA0VjExMEgzMnYtOC45NWE3MiA3MiAwIDAgMSA2Ny4wNS03MS44M2MtLjAzLjM3LS4wNS43NS0uMDUgMS4xMyAwIDExLjg2IDE1IDIxLjQ4IDMzLjUgMjEuNDhaIiBmaWxsPSIjRTZFNkU2Ii8+PHBhdGggZD0iTTEzMi41IDU4Ljc2YzIxLjg5IDAgMzkuNjMtMTIuMDUgMzkuNjMtMjYuOTEgMC0uNi0uMDItMS4yLS4wOC0xLjgtMi0uMzMtNC4wMy0uNTktNi4xLS43Ni4wNC4zNS4wNS43LjA1IDEuMDYgMCAxMS44Ni0xNSAyMS40OC0zMy41IDIxLjQ4Uzk5IDQyLjIgOTkgMzAuMzVjMC0uMzguMDItLjc2LjA1LTEuMTMtMi4wNi4xNC00LjA4LjM2LTYuMDguNjctLjA3LjY1LS4xIDEuMy0uMSAxLjk2IDAgMTQuODYgMTcuNzQgMjYuOTEgMzkuNjMgMjYuOTFaIiBmaWxsPSIjMDAwIiBmaWxsLW9wYWNpdHk9Ii4xNiIvPjxwYXRoIGQ9Ik0xMDAuNzggMjkuMTIgMTAxIDI4Yy0yLjk2LjA1LTYgMS02IDFsLS40Mi42NkE3Mi4wMSA3Mi4wMSAwIDAgMCAzMiAxMDEuMDZWMTEwaDc0cy0xMC43LTUxLjU2LTUuMjQtODAuOGwuMDItLjA4Wk0xNTggMTEwczExLTUzIDUtODJjMi45Ni4wNSA2IDEgNiAxbC40Mi42NmE3Mi4wMSA3Mi4wMSAwIDAgMSA2Mi41OCA3MS40VjExMGgtNzRaIiBmaWxsPSIjZmZmZmIxIi8+PHBhdGggZD0iTTEwMSAyOGMtNiAyOSA1IDgyIDUgODJIOTBMNzYgNzRsNi05LTYtNiAxOS0zMHMzLjA0LS45NSA2LTFaTTE2MyAyOGM2IDI5LTUgODItNSA4MmgxNmwxNC0zNi02LTkgNi02LTE5LTMwcy0zLjA0LS45NS02LTFaIiBmaWxsLXJ1bGU9ImV2ZW5vZGQiIGNsaXAtcnVsZT0iZXZlbm9kZCIgZmlsbD0iIzAwMCIgZmlsbC1vcGFjaXR5PSIuMTUiLz48cGF0aCBkPSJtMTgzLjQyIDg1Ljc3Ljg3LTIuMjQgNi4yNy00LjdhNCA0IDAgMCAxIDQuODUuMDVsNi42IDUuMTItMTguNTkgMS43N1oiIGZpbGw9IiNFNkU2RTYiLz48L2c+PGcgdHJhbnNmb3JtPSJ0cmFuc2xhdGUoNzggMTM0KSI+PHBhdGggZmlsbC1ydWxlPSJldmVub2RkIiBjbGlwLXJ1bGU9ImV2ZW5vZGQiIGQ9Ik0zNS4xMiAxNS4xM2ExOSAxOSAwIDAgMCAzNy43Ny0uMDljLjA4LS43Ny0uNzctMi4wNC0xLjg1LTIuMDRIMzcuMUMzNiAxMyAzNSAxNC4xOCAzNS4xMiAxNS4xM1oiIGZpbGw9IiMwMDAiIGZpbGwtb3BhY2l0eT0iLjciLz48cGF0aCBkPSJNNzAgMTNIMzlhNSA1IDAgMCAwIDUgNWgyMWE1IDUgMCAwIDAgNS01WiIgZmlsbD0iI2ZmZiIvPjxwYXRoIGQ9Ik02Ni43IDI3LjE0QTEwLjk2IDEwLjk2IDAgMCAwIDU0IDI1LjJhMTAuOTUgMTAuOTUgMCAwIDAtMTIuNyAxLjk0QTE4LjkzIDE4LjkzIDAgMCAwIDU0IDMyYzQuODggMCA5LjMzLTEuODQgMTIuNy00Ljg2WiIgZmlsbD0iI0ZGNEY2RCIvPjwvZz48ZyB0cmFuc2Zvcm09InRyYW5zbGF0ZSgxMDQgMTIyKSI+PHBhdGggZmlsbC1ydWxlPSJldmVub2RkIiBjbGlwLXJ1bGU9ImV2ZW5vZGQiIGQ9Ik0xNiA4YzAgNC40MiA1LjM3IDggMTIgOHMxMi0zLjU4IDEyLTgiIGZpbGw9IiMwMDAiIGZpbGwtb3BhY2l0eT0iLjE2Ii8+PC9nPjxnIHRyYW5zZm9ybT0idHJhbnNsYXRlKDc2IDkwKSI+PHBhdGggZD0iTTI3IDE2Yy00Ljg0IDAtOSAyLjY1LTEwLjg0IDYuNDUtLjU0IDEuMS4zOSAxLjg1IDEuMjggMS4xMmExNS4xMyAxNS4xMyAwIDAgMSA5LjgtMy4yMiA2IDYgMCAxIDAgMTAuNyAyLjggMiAyIDAgMCAwLS4xMi0uNzRsLS4xNS0uMzhhNiA2IDAgMCAwLTEuNjQtMi40OEMzMy45IDE3LjMyIDMwLjUgMTYgMjcgMTZaTTg1IDE2Yy00Ljg0IDAtOSAyLjY1LTEwLjg0IDYuNDUtLjU0IDEuMS4zOSAxLjg1IDEuMjggMS4xMmExNS4xMyAxNS4xMyAwIDAgMSA5LjgtMy4yMiA2IDYgMCAxIDAgMTAuNyAyLjggMiAyIDAgMCAwLS4xMi0uNzRsLS4xNS0uMzhhNiA2IDAgMCAwLTEuNjQtMi40OEM5MS45IDE3LjMyIDg4LjUgMTYgODUgMTZaIiBmaWxsPSIjMDAwIiBmaWxsLW9wYWNpdHk9Ii42Ii8+PC9nPjxnIHRyYW5zZm9ybT0idHJhbnNsYXRlKDc2IDgyKSI+PHBhdGggZD0iTTE1Ljk4IDE3LjEzQzE3LjQ4IDcuNiAzMC4wNiAxLjEgMzkuMTYgNS4zYTIgMiAwIDEgMCAxLjY4LTMuNjNjLTExLjUtNS4zLTI2LjkgMi42Ni0yOC44MiAxNC44NGEyIDIgMCAwIDAgMy45Ni42M1pNOTYuMDIgMTcuMTNDOTQuNTIgNy42IDgxLjk0IDEuMSA3Mi44NCA1LjNhMiAyIDAgMSAxLTEuNjgtMy42M2MxMS41LTUuMyAyNi45IDIuNjYgMjguODIgMTQuODRhMiAyIDAgMCAxLTMuOTYuNjNaIiBmaWxsPSIjMDAwIiBmaWxsLW9wYWNpdHk9Ii42Ii8+PC9nPjxnIHRyYW5zZm9ybT0idHJhbnNsYXRlKC0xKSI+PHBhdGggZD0iTTE3Ny43NSAzNy44NmM5LjUyIDcuMSAxNy43NiAxOC41OCAxOC4xNiAzMC44Mi4xNyA1LjUtLjYyIDExLjIzLTEuNzMgMTYuNjItLjUgMi40Ni0xLjYgNC42Ni0yLjcgNi44NS0xLjA3IDIuMTItMi4xMyA0LjI0LTIuNjQgNi41OC0yLjYzLTguOTMtMTAuMDktMTMuOTctMTcuNS0xOS0zLjk2LTIuNjYtNy45LTUuMzMtMTEuMS04LjU4IDEuMDIgMS45MyAyLjMgMy43IDMuNiA1LjQ2IDEuMjMgMS43IDIuNDcgMy40IDMuNDUgNS4yMi05LjI0LTUuNjYtMTguMi0xMy44OC0yMi4wMy0yNC4zYTI5LjQ2IDI5LjQ2IDAgMCAxLTYuMSAxNC42N2MtMy4wMiAzLjgtNy41OSA3Ljg3LTEyLjMgOS4zNCAyLjQzLTUuNSA0LjUtMTEuMjEgNi40LTE2LjkyLTEuNzggMi4zMS03LjIxIDExLjI5LTkuNiAxNS4yM2wtLjc3IDEuMjZhNzMuOSA3My45IDAgMCAxLTEwLjQ3IDEzLjM1Yy0uNS41My0xLjQyIDEuNTItLjY3LjU0LTEuODUgMi4zNS00LjQ1IDQuMjYtNi45IDYuMDdsLTEuNCAxLjA0YTUxLjY3IDUxLjY3IDAgMCAxLTkuMiA1LjQ4Yy03LjEgMy4zMS0xNC4zOCA0LjU0LTIyLjExIDMuMi45LjEgMi4zNS0uNCAzLjUzLS44MmEyMCAyMCAwIDAgMSAxLjIyLS40YzEuOC0uNSAzLjQ3LTEuMTIgNS4xMS0yLjAyYTUzLjg1IDUzLjg1IDAgMCAwIDkuMTgtNi40MmMtMS4zNy41OC0yLjYgMS40Mi0zLjg0IDIuMjctMS4yMy44My0yLjQ2IDEuNjctMy44MyAyLjI3LTIuMjggMS00LjU0IDEuNTMtNy4wMyAxLjc3LTUuNDYuNTMtMTItLjcyLTE2LjcyLTMuNi01LjUtMy4zMi04LjU0LTkuMDQtOS45OS0xNS4xMy0xLjY4LTcuMDYtLjYzLTE1LjA0IDMuMzMtMjEuMDcuMTMgMi4xNCA0LjQzIDMuMDYgNy45MiAyLjUzIDMuNzctLjU5IDYuOTUtNi41MiAxMC45LTEzLjkzIDYuMTktMTEuNTUgMTQuMjgtMjYuNjcgMjkuNTItMzAuNjQgMTkuOTYtNS4yIDM0LjIxIDMuODcgMzUuNDIgNC42NiAxLjIyLjc4IDEuOC42MyAyLjkzLjMybC42OC0uMTdjNi4zNS0xLjUyIDEzLjI2LTIuMiAxOS43LS45MiA2LjM1IDEuMjYgMTIuNDMgNC41NCAxNy41NyA4LjM4Wk03MS45MyAxMTAuNzVsLjIuMDRhMS42IDEuNiAwIDAgMS0uMi0uMDRaTTc5IDE1Ni4yYy44LTEuNTMgMS41Ny0zLjA2IDIuMzItNC42QTU2LjIgNTYuMiAwIDAgMCAxMDkgMTgwLjZ2OS4wMWE1NC40IDU0LjQgMCAwIDEtNy43MyAxLjk3Yy05IDEuNjItMzQuMzItMy41My00NS40NC0xMS45OC0uODUtLjY1LS40Mi0xLjkyLjY3LTIgMTEuNjYtLjggMTcuNjMtMTIuMTMgMjIuNC0yMS4ybC4xLS4yWk0xNTcgMTgzLjA1di0yLjQ0YzYuOTUtMy4zIDEzLjExLTggMTguMTMtMTMuNzEuNzEgMi4yNCAxLjc1IDQuMzMgMy40MyA1Ljc5IDEuMzIgMS4xNCAzLjQ4IDEuMTIgNS4zNCAxLjFsMS4yLjAxYzEuNjcuMDUgMy4zNC4wNiA1LjAyLS4wMi44My0uMDMgMS4yIDEuMDIuNTMgMS41YTM5LjIgMzkuMiAwIDAgMS0zLjY0IDIuMDcgMjkuMyAyOS4zIDAgMCAxLTcuOTggMi43NGMtMS45Mi4zNC0zLjgyLjQtNS42Ni4xOGE5Ljg0IDkuODQgMCAwIDAgMS43IDEuOTRjMS40MSAxLjIyIDMuNzIgMS4yIDUuNyAxLjE5aDEuMjhjMS43OS4wNSAzLjU4LjA2IDUuMzYtLjAyLjktLjA0IDEuMyAxLjA5LjU3IDEuNmE0MS45NyA0MS45NyAwIDAgMS0zLjg4IDIuMjIgMzEuMjQgMzEuMjQgMCAwIDEtOC41MyAyLjkyYy01LjUuOTctMTAuODYtLjE4LTE1LjE5LTMuN2EyNC45IDI0LjkgMCAwIDEtMy4zOC0zLjM3WiIgZmlsbD0iIzRhMzEyYyIvPjxwYXRoIGQ9Ik04MS4zMiAxNTEuNmMtLjc1IDEuNTQtMS41MSAzLjA3LTIuMzEgNC42bC0uMS4xOGMtNC43NyA5LjA4LTEwLjc0IDIwLjQyLTIyLjQgMjEuMjItMS4wOS4wNy0xLjUyIDEuMzQtLjY3IDEuOTkgMTEuMTIgOC40NSAzNi40MyAxMy42IDQ1LjQ0IDExLjk4YTU0LjQgNTQuNCAwIDAgMCA3LjczLTEuOTZ2LTguOTlhNTYuMiA1Ni4yIDAgMCAxLTI3LjY4LTI5Wk0xNTcgMTgwLjYxdjIuNDRhMjQuOSAyNC45IDAgMCAwIDMuMzggMy4zNmM0LjMzIDMuNTMgOS43IDQuNjggMTUuMiAzLjcxYTMxLjI0IDMxLjI0IDAgMCAwIDguNTEtMi45MiA0MS45NyA0MS45NyAwIDAgMCAzLjg5LTIuMjJjLjcyLS41MS4zMi0xLjY0LS41Ny0xLjYtMS43OC4wOC0zLjU3LjA3LTUuMzUuMDJoLTEuMjljLTEuOTguMDEtNC4yOS4wMy01LjctMS4yYTkuODQgOS44NCAwIDAgMS0xLjctMS45M2MxLjg0LjIyIDMuNzQuMTYgNS42Ni0uMThhMjkuMyAyOS4zIDAgMCAwIDcuOTgtMi43MyAzOS4yIDM5LjIgMCAwIDAgMy42NC0yLjA4Yy42OC0uNDguMy0xLjUzLS41My0xLjVhNjkuOSA2OS45IDAgMCAxLTUuMDIuMDJoLTEuMmMtMS44Ni4wMS00LjAyLjAzLTUuMzQtMS4xMS0xLjY5LTEuNDYtMi43Mi0zLjU1LTMuNDMtNS44QTU2LjE4IDU2LjE4IDAgMCAxIDE1NyAxODAuNjJaIiBmaWxsPSIjMDAwIiBmaWxsLW9wYWNpdHk9Ii4xNiIvPjwvZz48ZyB0cmFuc2Zvcm09InRyYW5zbGF0ZSg0OSA3MikiPjxwYXRoIGQ9Ik01Ny41NSA2OS42OGEzMS44IDMxLjggMCAwIDEgNC44NC0yLjU1QzY3LjU4IDY1LjE1IDc3LjIgNjUuNzEgODQgNjkuM2M2LjgtMy41OSAxNi40Mi00LjE1IDIxLjYxLTIuMTcgMS42NC42MyAzLjIyIDEuNTcgNC44NCAyLjU1IDQuMTMgMi40NyA4LjU1IDUuMTIgMTQuOTEgMy4xNS4zNy0uMTIuNzMuMjIuNjIuNTgtMS4zNyA0LjUtOSA3LjYtMTEuNiA3LjctNi4yLjI0LTExLjc1LTIuMjYtMTcuMTMtNC42OS00LjQ0LTItOC43Ny0zLjk2LTEzLjI1LTQuMjYtNC40OC4zLTguOCAyLjI2LTEzLjI1IDQuMjYtNS4zOCAyLjQzLTEwLjkyIDQuOTMtMTcuMTMgNC42OS0yLjYtLjEtMTAuMjMtMy4yLTExLjYtNy43LS4xMS0uMzYuMjUtLjcuNjItLjU4IDYuMzYgMS45NyAxMC43OC0uNjggMTQuOS0zLjE1WiIgZmlsbD0iI2U4ZTFlMSIvPjwvZz48ZyB0cmFuc2Zvcm09InRyYW5zbGF0ZSg2MiA0MikiPjwvZz48L2c+PC9nPjwvc3ZnPg==', '{"personal":{"isChild":false,"sex":"Masculino","gender":"Homem cisgênero","rg":"20.634.938-2","maritalStatus":"União estável","profession":"Autônomo","company":"Autônomo","education":"Superior incompleto","address":"Rua Nunes, 571","city":"Curitiba","state":"PR","zip":"99284-322"},"clinical":{"complaint":"Transtorno alimentar","goals":"Reorganizar a rotina e o autocuidado","suffering":"Intenso","history":"Encaminhado(a) pelo clínico geral devido a queixas somáticas.","priorDiagnoses":"Nenhum","priorTreatments":"Psicoterapia anterior","psychiatric":"Não","referrals":"—"},"health":{"depression":false,"anxiety":false,"tdah":false,"tag":true,"bipolar":false,"medications":"—","diseases":"Hipotireoidismo","surgeries":"—","hospitalizations":"Não","familyHistory":"Sem histórico relevante"},"lifestyle":{"sleep":"Insônia frequente","diet":"Restritiva","sports":"Sedentário","gym":"Sim","alcohol":"Social","smoking":"Sim","drugs":"Não","religion":"Evangélica","spirituality":"Pouco"},"financial":{"situation":"Instável","income":"1 a 2 salários","work":"Desempregado","ownHome":"Não","rent":"Não","withFamily":"Não","debt":"Alguma","car":"Sim","motorcycle":"Não"},"interests":{"hobbies":"Leitura","music":"Clássica","movies":"Documentários","books":"Ficção e autoajuda","games":"—","tech":"Médio","social":"Pouco ativo"},"personality":{"introvert":true,"extrovert":false,"communicative":false,"reserved":false,"organized":true,"creative":false,"impulsive":false,"notes":"Bom senso de humor, acolhedor(a)."},"relationships":{"family":"Muito próxima","friends":"Poucos amigos","romantic":"Instável","work":"Boa"}}', NULL, 1764255490229);
INSERT INTO sessions (id, clinic_id, patient_id, psychologist_id, occurred_at, duration_min, mood, emotional_scale, topics, objectives, techniques, evolution, next_steps, free_notes, created_at) VALUES ('c0e77ab4-e6af-452c-8881-0a25b95b1286', '00a53c0f-7baa-45b4-bea5-3159ed4e83ad', '943994fd-e0bb-48d2-99cf-8672e5046536', '1c2b3e6a-6d97-4ad5-9167-ccafd03a8006', 1781708290230, 50, 'Deprimido(a)', 7, '["relacionamento","sono","autoestima","estudos"]', 'Elaborar o processo de luto', 'Ativação comportamental', 'Percebe-se maior consciência emocional e vocabulário afetivo.', 'Retomar atividade física gradualmente.', 'Sessão produtiva. Manter plano terapêutico.', 1781708290230);
INSERT INTO sessions (id, clinic_id, patient_id, psychologist_id, occurred_at, duration_min, mood, emotional_scale, topics, objectives, techniques, evolution, next_steps, free_notes, created_at) VALUES ('004c2c73-2e89-4043-9028-72ed42e51fd8', '00a53c0f-7baa-45b4-bea5-3159ed4e83ad', '943994fd-e0bb-48d2-99cf-8672e5046536', '1c2b3e6a-6d97-4ad5-9167-ccafd03a8006', 1782140290230, 45, 'Angustiado(a)', 6, '["ansiedade","finanças"]', 'Desenvolver estratégias de enfrentamento', 'Psicoeducação', 'Semana difícil, com aumento da sintomatologia ansiosa.', 'Manter diário do sono.', NULL, 1782140290230);
INSERT INTO sessions (id, clinic_id, patient_id, psychologist_id, occurred_at, duration_min, mood, emotional_scale, topics, objectives, techniques, evolution, next_steps, free_notes, created_at) VALUES ('6ca566bd-50c1-44dd-b993-f42fc9099964', '00a53c0f-7baa-45b4-bea5-3159ed4e83ad', '943994fd-e0bb-48d2-99cf-8672e5046536', '1c2b3e6a-6d97-4ad5-9167-ccafd03a8006', 1782917890230, 50, 'Irritado(a)', 4, '["luto","lazer","relacionamento"]', 'Melhorar a comunicação nos relacionamentos', 'Registro de pensamentos', 'Percebe-se maior consciência emocional e vocabulário afetivo.', 'Trabalhar limites nos relacionamentos.', NULL, 1782917890230);
INSERT INTO timeline_events (id, clinic_id, patient_id, session_id, title, description, event_date, category, status, source, created_at) VALUES ('2e06444b-5184-46c9-9a0c-b6e516c84f84', '00a53c0f-7baa-45b4-bea5-3159ed4e83ad', '943994fd-e0bb-48d2-99cf-8672e5046536', '6ca566bd-50c1-44dd-b993-f42fc9099964', 'Início do acompanhamento', 'Percebe-se maior consciência emocional e vocabulário afetivo.', 1773586690230, 'trabalho', 'confirmed', 'ai', 1774277890230);
INSERT INTO timeline_events (id, clinic_id, patient_id, session_id, title, description, event_date, category, status, source, created_at) VALUES ('3ac672bd-0462-4ff0-846b-7f2251b40bd8', '00a53c0f-7baa-45b4-bea5-3159ed4e83ad', '943994fd-e0bb-48d2-99cf-8672e5046536', NULL, 'Viagem/afastamento', 'Paciente demonstrou boa adesão às tarefas propostas.', 1779634690230, 'clínico', 'suggested', 'manual', 1771253890230);
INSERT INTO timeline_events (id, clinic_id, patient_id, session_id, title, description, event_date, category, status, source, created_at) VALUES ('7613762a-fd41-4246-844e-50beb0144eea', '00a53c0f-7baa-45b4-bea5-3159ed4e83ad', '943994fd-e0bb-48d2-99cf-8672e5046536', NULL, 'Viagem/afastamento', 'Trouxe avanços na aplicação das técnicas no dia a dia.', 1777820290230, 'pessoal', 'suggested', 'ai', 1780325890230);
INSERT INTO timeline_events (id, clinic_id, patient_id, session_id, title, description, event_date, category, status, source, created_at) VALUES ('52aab0fb-db2f-4855-b43c-3612d7372dbc', '00a53c0f-7baa-45b4-bea5-3159ed4e83ad', '943994fd-e0bb-48d2-99cf-8672e5046536', NULL, 'Conclusão de etapa', 'Relatou leve melhora nos sintomas ao longo da semana.', 1780930690230, 'pessoal', 'confirmed', 'manual', 1778684290230);
INSERT INTO ai_summaries (id, clinic_id, patient_id, appointment_id, content, suggested_questions, model, status, approved_content, approved_by, approved_at, created_at) VALUES ('55b286d8-e775-48c4-8a48-494b2ce76eaa', '00a53c0f-7baa-45b4-bea5-3159ed4e83ad', '943994fd-e0bb-48d2-99cf-8672e5046536', NULL, 'Paciente em acompanhamento por ansiedade e crises de pânico. Ao longo das sessões observa-se evolução gradual, com melhor manejo emocional e boa adesão às técnicas propostas. Recomenda-se manter o plano terapêutico atual.', '["Como você tem dormido esta semana?","O que funcionou melhor entre as estratégias que combinamos?","Houve algum gatilho importante desde a última sessão?"]', 'vinculo-ai', 'ready', NULL, '1c2b3e6a-6d97-4ad5-9167-ccafd03a8006', 1782226690230, 1781017090230);
INSERT INTO ai_alerts (id, clinic_id, patient_id, type, severity, message, status, created_at) VALUES ('281bcc5c-c6a4-48d0-983e-d937aae081ab', '00a53c0f-7baa-45b4-bea5-3159ed4e83ad', '943994fd-e0bb-48d2-99cf-8672e5046536', 'medication', 'medium', 'Relato de interrupção da medicação por conta própria.', 'active', 1780671490230);
INSERT INTO ai_alerts (id, clinic_id, patient_id, type, severity, message, status, created_at) VALUES ('c6cf72ee-7947-4cf3-99f1-0d6e2a9de0b7', '00a53c0f-7baa-45b4-bea5-3159ed4e83ad', '943994fd-e0bb-48d2-99cf-8672e5046536', 'risk', 'critical', 'Ideação com conteúdo de autolesão — atenção prioritária.', 'active', 1780153090230);
INSERT INTO appointments (id, clinic_id, patient_id, psychologist_id, starts_at, ends_at, status, created_at) VALUES ('4a576874-5273-4484-ac81-1a09b94c88b3', '00a53c0f-7baa-45b4-bea5-3159ed4e83ad', '943994fd-e0bb-48d2-99cf-8672e5046536', '1c2b3e6a-6d97-4ad5-9167-ccafd03a8006', 1782313090230, 1782316090230, 'done', 1781794690230);
INSERT INTO appointments (id, clinic_id, patient_id, psychologist_id, starts_at, ends_at, status, created_at) VALUES ('398332db-fc1e-4025-805a-0493efdde3ab', '00a53c0f-7baa-45b4-bea5-3159ed4e83ad', '943994fd-e0bb-48d2-99cf-8672e5046536', '1c2b3e6a-6d97-4ad5-9167-ccafd03a8006', 1782917890230, 1782920890230, 'canceled', 1782485890230);
INSERT INTO appointments (id, clinic_id, patient_id, psychologist_id, starts_at, ends_at, status, created_at) VALUES ('6860418c-fe28-407f-9df2-f197469e1771', '00a53c0f-7baa-45b4-bea5-3159ed4e83ad', '943994fd-e0bb-48d2-99cf-8672e5046536', '1c2b3e6a-6d97-4ad5-9167-ccafd03a8006', 1783954690230, 1784476090230, 'scheduled', 1783349890230);
INSERT INTO consents (id, clinic_id, patient_id, type, version, granted_at, ip, revoked_at, created_at) VALUES ('b2dabe45-34ee-4d36-b3d9-0a485fc86b52', '00a53c0f-7baa-45b4-bea5-3159ed4e83ad', '943994fd-e0bb-48d2-99cf-8672e5046536', 'general', '1.0', 1764255490229, '189.163.161.105', NULL, 1764255490229);
INSERT INTO consents (id, clinic_id, patient_id, type, version, granted_at, ip, revoked_at, created_at) VALUES ('69cc471d-9052-47dd-b7bf-b5abf23e2bb5', '00a53c0f-7baa-45b4-bea5-3159ed4e83ad', '943994fd-e0bb-48d2-99cf-8672e5046536', 'ai', '1.0', 1764255490229, '189.240.108.81', NULL, 1764255490229);
INSERT INTO consents (id, clinic_id, patient_id, type, version, granted_at, ip, revoked_at, created_at) VALUES ('0b6af3e3-5ca5-457f-8f3c-889557179c6a', '00a53c0f-7baa-45b4-bea5-3159ed4e83ad', '943994fd-e0bb-48d2-99cf-8672e5046536', 'recording', '1.0', 1764255490229, NULL, NULL, 1764255490229);
INSERT INTO patients (id, clinic_id, psychologist_id, full_name, social_name, cpf, email, phone, whatsapp, birth_date, status, photo, profile, deleted_at, created_at) VALUES ('61692f4b-53db-4709-9dc0-8bb51f1d378b', '00a53c0f-7baa-45b4-bea5-3159ed4e83ad', '1c2b3e6a-6d97-4ad5-9167-ccafd03a8006', 'Renata Silva Ferreira', NULL, '760.692.996-71', 'renata.8@email.com', '(30) 99159-5504', '(95) 92262-5980', -119437309770, 'active', 'data:image/svg+xml;base64,PHN2ZyB4bWxucz0iaHR0cDovL3d3dy53My5vcmcvMjAwMC9zdmciIHZpZXdCb3g9IjAgMCAyODAgMjgwIiBmaWxsPSJub25lIiBzaGFwZS1yZW5kZXJpbmc9ImF1dG8iPjxtZXRhZGF0YSB4bWxuczpyZGY9Imh0dHA6Ly93d3cudzMub3JnLzE5OTkvMDIvMjItcmRmLXN5bnRheC1ucyMiIHhtbG5zOnhzaT0iaHR0cDovL3d3dy53My5vcmcvMjAwMS9YTUxTY2hlbWEtaW5zdGFuY2UiIHhtbG5zOmRjPSJodHRwOi8vcHVybC5vcmcvZGMvZWxlbWVudHMvMS4xLyIgeG1sbnM6ZGN0ZXJtcz0iaHR0cDovL3B1cmwub3JnL2RjL3Rlcm1zLyI+PHJkZjpSREY+PHJkZjpEZXNjcmlwdGlvbj48ZGM6dGl0bGU+QXZhdGFhYXJzPC9kYzp0aXRsZT48ZGM6Y3JlYXRvcj5QYWJsbyBTdGFubGV5PC9kYzpjcmVhdG9yPjxkYzpzb3VyY2UgeHNpOnR5cGU9ImRjdGVybXM6VVJJIj5odHRwczovL2F2YXRhYWFycy5jb20vPC9kYzpzb3VyY2U+PGRjdGVybXM6bGljZW5zZSB4c2k6dHlwZT0iZGN0ZXJtczpVUkkiPmh0dHBzOi8vYXZhdGFhYXJzLmNvbS88L2RjdGVybXM6bGljZW5zZT48ZGM6cmlnaHRzPlJlbWl4IG9mIOKAnkF2YXRhYWFyc+KAnSAoaHR0cHM6Ly9hdmF0YWFhcnMuY29tLykgYnkg4oCeUGFibG8gU3RhbmxleeKAnSwgbGljZW5zZWQgdW5kZXIg4oCeRnJlZSBmb3IgcGVyc29uYWwgYW5kIGNvbW1lcmNpYWwgdXNl4oCdIChodHRwczovL2F2YXRhYWFycy5jb20vKTwvZGM6cmlnaHRzPjwvcmRmOkRlc2NyaXB0aW9uPjwvcmRmOlJERj48L21ldGFkYXRhPjxtYXNrIGlkPSJ2aWV3Ym94TWFzayI+PHJlY3Qgd2lkdGg9IjI4MCIgaGVpZ2h0PSIyODAiIHJ4PSIxNDAiIHJ5PSIxNDAiIHg9IjAiIHk9IjAiIGZpbGw9IiNmZmYiIC8+PC9tYXNrPjxnIG1hc2s9InVybCgjdmlld2JveE1hc2spIj48cmVjdCBmaWxsPSIjZDFkNGY5IiB3aWR0aD0iMjgwIiBoZWlnaHQ9IjI4MCIgeD0iMCIgeT0iMCIgLz48ZyB0cmFuc2Zvcm09InRyYW5zbGF0ZSg4KSI+PHBhdGggZD0iTTEzMiAzNmE1NiA1NiAwIDAgMC01NiA1NnY2LjE3QTEyIDEyIDAgMCAwIDY2IDExMHYxNGExMiAxMiAwIDAgMCAxMC4zIDExLjg4IDU2LjA0IDU2LjA0IDAgMCAwIDMxLjcgNDQuNzN2MTguNGgtNGE3MiA3MiAwIDAgMC03MiA3MnY5aDIwMHYtOWE3MiA3MiAwIDAgMC03Mi03MmgtNHYtMTguMzlhNTYuMDQgNTYuMDQgMCAwIDAgMzEuNy00NC43M0ExMiAxMiAwIDAgMCAxOTggMTI0di0xNGExMiAxMiAwIDAgMC0xMC0xMS44M1Y5MmE1NiA1NiAwIDAgMC01Ni01NloiIGZpbGw9IiNmZmRiYjQiLz48cGF0aCBkPSJNMTA4IDE4MC42MXY4YTU1Ljc5IDU1Ljc5IDAgMCAwIDI0IDUuMzljOC41OSAwIDE2LjczLTEuOTMgMjQtNS4zOXYtOGE1NS43OSA1NS43OSAwIDAgMS0yNCA1LjM5IDU1Ljc5IDU1Ljc5IDAgMCAxLTI0LTUuMzlaIiBmaWxsPSIjMDAwIiBmaWxsLW9wYWNpdHk9Ii4xIi8+PGcgdHJhbnNmb3JtPSJ0cmFuc2xhdGUoMCAxNzApIj48cGF0aCBkPSJNOTIuNjggMjkuOTRBNzIuMDIgNzIuMDIgMCAwIDAgMzIgMTAxLjA1VjExMGgyMDB2LTguOTVhNzIuMDIgNzIuMDIgMCAwIDAtNjAuNjgtNzEuMTEgMjMuODcgMjMuODcgMCAwIDEtNy41NiAxMy42bC0yOS4wOCAyNi4yM2E0IDQgMCAwIDEtNS4zNiAwbC0yOS4wOC0yNi4yM2EyMy44NyAyMy44NyAwIDAgMS03LjU2LTEzLjZaIiBmaWxsPSIjYTdmZmM0Ii8+PC9nPjxnIHRyYW5zZm9ybT0idHJhbnNsYXRlKDc4IDEzNCkiPjxwYXRoIGQ9Ik0yOCAyNi4yNGMxLjM2LjUgMi44NC43NiA0LjQuNzYgNS4zMSAwIDkuODEtMy4xNSAxMS4yOS03LjQ5IDIuNDcgMi4xNyA2LjE3IDMuNTQgMTAuMzEgMy41NCA0LjE0IDAgNy44NC0xLjM3IDEwLjMxLTMuNTMgMS40OCA0LjM1IDUuOTggNy41IDExLjMgNy41IDEuNTUgMCAzLjAzLS4yNyA0LjQtLjc2aC0uMTljLTYuMzMgMC0xMS44LTQuOS0xMS44LTEwLjU2IDAtNC4xOCAyLjMyLTcuNzIgNS42OS05LjY4LTUuNS44LTkuNzMgNS05LjkgMTAuMWExNy42MSAxNy42MSAwIDAgMS05LjggMi44Yy0zLjggMC03LjI1LTEuMDYtOS44LTIuOC0uMTgtNS4xLTQuNC05LjMtOS45LTEwLjFhMTEuMTggMTEuMTggMCAwIDEgNS42OCA5LjY4YzAgNS42Ni01LjQ3IDEwLjU3LTExLjggMTAuNTdIMjhaIiBmaWxsPSIjMDAwIiBmaWxsLW9wYWNpdHk9Ii42IiBvcGFjaXR5PSIuNiIvPjxwYXRoIGQ9Ik0xNyAyNGE5IDkgMCAxIDAgMC0xOCA5IDkgMCAwIDAgMCAxOFpNOTEgMjRhOSA5IDAgMSAwIDAtMTggOSA5IDAgMCAwIDAgMThaIiBmaWxsPSIjRkY0NjQ2IiBmaWxsLW9wYWNpdHk9Ii4yIi8+PC9nPjxnIHRyYW5zZm9ybT0idHJhbnNsYXRlKDEwNCAxMjIpIj48cGF0aCBmaWxsLXJ1bGU9ImV2ZW5vZGQiIGNsaXAtcnVsZT0iZXZlbm9kZCIgZD0iTTE2IDhjMCA0LjQyIDUuMzcgOCAxMiA4czEyLTMuNTggMTItOCIgZmlsbD0iIzAwMCIgZmlsbC1vcGFjaXR5PSIuMTYiLz48L2c+PGcgdHJhbnNmb3JtPSJ0cmFuc2xhdGUoNzYgOTApIj48cGF0aCBkPSJNMzYgMjJhNiA2IDAgMSAxLTEyIDAgNiA2IDAgMCAxIDEyIDBaTTg4IDIyYTYgNiAwIDEgMS0xMiAwIDYgNiAwIDAgMSAxMiAwWiIgZmlsbD0iIzAwMCIgZmlsbC1vcGFjaXR5PSIuNiIvPjwvZz48ZyB0cmFuc2Zvcm09InRyYW5zbGF0ZSg3NiA4MikiPjxnIGZpbGwtcnVsZT0iZXZlbm9kZCIgY2xpcC1ydWxlPSJldmVub2RkIiBmaWxsPSIjREFEQURBIj48cGF0aCBkPSJNNTcgMTIuODJaTTk2LjEyIDcuNmMxLjQ2LjU2IDkuMTkgNi40MyA3Ljg2IDkuMTZhLjguOCAwIDAgMS0xLjI5LjIyIDEwLjYzIDEwLjYzIDAgMCAwLTEuNy0xLjE5Yy01LjEtMi44NC0xMS4zLTEuOTMtMTYuNzMtLjkxLTYuMTIgMS4xNC0xMi4xMSAzLjQ4LTE4LjM5IDIuNjctMi4wNC0uMjYtNi4wOC0xLjIyLTcuNjMtMi45Ni0uNDctLjUzLS4wNi0xLjM4LjY0LTEuNDMgMS40NC0uMTEgMi44Ni0uODYgNC4zMy0xLjI4IDMuNjUtMS4wMyA3LjQtMS41NiAxMS4xMS0yLjI5IDYuNjItMS4zIDE1LjE3LTQuNTMgMjEuOC0yWiIvPjxwYXRoIGQ9Ik01OC43NiAxMi43NmMtMS4xNy4wNC0yLjggMy41Ni0uNTYgMy42OCAyLjIzLjExIDEuNzMtMy43Mi41Ni0zLjY4Wk01NSAxMi44YzAtLjAxIDAtLjAxIDAgMFpNMTUuODggNy41NmMtMS40Ni41Ni05LjE5IDYuNDMtNy44NiA5LjE2LjI0LjUuODkuNiAxLjI5LjIyLjU1LS41MiAxLjU4LTEuMTEgMS43MS0xLjE4IDUuMS0yLjg0IDExLjMtMS45MyAxNi43My0uOTEgNi4xMiAxLjE0IDEyLjExIDMuNDggMTguMzkgMi42NyAyLjA0LS4yNiA2LjA4LTEuMjIgNy42My0yLjk2LjQ3LS41My4wNi0xLjM4LS42NC0xLjQzLTEuNDQtLjExLTIuODYtLjg2LTQuMzMtMS4yOC0zLjY1LTEuMDMtNy40LTEuNTYtMTEuMTEtMi4yOS02LjYyLTEuMy0xNS4xNy00LjUzLTIxLjgtMloiLz48cGF0aCBkPSJNNTQuOTcgMTEuNzljMS4xNy4wNCAyLjc3IDQuNS41MyA0LjY3LTIuMjQuMTgtMS43LTQuNzEtLjUzLTQuNjdaIi8+PC9nPjwvZz48ZyB0cmFuc2Zvcm09InRyYW5zbGF0ZSgtMSkiPjxwYXRoIGZpbGwtcnVsZT0iZXZlbm9kZCIgY2xpcC1ydWxlPSJldmVub2RkIiBkPSJNMjE4LjIgMTA3LjE2YTEyLjIgMTIuMiAwIDAgMS02LjI1LTUuNTYgOS42MiA5LjYyIDAgMCAxIDEuOTUtLjEzYzIuMjctLjAyIDUuMTUtLjA0IDQuNjItMi44Ny0uNTctMi45OC01LjQtMi4wNy03LjI4LTEuNi41OC0uMzYgMS4zNC0uNDkgMi4xMi0uNjIgMS40OS0uMjUgMy0uNTEgMy4zMS0yLjMzLjUzLTMuMTgtMy4yOS0zLjA4LTUuMDgtMi40LS4yNi0yLjEyIDItMy44OSA0LjE0LTUuNTUgMS4yNS0uOTcgMi40NS0xLjkgMy4wOC0yLjg1LjEzLS4yLjI5LS4zOC40My0uNTUuNDctLjUzLjg2LS45Ny4zMS0yLjA4LTEuMTYtMi4zNS0zLjk1LjMyLTUuMzQgMS42NmwtLjQ1LjQzYy44OC0xLjYzIDMuMzItOC40IDIuOTUtMTAuMTMtLjU0LTIuNTItMi4zNC0yLjYxLTMuNzgtLjU2LS42Mi44OC0uOTQgMi42NS0xLjIzIDQuMjYtLjE1LjgxLS4yOSAxLjU4LS40NSAyLjE2LS44Ny0uNjUtMS4zOS0uNy0xLjctLjc0LS40My0uMDQtLjQ5LS4wNS0uNTUtMS40NS0uMDQtMS4wMi44LTIuNyAxLjU2LTQuMTYuNC0uOC43OS0xLjU0Ljk3LTIuMDkuMDgtLjI0LjItLjUxLjMtLjgxLjUzLTEuMzYgMS4yNC0zLjE4LjY1LTQuMjMtMS43OC0zLjE1LTMuNDggMS4xNy0zLjk0IDIuNjUtLjUtMi4xNC41LTMuOTcgMS41My01Ljg4LjYtMS4xMyAxLjI0LTIuMyAxLjU3LTMuNTUuNTQtMi4wNSAxLjk3LTcuNTgtLjUxLTguNTYtMi40OC0uOTgtMi41MSAyLjEyLTIuNTMgNC42Ni0uMDEuOTMtLjAyIDEuNzktLjE1IDIuMzRsLS4wMy4xM2MtLjM3IDEuNTctLjkyIDMuOTctMi4xIDQuNzEtLjE4LjExLTIuODMuMzQtMi45Ni4yLTEuMS0xLjI5LjQyLTMuNTMgMS43NC01LjQ5Ljc2LTEuMTMgMS40Ni0yLjE3IDEuNTUtMi44Ny4yMi0xLjczLS40NC0yLjgyLTIuMDYtMi45Mi0uNDctLjAzLTEuMS4zNi0xLjYxLjctLjQuMjQtLjczLjQ1LS44OS40MS0xLjA3LS4yMy0uMzYtMy44Mi4xNy02LjUuMi0xLjA0LjM4LTEuOTQuNDItMi40Ni4xNS0yLS4xLTcuMTctMy40OC00Ljc5bC4xNi0yLjA2Yy4xNS0xLjk1LjMtMy44Ni41Ny01LjgzLjA1LS4zNy4xOC0uNzMuMy0xLjA4LjMyLS45Ny42My0xLjg2LS42Ny0yLjY5LTIuMTYtMS4zNi0zLjM2IDEuNS0zLjg1IDMuMTctLjI2LjktLjI3IDEuOTMtLjI4IDIuOTUtLjA0IDIuMjktLjA3IDQuNDUtMi44NyA0LjUyLTMuMzcuMDctMi42My0yLjQyLTEuODctNC45OS4yOS0xIC41OS0yIC42NS0yLjg4LjEzLTEuNzQtMS4wMS02LjQyLTMuMjYtMy4yNi0uNTMuNzMtLjY0IDIuNTYtLjc0IDQuMjUtLjA3IDEuMTktLjE0IDIuMy0uMzQgMi45Mi0uNTYtLjI1LS4zNy0xLjQtLjE3LTIuNjEuMi0xLjIuNDEtMi40NC0uMDYtMi45NS0xLjUtMS42NC0yLjgyLS4zNi0zLjk0LjcyLS40MS40LS44Ljc5LTEuMTYuOTdsLS4wOC0xLjIyYy0uMDYtMS4wNC0uMTMtMi4wOC0uMTctMy4xMi0uMDMtLjcyLjEtMS43LjIyLTIuNzUuMjgtMi4xNS41OC00LjU4LS4zNC01LjYtMi4zMy0yLjU5LTMuODIuNDMtNC41IDIuNTMtLjEuMjgtLjE4LjU3LS4yNS44NS0uNDUgMS41Ni0uODMgMi45My0yLjk4IDMuMTUuMDgtMS4xLS4yOC0yLjctLjY1LTQuMzgtLjU0LTIuNDMtMS4xMi01LS4zOS02LjM1LjI3LS41LjY3LS41OSAxLjA3LS42OC40Mi0uMDkuODUtLjE4IDEuMS0uNzguODMtMS45LS41MS0yLjcxLTEuOTgtMi43Ny00LjE3LS4xOC0zLjggMy4zMS0zLjQ2IDYuNTguMjIgMi4wNC40MiA0LS41IDQuOS0uNTUtLjUtLjU0LTEuMDMtLjUyLTEuNi4wMS0uNi4wMy0xLjI0LS41NS0xLjk5LTEuMjItMS42LTMuMTctMS40Ni00LjkyLS43MyAwLS4zLjA2LS45My4xNi0xLjcyLjQxLTMuNSAxLjItMTAuMjctMy4yNC02LjEtLjgyLjc3LTEgMS44Ni0xLjE4IDIuOTMtLjEyLjctLjIzIDEuMzctLjUxIDEuOTUtLjcgMS40NS0yLjQgMy42LTMuMzQgNC43OC0uNDctMS45Mi4xNi00LjI2LjctNi4yMmwuMTItLjQ1Yy4xMi0uNDUuNDYtMS4yLjg1LTIuMDcuODQtMS44NCAxLjktNC4yIDEuNTMtNS4xNy0xLjI3LTMuMzgtNC42My41LTYuNTIgMi42OC0uNDUuNTEtLjguOTQtMS4wNSAxLjE1LTEuNTggMS40LTcuODggNi4wNC05LjkgNC42NC0uMzItLjIzLS4zNi0uNzQtLjQtMS4zLS4wNS0uNjUtLjExLTEuMzgtLjYyLTEuODMtLjQ4LS40LTIuNDgtLjYtMy4wNi0uNTQuMzYtMS41LS4zNC0zLjQzLTIuMDUtMi45LTEuMjMuMzYtMS40NSAxLjU2LTEuNjcgMi43NC0uMTYuODgtLjMzIDEuNzUtLjkxIDIuMjUtMS41IDEuMjktMy4xNy4zLTQuODQtLjY4LTEuMTUtLjY4LTIuMy0xLjM2LTMuNC0xLjMuMDctLjMyLjIyLS43Ni40LTEuMjguODQtMi40NCAyLjIyLTYuNDUtMS44LTQuODctMS4yNS40OS0yLjEzIDMuMzUtMi40NSA0LjU0LS4xNC41NS0uMjQgMS4wMi0uMzIgMS40Mi0uMzkgMS44Mi0uNSAyLjMyLTMuMTggMy4wMy4wOS0uNjMuMDktMS4zLjEtMS45OCAwLTEuMjUgMC0yLjUzLjU1LTMuNTQuMTQtLjI4LjQtLjYzLjctMS4wMyAxLjE2LTEuNTMgMi44MS0zLjcxLS4yNC00LjA1LTMuNzgtLjQtNC4yNiA0LjY4LTQuNTkgOC4xNy0uMDguOS0uMTYgMS43LS4yOCAyLjI3LTQuMTItMi41LTYuODYuOTYtOS4zMyA0LjA3bC0uMTUuMTljLjQ1LTEuNDIgMS41Ni0xNS41Ni0yLjk2LTExLjI0LS44NC44LS41MyAxLjg0LS4yNCAyLjg3LjE2LjU1LjMyIDEuMS4yOSAxLjYtLjA4IDEuMjktLjUgMi40My0xIDMuNjJhMjQuNTIgMjQuNTIgMCAwIDEtMi45NyA1LjUzYy0uMy40LS41My43My0uNzEuOTktLjMyLjQ2LS40OC43LS42OS43NC0uMjIuMDQtLjQ4LS4xNy0xLjA0LS42MWE1OC43IDU4LjcgMCAwIDAtLjM4LS4zYy0yLjQzLTEuODctMy41OC02LjYyLTMuNDYtOS41MiAwLS4zNS4wNS0uNzYuMS0xLjE5LjIyLTIuMjQuNTEtNS4yLTIuNS00LjM1LTMuMDEuODYtMi4wNSA2LjE1LTEuNSA5LjJsLjIxIDEuMjZjLjQgMi42OS42NSA1LjQzLjIgOC4xNy0yLjMtMi4zNi0zLjA5Ljg3LTMuNiAyLjk3LS4xNi42My0uMjggMS4xNi0uNDIgMS40LS43IDEuMjYtMS44NCAyLjA3LTIuOTggMi44Ni0uNDYuMzMtLjkzLjY1LTEuMzYgMS0uNDItMS40Ny4yOC0yLjgzLjkzLTQuMS41OS0xLjE1IDEuMTQtMi4yMy44NC0zLjI3LTEuMS0zLjg3LTQuMS45My01LjExIDIuNTVsLS4yLjMyYy0uMjQuMzctLjY5IDEuNDItMS4xOSAyLjU5LS44IDEuODYtMS43MyA0LjA0LTIuMTcgNC4zNC0xLjAzLjY5LTcuNi0yLjUzLTguMjgtMy4xNC0uNTUtLjUxLS43Ni0xLjQ1LS45Ny0yLjM4LS4yNS0xLjExLS41LTIuMjItMS4zNC0yLjYxLTQuNzItMi4yLTEuOTMgNS43My0xIDcuMzdhMjQuMyAyNC4zIDAgMCAxIDIuOTQgMTQuNSA2LjQgNi40IDAgMCAxLTIuNDYtMi4wNyA2LjI4IDYuMjggMCAwIDEtLjg3LTIuNTNjLS4xOS0uOTYtLjM2LTEuODgtLjk0LTIuNDYtMy4zLTMuMjgtMy42OCAyLjg4LTMuNCA0LjguMzIgMi4zNSAxLjIgMy42NiAyLjIgNS4xMy41MS43NiAxLjA2IDEuNTcgMS41NyAyLjYuOTQgMS45LjM3IDQuMDctLjIgNi4yMy0uMjUuOTctLjUxIDEuOTUtLjYzIDIuOS0zLjQzLTMuMy0xOC4yLS41NS0xNC40IDQuNSAxLjE3IDEuNTUgMi40Ny40NCAzLjgtLjcuOTMtLjggMS44Ny0xLjYgMi44LTEuNTUgNC4wOS4yMiA2LjI0IDUuMyA1Ljk3IDguODQtLjUtMS45LTIuNDItMy43Ni0zLjc1LTEuNDQtLjggMS40LjMyIDMuNjcgMS4xIDUuMjVsLjI4LjU3Yy0uOS0uNDQtNS4zNy0yLjUyLTYuMjUtMi4xNi0zLjQ0IDEuNDEgMS4zIDQuMTUgMi41NCA0LjcgNC4yMiAxLjg3IDYuODkgMy45MiA4LjIgOC45OS0xLjQzLS40Ni0xLjg1LTEuMDUtMi4zLTEuNy0uMy0uNDMtLjYyLS44OC0xLjI1LTEuMzQtLjk1LS43LTEuNC0uNy0xLjk2LS43My0uMzEgMC0uNjYtLjAyLTEuMTMtLjE0bC0uMDctLjAyYy0yLjM2LS42LTUuNC0xLjQtOC4wNC0uMy0xLjk3LjgyLTUuMyAzLjMxLTUuOSA1LjY1LS43NyAyLjg3Ljg0IDMuNiAyLjkgMi4xNGE5Ljc3IDkuNzcgMCAwIDAgMi4wOC0yLjIzYzEuMDktMS40NSAyLjEyLTIuODIgNC41LTIuNzNhNi42IDYuNiAwIDAgMSA0LjY0IDIuMzNjLjQ0LjUzLjggMS4xOSAxLjE0IDEuODUuMy41Ny42IDEuMTUuOTggMS42NC4yOC4zOC43NS44MiAxLjIzIDEuMjcuNzMuNjggMS40OSAxLjQgMS43MyAxLjk5IDEuMyAzLjMtLjg3IDYuMjctMi42MyA4LjY4bC0uNDYuNjNjLS40Mi0uNTUtMy40Ny0xLjc2LTQuMS0xLjg4LTIuOTUtLjU2LTQuMDUuOC0yLjIgMy41Mi4zLjQ1LjguNzcgMS4yOCAxLjA4LjQzLjI4Ljg1LjU1IDEuMTUuOTEuMzcuNDUuNjYgMS4wMy45NCAxLjYxLjI3LjU0LjU0IDEuMDguODggMS41My45MiAxLjI0IDIgMi4wOCAzLjEgMi45NC41NS40NCAxLjEyLjg4IDEuNjggMS4zOS0uMzMuMjEtLjQ2LjAyLS42LS4xNy0uMTItLjE3LS4yNS0uMzQtLjUtLjI0LS4yLjA3LS40Ny4wNC0uNzUgMC0uMy0uMDQtLjYxLS4wOC0uODcgMC0uNDcuMTYtLjY0LjY4LS43OSAxLjE1LS4xMi4zNi0uMjMuNy0uNDYuNzktMS45MS43Ni0zLjg0LS41OC01LjctMS44Ni0xLjM0LS45NC0yLjY0LTEuODUtMy44OS0xLjkyLTEuNjEtLjA4LTIuOTcgMS0yLjIgMy4wMy40NCAxLjEzIDIuMDQgMS44NSAzLjI1IDIuNGwuNzkuMzZjMy4yNCAxLjY1IDYuNDggMi44NyA5Ljk1IDEuNmExNC43MyAxNC43MyAwIDAgMCA5LjY3IDMuNjljLTIuMDEgMS00IDIuMjMtNC43IDQuNzJhMTIuMyAxMi4zIDAgMCAxLS45LTEuMTdjLTEuNDEtMS45NS0zLjUyLTQuODgtNC43NC0xLjMtMS4wNCAzLjEgMy43MyA2Ljg3IDUuOTMgOC4yNy0yLjU2Ljc1LTQuNjguOS03LjI4LjYtLjMtLjAzLS42Ni0uMTQtMS4wNC0uMjUtMS40LS40My0zLjA2LS45Mi0yLjIgMiAxLjEzIDMuODMgNy41OSAyLjM3IDEwLjEzIDEuNjItMS43OCAxLjUtOS41NiAxMS43LTIuOCA5LjM5Ljk1LS4zMyAxLjUzLTEuMzQgMi4xMy0yLjQuNzctMS4zNSAxLjU4LTIuNzcgMy4yOC0yLjk4IDIuNDgtLjMgMy4zOCAxLjM3IDQuNDEgMy4yOC40My43OS44OCAxLjYyIDEuNDcgMi4zNy4zOS40OSAxLjMgMS4yMSAyLjI4IDEuOTggMS41OCAxLjI0IDMuMyAyLjYgMy4xNyAzLjI4LS4xLjQ2LS43Mi44Mi0xLjQgMS4yMS0uNzcuNDQtMS42LjkyLTEuOSAxLjYyLS42MiAxLjU1LS4zNCAyLjc1LjU0IDQuMDggMS4xNyAxLjc4IDMuMDkgMi40IDQuOTIgMy4wMS41OC4yIDEuMTQuMzggMS42Ny42IDMuMTcgMS4yOSA0LjMxIDIuODYgNS43MyA2LjIxLTIuNS4xMi05LjYyIDcuMzYtNS4yNiA4LjY1IDEuMTIuMzMgMS4zNS0uMjUgMS42LS45MS4xMi0uMy4yNC0uNi40NS0uODZsLjU1LTEuMDIuMjctLjUyYy40Ni0xLjIuOTctMS4yNyAxLjUyLS4yMi4wNy0uMDIuNDcuMDguOS4xOC40Mi4xLjg4LjIyIDEuMDUuMjMgMS4xOS4wNyAyLjEtLjUzIDMuMDMtMS4xNS40LS4yNi44LS41MyAxLjI0LS43NS4zMS0uMTUuNjItLjI1LjkzLS4zNS42OC0uMjIgMS4zMy0uNDIgMS44Ni0xLjIzLS4wOS4xMy41Ni0yLjUxLjU3LTIuNTQuMTMtLjMxLjM4LS40NS42My0uNi4yNS0uMTMuNTEtLjI4LjY4LS42M2E1NS44IDU1LjggMCAwIDEtMTUuNS0zNC40N0ExMiAxMiAwIDAgMSA2OSAxMjN2LTEzYTEyIDEyIDAgMCAxIDcuNS0xMS4xM2MuNTMuMzggMS4yNyAwIDEuNS0uODQtLjQ2LTEuNSAzLjMtMjcuODUgMTMtMzQuODcgMy42Mi0yLjQ0IDIzLTIuNjIgNDIuMzEtMi42IDE5LjEgMCAzOC4xMS4xOCA0MS42OSAyLjYgOS43IDcuMDIgMTMuNDYgMzMuMzcgMTMgMzQuODcuMjMuODQuOTcgMS4yMiAxLjUuODRBMTIgMTIgMCAwIDEgMTk3IDExMHYxM2ExMiAxMiAwIDAgMS04LjE3IDExLjM4IDU1LjcgNTUuNyAwIDAgMS0xMS4wNyAyOS4yOGMuMi44MS40IDEuNjMuNTUgMi41LjE4IDEuMS4yMyAyLjE0LjI4IDMuMTUuMSAyLjA0LjE5IDMuOTQgMS4zNyA1Ljk1LjE5LjMzLjQyLjYuNjYuODYuMzMuMzguNjYuNzYuODYgMS4yOC4xNi40NC4yIDEuMDUuMjUgMS42OC4xIDEuNC4yIDIuOTIgMS43IDIuOTIgMy4xIDAgMS4zNy01Ljk3LjYtNy4zOC0uMy0uNTQtLjU3LTEtLjgyLTEuNDEtMS4wMy0xLjc0LTEuNjMtMi43NC0xLjU3LTUuNjQgMS43NSAxLjE2IDcuNTMgMy4zOCA5LjQ1IDIuMzIgMy41LTEuOTQtMi42OS0zLjktNS44My00Ljg5YTExLjcgMTEuNyAwIDAgMS0xLjYtLjU2Yy42My0uNjMgMS4zLTEuMTQgMS45Ny0xLjY2IDEuMTMtLjg2IDIuMjUtMS43MiAzLjIyLTMuMS4yNS0uMzQuNDktLjcyLjczLTEuMTEgMS4wMS0xLjYgMi4xLTMuMyAzLjgyLTMuMzguNC0uMDIgMS4wNC4zIDEuNzcuNjUgMS40Ni43IDMuMjQgMS41NiAzLjk0LjIxLjc0LTEuNC0uMjYtMS44OS0xLjE1LTIuMzMtLjI5LS4xNC0uNTctLjI4LS43Ny0uNDQtLjU1LS40NS0uOTUtLjU3LTEuMi0uNjUtLjQ1LS4xMy0uNS0uMTQtLjI3LTEuNDkgMS4xIDEuMTcgMi44LjQzIDMuMjUtMS4wMS4zLS45Mi0uMTYtMS40Ni0uNTYtMS45NS0uMjgtLjM0LS41NS0uNjYtLjU0LTEuMDcgMCAuNC44NC01LjExLjctNC45My44NS0xLjEyIDMuODEtLjggNS4zNC0uNjNoLjA3YzIuMTMuMjQgMi4xNy4zMSAzLjAzIDIuMDJsLjIyLjQyYy44OCAxLjcyIDMuMiA1LjE4IDMuNy42NC4xMy0xLjA4LS44Ni0zLjQtMS40NC00LjM0YTUuMTIgNS4xMiAwIDAgMC0xLjYtMS4zM2MtLjU4LS4zNy0xLjEyLS43MS0xLjMxLTEuMS0uNDgtLjk0LjA4LTIuNDcuNjgtNC4xMi41OS0xLjYxIDEuMjItMy4zMy45Ni00LjczLjMuMTIuNzMuNyAxLjIzIDEuMzggMS4yOSAxLjc1IDMgNC4wNyAzLjk2LjIyLjMzLTEuMjctMS4wMS0zLjI1LTIuMjctNS4xMi0xLjQ4LTIuMi0yLjg2LTQuMjUtMS4yNC00Ljc2IDIuMjktLjczIDQuNjEgMi4yMiA1LjI1IDQuMDQuMi41Ni4yNyAxLjM3LjM1IDIuMjIuMTIgMS4yLjI0IDIuNDguNzIgMy4xNCAzLjAzIDQuMiAzLjQtMi43NSAzLjE2LTQuNTgtLjU2LTQuMDItMS45OS02Ljk4LTUuNjMtOC41IDEuMTQtMS40MiAwLTIuNTgtLjkxLTMuNTNsLS4zNi0uMzdjLjU1LS42IDIuMjItLjc1IDQtLjkxIDMuMTMtLjI4IDYuNjItLjYgNS4yLTMuNDItLjM5LS43OC0xLjUzLTEuMS0yLjUtMS4zNi0uMzYtLjEtLjctLjE5LS45Ni0uM1pNNTkuNSAxMzguOGMwLS4xNC0uMTMtLjA5LS4zNi4xbC4zNS0uMVoiIGZpbGw9IiNkNmIzNzAiLz48L2c+PGcgdHJhbnNmb3JtPSJ0cmFuc2xhdGUoNDkgNzIpIj48L2c+PGcgdHJhbnNmb3JtPSJ0cmFuc2xhdGUoNjIgNDIpIj48L2c+PC9nPjwvZz48L3N2Zz4=', '{"personal":{"isChild":false,"sex":"Feminino","gender":"Mulher cisgênero","rg":"27.557.118-8","maritalStatus":"Casado(a)","profession":"Analista de sistemas","company":"Empresa privada","education":"Superior completo","address":"Rua Pereira, 456","city":"Rio de Janeiro","state":"RJ","zip":"62420-533"},"clinical":{"complaint":"Baixa autoestima e insegurança","goals":"Fortalecer a autoestima","suffering":"Leve","history":"Já fez acompanhamento anterior por cerca de um ano. Retornou após recaída.","priorDiagnoses":"Nenhum","priorTreatments":"Psicoterapia anterior","psychiatric":"Não","referrals":"—"},"health":{"depression":false,"anxiety":false,"tdah":false,"tag":true,"bipolar":false,"medications":"—","diseases":"—","surgeries":"—","hospitalizations":"Não","familyHistory":"Sem histórico relevante"},"lifestyle":{"sleep":"Sono não reparador","diet":"Equilibrada","sports":"Yoga","gym":"Não","alcohol":"Frequente","smoking":"Não","drugs":"Não","religion":"Católica","spirituality":"Moderada"},"financial":{"situation":"Em dificuldade","income":"Acima de 8 salários","work":"Desempregado","ownHome":"Sim","rent":"Não","withFamily":"Não","debt":"Não","car":"Sim","motorcycle":"Sim"},"interests":{"hobbies":"Fotografia","music":"Pop","movies":"Ficção científica","books":"Ficção e autoajuda","games":"Jogos casuais","tech":"Baixo","social":"WhatsApp"},"personality":{"introvert":true,"extrovert":false,"communicative":false,"reserved":false,"organized":false,"creative":true,"impulsive":true,"notes":"Dificuldade em pedir ajuda."},"relationships":{"family":"Conflituosa","friends":"Rede sólida","romantic":"Instável","work":"Boa"}}', NULL, 1770821890230);
INSERT INTO sessions (id, clinic_id, patient_id, psychologist_id, occurred_at, duration_min, mood, emotional_scale, topics, objectives, techniques, evolution, next_steps, free_notes, created_at) VALUES ('25dd0c50-ad07-41d6-b4f1-d25161b4329d', '00a53c0f-7baa-45b4-bea5-3159ed4e83ad', '61692f4b-53db-4709-9dc0-8bb51f1d378b', '1c2b3e6a-6d97-4ad5-9167-ccafd03a8006', 1781017090232, 50, 'Motivado(a)', 4, '["saúde","sono"]', 'Elaborar o processo de luto', 'Psicoeducação', 'Semana difícil, com aumento da sintomatologia ansiosa.', 'Registrar pensamentos automáticos em situações de gatilho.', 'Sessão produtiva. Manter plano terapêutico.', 1781017090232);
INSERT INTO sessions (id, clinic_id, patient_id, psychologist_id, occurred_at, duration_min, mood, emotional_scale, topics, objectives, techniques, evolution, next_steps, free_notes, created_at) VALUES ('09ac4ead-f0dd-499f-b6db-abb68c481ed3', '00a53c0f-7baa-45b4-bea5-3159ed4e83ad', '61692f4b-53db-4709-9dc0-8bb51f1d378b', '1c2b3e6a-6d97-4ad5-9167-ccafd03a8006', 1781449090232, 50, 'Estável', 7, '["trabalho","família","saúde"]', 'Fortalecer a autoestima', 'Técnicas de mindfulness', 'Paciente demonstrou boa adesão às tarefas propostas.', 'Registrar pensamentos automáticos em situações de gatilho.', 'Sessão produtiva. Manter plano terapêutico.', 1781449090232);
INSERT INTO sessions (id, clinic_id, patient_id, psychologist_id, occurred_at, duration_min, mood, emotional_scale, topics, objectives, techniques, evolution, next_steps, free_notes, created_at) VALUES ('fba77d32-490c-4384-a348-8ea29b1d75f5', '00a53c0f-7baa-45b4-bea5-3159ed4e83ad', '61692f4b-53db-4709-9dc0-8bb51f1d378b', '1c2b3e6a-6d97-4ad5-9167-ccafd03a8006', 1782053890232, 45, 'Deprimido(a)', 8, '["rotina","saúde"]', 'Elaborar o processo de luto', 'Respiração diafragmática', 'Paciente demonstrou boa adesão às tarefas propostas.', 'Praticar respiração diafragmática 2x ao dia.', 'Sessão produtiva. Manter plano terapêutico.', 1782053890232);
INSERT INTO sessions (id, clinic_id, patient_id, psychologist_id, occurred_at, duration_min, mood, emotional_scale, topics, objectives, techniques, evolution, next_steps, free_notes, created_at) VALUES ('ec3c4cad-ca4a-4fd1-a0cd-8194e2983f02', '00a53c0f-7baa-45b4-bea5-3159ed4e83ad', '61692f4b-53db-4709-9dc0-8bb51f1d378b', '1c2b3e6a-6d97-4ad5-9167-ccafd03a8006', 1782917890232, 50, 'Esperançoso(a)', 7, '["autoestima","relacionamento"]', 'Reorganizar a rotina e o autocuidado', 'Técnicas de mindfulness', 'Trouxe avanços na aplicação das técnicas no dia a dia.', 'Registrar pensamentos automáticos em situações de gatilho.', NULL, 1782917890232);
INSERT INTO timeline_events (id, clinic_id, patient_id, session_id, title, description, event_date, category, status, source, created_at) VALUES ('9af37c0f-7ed3-4199-8fe1-509ddff3755c', '00a53c0f-7baa-45b4-bea5-3159ed4e83ad', '61692f4b-53db-4709-9dc0-8bb51f1d378b', '09ac4ead-f0dd-499f-b6db-abb68c481ed3', 'Melhora significativa', 'Trouxe avanços na aplicação das técnicas no dia a dia.', 1778684290232, 'trabalho', 'confirmed', 'ai', 1771340290232);
INSERT INTO timeline_events (id, clinic_id, patient_id, session_id, title, description, event_date, category, status, source, created_at) VALUES ('268f9868-9281-464b-8afe-79aca23cfe39', '00a53c0f-7baa-45b4-bea5-3159ed4e83ad', '61692f4b-53db-4709-9dc0-8bb51f1d378b', 'ec3c4cad-ca4a-4fd1-a0cd-8194e2983f02', 'Melhora significativa', 'Apresentou resistência inicial, mas engajou-se ao final da sessão.', 1775401090232, 'família', 'confirmed', 'ai', 1771426690232);
INSERT INTO timeline_events (id, clinic_id, patient_id, session_id, title, description, event_date, category, status, source, created_at) VALUES ('2aa670c4-1e93-4a5b-b1b3-94e9b8fc4775', '00a53c0f-7baa-45b4-bea5-3159ed4e83ad', '61692f4b-53db-4709-9dc0-8bb51f1d378b', NULL, 'Melhora significativa', 'Trouxe avanços na aplicação das técnicas no dia a dia.', 1782226690232, 'família', 'confirmed', 'ai', 1774709890232);
INSERT INTO timeline_events (id, clinic_id, patient_id, session_id, title, description, event_date, category, status, source, created_at) VALUES ('51d631e2-7cfd-4d2b-8d03-07b5086e671c', '00a53c0f-7baa-45b4-bea5-3159ed4e83ad', '61692f4b-53db-4709-9dc0-8bb51f1d378b', NULL, 'Ajuste de medicação', 'Apresentou resistência inicial, mas engajou-se ao final da sessão.', 1777733890232, 'clínico', 'confirmed', 'ai', 1775401090232);
INSERT INTO ai_summaries (id, clinic_id, patient_id, appointment_id, content, suggested_questions, model, status, approved_content, approved_by, approved_at, created_at) VALUES ('c726abf3-cdea-4eb0-b819-dee40416aa2d', '00a53c0f-7baa-45b4-bea5-3159ed4e83ad', '61692f4b-53db-4709-9dc0-8bb51f1d378b', NULL, 'Paciente em acompanhamento por dificuldades no relacionamento conjugal. Ao longo das sessões observa-se evolução gradual, com melhor manejo emocional e boa adesão às técnicas propostas. Recomenda-se manter o plano terapêutico atual.', '["Como você tem dormido esta semana?","O que funcionou melhor entre as estratégias que combinamos?","Houve algum gatilho importante desde a última sessão?"]', 'vinculo-ai', 'ready', NULL, '1c2b3e6a-6d97-4ad5-9167-ccafd03a8006', 1782399490232, 1783004290232);
INSERT INTO appointments (id, clinic_id, patient_id, psychologist_id, starts_at, ends_at, status, created_at) VALUES ('ad8d5d2e-af88-4a89-82e0-190e978c2217', '00a53c0f-7baa-45b4-bea5-3159ed4e83ad', '61692f4b-53db-4709-9dc0-8bb51f1d378b', '1c2b3e6a-6d97-4ad5-9167-ccafd03a8006', 1782313090232, 1782316090232, 'done', 1781794690232);
INSERT INTO appointments (id, clinic_id, patient_id, psychologist_id, starts_at, ends_at, status, created_at) VALUES ('1dad4f3b-a68c-4198-bf5f-f39e9ab624ea', '00a53c0f-7baa-45b4-bea5-3159ed4e83ad', '61692f4b-53db-4709-9dc0-8bb51f1d378b', '1c2b3e6a-6d97-4ad5-9167-ccafd03a8006', 1782917890232, 1782920890232, 'done', 1782485890232);
INSERT INTO appointments (id, clinic_id, patient_id, psychologist_id, starts_at, ends_at, status, created_at) VALUES ('49ccf21b-d148-4c28-b8ee-fde2d197c4bf', '00a53c0f-7baa-45b4-bea5-3159ed4e83ad', '61692f4b-53db-4709-9dc0-8bb51f1d378b', '1c2b3e6a-6d97-4ad5-9167-ccafd03a8006', 1784213890232, 1783784890232, 'scheduled', 1783349890232);
INSERT INTO consents (id, clinic_id, patient_id, type, version, granted_at, ip, revoked_at, created_at) VALUES ('10f347c7-1572-40cb-a314-62fb1476bf55', '00a53c0f-7baa-45b4-bea5-3159ed4e83ad', '61692f4b-53db-4709-9dc0-8bb51f1d378b', 'general', '1.0', 1770821890230, '189.212.42.87', NULL, 1770821890230);
INSERT INTO consents (id, clinic_id, patient_id, type, version, granted_at, ip, revoked_at, created_at) VALUES ('60f25881-80ff-496b-939b-2ba22d36b97f', '00a53c0f-7baa-45b4-bea5-3159ed4e83ad', '61692f4b-53db-4709-9dc0-8bb51f1d378b', 'ai', '1.0', 1770821890230, '189.168.29.158', NULL, 1770821890230);
INSERT INTO patients (id, clinic_id, psychologist_id, full_name, social_name, cpf, email, phone, whatsapp, birth_date, status, photo, profile, deleted_at, created_at) VALUES ('ffe67f77-ce2e-4b64-a0af-c7baf45dbaee', '00a53c0f-7baa-45b4-bea5-3159ed4e83ad', '8f2d9ad7-ffc1-478a-b00a-e56f0de21f98', 'Bianca Nunes Dias', NULL, '276.185.175-01', 'bianca.9@email.com', '(59) 94626-9789', '(88) 95944-5487', 1291733890232, 'active', 'data:image/svg+xml;base64,PHN2ZyB4bWxucz0iaHR0cDovL3d3dy53My5vcmcvMjAwMC9zdmciIHZpZXdCb3g9IjAgMCAyODAgMjgwIiBmaWxsPSJub25lIiBzaGFwZS1yZW5kZXJpbmc9ImF1dG8iPjxtZXRhZGF0YSB4bWxuczpyZGY9Imh0dHA6Ly93d3cudzMub3JnLzE5OTkvMDIvMjItcmRmLXN5bnRheC1ucyMiIHhtbG5zOnhzaT0iaHR0cDovL3d3dy53My5vcmcvMjAwMS9YTUxTY2hlbWEtaW5zdGFuY2UiIHhtbG5zOmRjPSJodHRwOi8vcHVybC5vcmcvZGMvZWxlbWVudHMvMS4xLyIgeG1sbnM6ZGN0ZXJtcz0iaHR0cDovL3B1cmwub3JnL2RjL3Rlcm1zLyI+PHJkZjpSREY+PHJkZjpEZXNjcmlwdGlvbj48ZGM6dGl0bGU+QXZhdGFhYXJzPC9kYzp0aXRsZT48ZGM6Y3JlYXRvcj5QYWJsbyBTdGFubGV5PC9kYzpjcmVhdG9yPjxkYzpzb3VyY2UgeHNpOnR5cGU9ImRjdGVybXM6VVJJIj5odHRwczovL2F2YXRhYWFycy5jb20vPC9kYzpzb3VyY2U+PGRjdGVybXM6bGljZW5zZSB4c2k6dHlwZT0iZGN0ZXJtczpVUkkiPmh0dHBzOi8vYXZhdGFhYXJzLmNvbS88L2RjdGVybXM6bGljZW5zZT48ZGM6cmlnaHRzPlJlbWl4IG9mIOKAnkF2YXRhYWFyc+KAnSAoaHR0cHM6Ly9hdmF0YWFhcnMuY29tLykgYnkg4oCeUGFibG8gU3RhbmxleeKAnSwgbGljZW5zZWQgdW5kZXIg4oCeRnJlZSBmb3IgcGVyc29uYWwgYW5kIGNvbW1lcmNpYWwgdXNl4oCdIChodHRwczovL2F2YXRhYWFycy5jb20vKTwvZGM6cmlnaHRzPjwvcmRmOkRlc2NyaXB0aW9uPjwvcmRmOlJERj48L21ldGFkYXRhPjxtYXNrIGlkPSJ2aWV3Ym94TWFzayI+PHJlY3Qgd2lkdGg9IjI4MCIgaGVpZ2h0PSIyODAiIHJ4PSIxNDAiIHJ5PSIxNDAiIHg9IjAiIHk9IjAiIGZpbGw9IiNmZmYiIC8+PC9tYXNrPjxnIG1hc2s9InVybCgjdmlld2JveE1hc2spIj48cmVjdCBmaWxsPSIjYzBhZWRlIiB3aWR0aD0iMjgwIiBoZWlnaHQ9IjI4MCIgeD0iMCIgeT0iMCIgLz48ZyB0cmFuc2Zvcm09InRyYW5zbGF0ZSg4KSI+PHBhdGggZD0iTTEzMiAzNmE1NiA1NiAwIDAgMC01NiA1NnY2LjE3QTEyIDEyIDAgMCAwIDY2IDExMHYxNGExMiAxMiAwIDAgMCAxMC4zIDExLjg4IDU2LjA0IDU2LjA0IDAgMCAwIDMxLjcgNDQuNzN2MTguNGgtNGE3MiA3MiAwIDAgMC03MiA3MnY5aDIwMHYtOWE3MiA3MiAwIDAgMC03Mi03MmgtNHYtMTguMzlhNTYuMDQgNTYuMDQgMCAwIDAgMzEuNy00NC43M0ExMiAxMiAwIDAgMCAxOTggMTI0di0xNGExMiAxMiAwIDAgMC0xMC0xMS44M1Y5MmE1NiA1NiAwIDAgMC01Ni01NloiIGZpbGw9IiM2MTQzMzUiLz48cGF0aCBkPSJNMTA4IDE4MC42MXY4YTU1Ljc5IDU1Ljc5IDAgMCAwIDI0IDUuMzljOC41OSAwIDE2LjczLTEuOTMgMjQtNS4zOXYtOGE1NS43OSA1NS43OSAwIDAgMS0yNCA1LjM5IDU1Ljc5IDU1Ljc5IDAgMCAxLTI0LTUuMzlaIiBmaWxsPSIjMDAwIiBmaWxsLW9wYWNpdHk9Ii4xIi8+PGcgdHJhbnNmb3JtPSJ0cmFuc2xhdGUoMCAxNzApIj48cGF0aCBkPSJNMTMyLjUgNjUuODNjMjcuMzQgMCA0OS41LTEzLjIgNDkuNS0yOS40OCAwLTEuMzctLjE2LTIuNy0uNDYtNC4wMkE3Mi4wMyA3Mi4wMyAwIDAgMSAyMzIgMTAxLjA1VjExMEgzMnYtOC45NUE3Mi4wMyA3Mi4wMyAwIDAgMSA4My41MyAzMmExOCAxOCAwIDAgMC0uNTMgNC4zNWMwIDE2LjI4IDIyLjE2IDI5LjQ4IDQ5LjUgMjkuNDhaIiBmaWxsPSIjOTI5NTk4Ii8+PC9nPjxnIHRyYW5zZm9ybT0idHJhbnNsYXRlKDc4IDEzNCkiPjxwYXRoIGZpbGwtcnVsZT0iZXZlbm9kZCIgY2xpcC1ydWxlPSJldmVub2RkIiBkPSJNNDAgMTVhMTQgMTQgMCAxIDAgMjggMCIgZmlsbD0iIzAwMCIgZmlsbC1vcGFjaXR5PSIuNyIvPjwvZz48ZyB0cmFuc2Zvcm09InRyYW5zbGF0ZSgxMDQgMTIyKSI+PHBhdGggZmlsbC1ydWxlPSJldmVub2RkIiBjbGlwLXJ1bGU9ImV2ZW5vZGQiIGQ9Ik0xNiA4YzAgNC40MiA1LjM3IDggMTIgOHMxMi0zLjU4IDEyLTgiIGZpbGw9IiMwMDAiIGZpbGwtb3BhY2l0eT0iLjE2Ii8+PC9nPjxnIHRyYW5zZm9ybT0idHJhbnNsYXRlKDc2IDkwKSI+PHBhdGggZD0iTTM0LjUgMzAuNyAyOSAyNS4ybC01LjUgNS41Yy0uNC40LTEuMS40LTEuNiAwbC0xLjYtMS42Yy0uNC0uNC0uNC0xLjEgMC0xLjZsNS41LTUuNS01LjUtNS41Yy0uNC0uNS0uNC0xLjIgMC0xLjZsMS42LTEuNmMuNC0uNCAxLjEtLjQgMS42IDBsNS41IDUuNSA1LjUtNS41Yy40LS40IDEuMS0uNCAxLjYgMGwxLjYgMS42Yy40LjQuNCAxLjEgMCAxLjZMMzIuMiAyMmw1LjUgNS41Yy40LjQuNCAxLjEgMCAxLjZsLTEuNiAxLjZjLS40LjQtMS4xLjQtMS42IDBaTTg4LjUgMzAuNyA4MyAyNS4ybC01LjUgNS41Yy0uNC40LTEuMS40LTEuNiAwbC0xLjYtMS42Yy0uNC0uNC0uNC0xLjEgMC0xLjZsNS41LTUuNS01LjUtNS41Yy0uNC0uNS0uNC0xLjIgMC0xLjZsMS42LTEuNmMuNC0uNCAxLjEtLjQgMS42IDBsNS41IDUuNSA1LjUtNS41Yy40LS40IDEuMS0uNCAxLjYgMGwxLjYgMS42Yy40LjQuNCAxLjEgMCAxLjZMODYuMiAyMmw1LjUgNS41Yy40LjQuNCAxLjEgMCAxLjZsLTEuNiAxLjZjLS40LjQtMS4xLjQtMS42IDBaIiBmaWxsPSIjMDAwIiBmaWxsLW9wYWNpdHk9Ii42Ii8+PC9nPjxnIHRyYW5zZm9ybT0idHJhbnNsYXRlKDc2IDgyKSI+PHBhdGggZD0iTTM2LjM3IDYuODhjLTEuOTcgMi45LTUuNTUgNC42NC04Ljc0IDUuNjgtMy45NCAxLjI5LTE4LjU1IDMuMzgtMTUuMTEgMTEuMzUuMDUuMTIuMjIuMTIuMjcgMCAxLjE1LTIuNjUgMTcuNDctNS4xMiAxOC45Ny01LjcgNC40NS0xLjcxIDguNC01LjUgOS4xNy0xMC41NS4zNS0yLjMxLS42NC02LjA1LTEuNTUtNy41NS0uMTEtLjE4LS4zNy0uMTMtLjQzLjA3LS4zNiAxLjMzLTEuNDEgNC45Ny0yLjU4IDYuN1pNNzUuNjMgNi44OGMxLjk3IDIuOSA1LjU1IDQuNjQgOC43NCA1LjY4IDMuOTQgMS4yOSAxOC41NSAzLjM4IDE1LjExIDExLjM1YS4xNS4xNSAwIDAgMS0uMjcgMGMtMS4xNS0yLjY1LTE3LjQ3LTUuMTItMTguOTctNS43LTQuNDUtMS43MS04LjQtNS41LTkuMTctMTAuNTUtLjM1LTIuMzEuNjQtNi4wNSAxLjU1LTcuNTUuMTEtLjE4LjM3LS4xMy40My4wNy4zNiAxLjMzIDEuNDEgNC45NyAyLjU4IDYuN1oiIGZpbGwtcnVsZT0iZXZlbm9kZCIgY2xpcC1ydWxlPSJldmVub2RkIiBmaWxsPSIjMDAwIiBmaWxsLW9wYWNpdHk9Ii42Ii8+PC9nPjxnIHRyYW5zZm9ybT0idHJhbnNsYXRlKC0xKSI+PHBhdGggZD0iTTcwIDk3YzAgNCAuOTIgNS4wNyA2IDUgMy4yNS0uMDUgMy40NC02IDMuNjUtMTIuNTkuMTQtNC4zNy4yOS05LjAzIDEuMzUtMTIuNDEuNjItNC40My0xLjgyLTMuMTctMy0xLTMuOTYgNC43OC04IDE1LjM0LTggMjFaTTE5NiA5N2MwIDQtLjkyIDUuMDctNiA1LTMuMjUtLjA1LTMuNDQtNi0zLjY1LTEyLjU5LS4xNC00LjM3LS4yOS05LjAzLTEuMzUtMTIuNDEtLjYyLTQuNDMgMS44Mi0zLjE3IDMtMSAzLjk2IDQuNzggOCAxNS4zNCA4IDIxWiIgZmlsbD0iIzRhMzEyYyIvPjwvZz48ZyB0cmFuc2Zvcm09InRyYW5zbGF0ZSg0OSA3MikiPjwvZz48ZyB0cmFuc2Zvcm09InRyYW5zbGF0ZSg2MiA0MikiPjwvZz48L2c+PC9nPjwvc3ZnPg==', '{"personal":{"isChild":true,"sex":"Feminino","gender":"Mulher cisgênero","rg":"17.530.665-8","maritalStatus":"Solteiro(a)","profession":"Estudante","company":"Escola Municipal","education":"Ensino fundamental","address":"Rua Pereira, 610","city":"Porto Alegre","state":"RS","zip":"39553-876"},"clinical":{"complaint":"Transtorno alimentar","goals":"Reduzir a frequência das crises de ansiedade","suffering":"Moderado","history":"Histórico familiar de transtornos de humor. Acompanhamento psiquiátrico em paralelo.","priorDiagnoses":"Nenhum","priorTreatments":"Nenhum","psychiatric":"Em acompanhamento psiquiátrico","referrals":"—"},"health":{"depression":false,"anxiety":true,"tdah":true,"tag":false,"bipolar":false,"medications":"Fluoxetina 20mg","diseases":"Diabetes tipo 2","surgeries":"—","hospitalizations":"Não","familyHistory":"Sem histórico relevante"},"lifestyle":{"sleep":"Irregular","diet":"Equilibrada","sports":"Sedentário","gym":"Não","alcohol":"Frequente","smoking":"Ex-fumante","drugs":"Não","religion":"Católica","spirituality":"Muito presente"},"financial":{"situation":"Instável","income":"2 a 4 salários","work":"Não se aplica","ownHome":"Não","rent":"Sim","withFamily":"Sim","debt":"Não","car":"Sim","motorcycle":"Sim"},"interests":{"hobbies":"Leitura","music":"Clássica","movies":"Drama","books":"—","games":"—","tech":"Baixo","social":"Pouco ativo"},"personality":{"introvert":true,"extrovert":true,"communicative":true,"reserved":false,"organized":false,"creative":true,"impulsive":false,"notes":"Dificuldade em pedir ajuda."},"relationships":{"family":"Conflituosa","friends":"Poucos amigos","romantic":"Em crise","work":"Neutra"}}', NULL, 1762527490232);
INSERT INTO sessions (id, clinic_id, patient_id, psychologist_id, occurred_at, duration_min, mood, emotional_scale, topics, objectives, techniques, evolution, next_steps, free_notes, created_at) VALUES ('2b24a507-3fc5-40da-a05c-d7a37d202338', '00a53c0f-7baa-45b4-bea5-3159ed4e83ad', 'ffe67f77-ce2e-4b64-a0af-c7baf45dbaee', '8f2d9ad7-ffc1-478a-b00a-e56f0de21f98', 1781103490233, 50, 'Motivado(a)', 5, '["estudos","trabalho","autoestima"]', 'Melhorar a comunicação nos relacionamentos', 'Psicoeducação', 'Paciente demonstrou boa adesão às tarefas propostas.', 'Praticar respiração diafragmática 2x ao dia.', NULL, 1781103490233);
INSERT INTO sessions (id, clinic_id, patient_id, psychologist_id, occurred_at, duration_min, mood, emotional_scale, topics, objectives, techniques, evolution, next_steps, free_notes, created_at) VALUES ('4efdf227-b728-415c-9863-57f5b757e064', '00a53c0f-7baa-45b4-bea5-3159ed4e83ad', 'ffe67f77-ce2e-4b64-a0af-c7baf45dbaee', '8f2d9ad7-ffc1-478a-b00a-e56f0de21f98', 1781449090233, 60, 'Cansado(a)', 6, '["autoestima","trabalho","luto"]', 'Melhorar a comunicação nos relacionamentos', 'Técnicas de mindfulness', 'Percebe-se maior consciência emocional e vocabulário afetivo.', 'Manter diário do sono.', 'Sessão produtiva. Manter plano terapêutico.', 1781449090233);
INSERT INTO sessions (id, clinic_id, patient_id, psychologist_id, occurred_at, duration_min, mood, emotional_scale, topics, objectives, techniques, evolution, next_steps, free_notes, created_at) VALUES ('d67e8534-1be2-47e8-865d-b4550020c906', '00a53c0f-7baa-45b4-bea5-3159ed4e83ad', 'ffe67f77-ce2e-4b64-a0af-c7baf45dbaee', '8f2d9ad7-ffc1-478a-b00a-e56f0de21f98', 1782313090233, 45, 'Motivado(a)', 4, '["relacionamento","trabalho","saúde","luto"]', 'Melhorar a qualidade do sono', 'Psicoeducação', 'Relatou leve melhora nos sintomas ao longo da semana.', 'Manter diário do sono.', NULL, 1782313090233);
INSERT INTO sessions (id, clinic_id, patient_id, psychologist_id, occurred_at, duration_min, mood, emotional_scale, topics, objectives, techniques, evolution, next_steps, free_notes, created_at) VALUES ('c3997ecd-df0f-4d92-8b55-c7c96aa91dd5', '00a53c0f-7baa-45b4-bea5-3159ed4e83ad', 'ffe67f77-ce2e-4b64-a0af-c7baf45dbaee', '8f2d9ad7-ffc1-478a-b00a-e56f0de21f98', 1782658690233, 45, 'Estável', 7, '["sono","relacionamento","saúde","rotina"]', 'Reorganizar a rotina e o autocuidado', 'Reestruturação cognitiva', 'Relatou leve melhora nos sintomas ao longo da semana.', 'Trabalhar limites nos relacionamentos.', NULL, 1782658690233);
INSERT INTO timeline_events (id, clinic_id, patient_id, session_id, title, description, event_date, category, status, source, created_at) VALUES ('d5ef07e4-2cb2-458a-bb51-906d1eee86fb', '00a53c0f-7baa-45b4-bea5-3159ed4e83ad', 'ffe67f77-ce2e-4b64-a0af-c7baf45dbaee', NULL, 'Viagem/afastamento', 'Paciente demonstrou boa adesão às tarefas propostas.', 1767884290233, 'família', 'confirmed', 'manual', 1780239490233);
INSERT INTO timeline_events (id, clinic_id, patient_id, session_id, title, description, event_date, category, status, source, created_at) VALUES ('b75c6fb4-f773-4f17-b397-ad94c65e5cdd', '00a53c0f-7baa-45b4-bea5-3159ed4e83ad', 'ffe67f77-ce2e-4b64-a0af-c7baf45dbaee', 'c3997ecd-df0f-4d92-8b55-c7c96aa91dd5', 'Recaída pontual', 'Semana difícil, com aumento da sintomatologia ansiosa.', 1780498690233, 'pessoal', 'confirmed', 'ai', 1775314690233);
INSERT INTO timeline_events (id, clinic_id, patient_id, session_id, title, description, event_date, category, status, source, created_at) VALUES ('a2724cdc-b72a-420b-b9a0-28b84b6984a5', '00a53c0f-7baa-45b4-bea5-3159ed4e83ad', 'ffe67f77-ce2e-4b64-a0af-c7baf45dbaee', 'd67e8534-1be2-47e8-865d-b4550020c906', 'Ajuste de medicação', 'Paciente demonstrou boa adesão às tarefas propostas.', 1770130690233, 'pessoal', 'confirmed', 'ai', 1774018690233);
INSERT INTO timeline_events (id, clinic_id, patient_id, session_id, title, description, event_date, category, status, source, created_at) VALUES ('7dd88505-8146-4ce4-8255-02182bfa8601', '00a53c0f-7baa-45b4-bea5-3159ed4e83ad', 'ffe67f77-ce2e-4b64-a0af-c7baf45dbaee', NULL, 'Mudança de emprego', 'Apresentou resistência inicial, mas engajou-se ao final da sessão.', 1778511490233, 'pessoal', 'suggested', 'ai', 1767625090233);
INSERT INTO timeline_events (id, clinic_id, patient_id, session_id, title, description, event_date, category, status, source, created_at) VALUES ('6e528dad-d0b0-45e5-956d-e6a7ece285ac', '00a53c0f-7baa-45b4-bea5-3159ed4e83ad', 'ffe67f77-ce2e-4b64-a0af-c7baf45dbaee', '4efdf227-b728-415c-9863-57f5b757e064', 'Recaída pontual', 'Percebe-se maior consciência emocional e vocabulário afetivo.', 1771513090233, 'trabalho', 'confirmed', 'ai', 1772463490233);
INSERT INTO ai_summaries (id, clinic_id, patient_id, appointment_id, content, suggested_questions, model, status, approved_content, approved_by, approved_at, created_at) VALUES ('553305b8-e1c0-4706-952d-d8c89e3f329f', '00a53c0f-7baa-45b4-bea5-3159ed4e83ad', 'ffe67f77-ce2e-4b64-a0af-c7baf45dbaee', NULL, 'Paciente em acompanhamento por dificuldades no relacionamento conjugal. Ao longo das sessões observa-se evolução gradual, com melhor manejo emocional e boa adesão às técnicas propostas. Recomenda-se manter o plano terapêutico atual.', '["Como você tem dormido esta semana?","O que funcionou melhor entre as estratégias que combinamos?","Houve algum gatilho importante desde a última sessão?"]', 'vinculo-ai', 'ready', NULL, '8f2d9ad7-ffc1-478a-b00a-e56f0de21f98', NULL, 1781621890233);
INSERT INTO ai_alerts (id, clinic_id, patient_id, type, severity, message, status, created_at) VALUES ('fc741a21-e6ca-4b7d-ba12-73ca419355e2', '00a53c0f-7baa-45b4-bea5-3159ed4e83ad', 'ffe67f77-ce2e-4b64-a0af-c7baf45dbaee', 'risk', 'critical', 'Ideação com conteúdo de autolesão — atenção prioritária.', 'reviewed', 1781535490233);
INSERT INTO ai_alerts (id, clinic_id, patient_id, type, severity, message, status, created_at) VALUES ('b77c0dd1-673b-4817-86c8-7a3a83a1ca87', '00a53c0f-7baa-45b4-bea5-3159ed4e83ad', 'ffe67f77-ce2e-4b64-a0af-c7baf45dbaee', 'engagement', 'low', 'Queda no engajamento com as tarefas terapêuticas.', 'active', 1783090690233);
INSERT INTO appointments (id, clinic_id, patient_id, psychologist_id, starts_at, ends_at, status, created_at) VALUES ('bc1c7bfa-8a27-4106-99ef-574fefac41b6', '00a53c0f-7baa-45b4-bea5-3159ed4e83ad', 'ffe67f77-ce2e-4b64-a0af-c7baf45dbaee', '8f2d9ad7-ffc1-478a-b00a-e56f0de21f98', 1782313090233, 1782316090233, 'done', 1781794690233);
INSERT INTO appointments (id, clinic_id, patient_id, psychologist_id, starts_at, ends_at, status, created_at) VALUES ('14feb926-fe42-4dc6-bd42-5c770a0efe46', '00a53c0f-7baa-45b4-bea5-3159ed4e83ad', 'ffe67f77-ce2e-4b64-a0af-c7baf45dbaee', '8f2d9ad7-ffc1-478a-b00a-e56f0de21f98', 1782917890233, 1782920890233, 'done', 1782485890234);
INSERT INTO appointments (id, clinic_id, patient_id, psychologist_id, starts_at, ends_at, status, created_at) VALUES ('805f932f-4be7-4df6-9f66-3d22293676c2', '00a53c0f-7baa-45b4-bea5-3159ed4e83ad', 'ffe67f77-ce2e-4b64-a0af-c7baf45dbaee', '8f2d9ad7-ffc1-478a-b00a-e56f0de21f98', 1783868290234, 1783784890234, 'scheduled', 1783349890234);
INSERT INTO consents (id, clinic_id, patient_id, type, version, granted_at, ip, revoked_at, created_at) VALUES ('88f8bf11-3b91-44ff-8c0a-f031db291ce9', '00a53c0f-7baa-45b4-bea5-3159ed4e83ad', 'ffe67f77-ce2e-4b64-a0af-c7baf45dbaee', 'general', '1.0', 1762527490232, '189.240.132.64', NULL, 1762527490232);
INSERT INTO consents (id, clinic_id, patient_id, type, version, granted_at, ip, revoked_at, created_at) VALUES ('c8ddfd70-691d-44a9-8c0c-52720ba63cbe', '00a53c0f-7baa-45b4-bea5-3159ed4e83ad', 'ffe67f77-ce2e-4b64-a0af-c7baf45dbaee', 'ai', '1.0', 1762527490232, '189.195.66.160', NULL, 1762527490232);
INSERT INTO consents (id, clinic_id, patient_id, type, version, granted_at, ip, revoked_at, created_at) VALUES ('8689044e-7286-47d2-ab4d-d3f602f0c6db', '00a53c0f-7baa-45b4-bea5-3159ed4e83ad', 'ffe67f77-ce2e-4b64-a0af-c7baf45dbaee', 'recording', '1.0', 1762527490232, NULL, NULL, 1762527490232);
INSERT INTO patients (id, clinic_id, psychologist_id, full_name, social_name, cpf, email, phone, whatsapp, birth_date, status, photo, profile, deleted_at, created_at) VALUES ('12933e8a-22bb-4d7d-a500-3b90c7185ac2', '00a53c0f-7baa-45b4-bea5-3159ed4e83ad', '8f2d9ad7-ffc1-478a-b00a-e56f0de21f98', 'Carla Barbosa Ribeiro', NULL, '227.345.743-59', 'carla.10@email.com', '(99) 91511-8621', '(32) 96397-8114', 450975490234, 'active', 'data:image/svg+xml;base64,PHN2ZyB4bWxucz0iaHR0cDovL3d3dy53My5vcmcvMjAwMC9zdmciIHZpZXdCb3g9IjAgMCAyODAgMjgwIiBmaWxsPSJub25lIiBzaGFwZS1yZW5kZXJpbmc9ImF1dG8iPjxtZXRhZGF0YSB4bWxuczpyZGY9Imh0dHA6Ly93d3cudzMub3JnLzE5OTkvMDIvMjItcmRmLXN5bnRheC1ucyMiIHhtbG5zOnhzaT0iaHR0cDovL3d3dy53My5vcmcvMjAwMS9YTUxTY2hlbWEtaW5zdGFuY2UiIHhtbG5zOmRjPSJodHRwOi8vcHVybC5vcmcvZGMvZWxlbWVudHMvMS4xLyIgeG1sbnM6ZGN0ZXJtcz0iaHR0cDovL3B1cmwub3JnL2RjL3Rlcm1zLyI+PHJkZjpSREY+PHJkZjpEZXNjcmlwdGlvbj48ZGM6dGl0bGU+QXZhdGFhYXJzPC9kYzp0aXRsZT48ZGM6Y3JlYXRvcj5QYWJsbyBTdGFubGV5PC9kYzpjcmVhdG9yPjxkYzpzb3VyY2UgeHNpOnR5cGU9ImRjdGVybXM6VVJJIj5odHRwczovL2F2YXRhYWFycy5jb20vPC9kYzpzb3VyY2U+PGRjdGVybXM6bGljZW5zZSB4c2k6dHlwZT0iZGN0ZXJtczpVUkkiPmh0dHBzOi8vYXZhdGFhYXJzLmNvbS88L2RjdGVybXM6bGljZW5zZT48ZGM6cmlnaHRzPlJlbWl4IG9mIOKAnkF2YXRhYWFyc+KAnSAoaHR0cHM6Ly9hdmF0YWFhcnMuY29tLykgYnkg4oCeUGFibG8gU3RhbmxleeKAnSwgbGljZW5zZWQgdW5kZXIg4oCeRnJlZSBmb3IgcGVyc29uYWwgYW5kIGNvbW1lcmNpYWwgdXNl4oCdIChodHRwczovL2F2YXRhYWFycy5jb20vKTwvZGM6cmlnaHRzPjwvcmRmOkRlc2NyaXB0aW9uPjwvcmRmOlJERj48L21ldGFkYXRhPjxtYXNrIGlkPSJ2aWV3Ym94TWFzayI+PHJlY3Qgd2lkdGg9IjI4MCIgaGVpZ2h0PSIyODAiIHJ4PSIxNDAiIHJ5PSIxNDAiIHg9IjAiIHk9IjAiIGZpbGw9IiNmZmYiIC8+PC9tYXNrPjxnIG1hc2s9InVybCgjdmlld2JveE1hc2spIj48cmVjdCBmaWxsPSIjYjZlM2Y0IiB3aWR0aD0iMjgwIiBoZWlnaHQ9IjI4MCIgeD0iMCIgeT0iMCIgLz48ZyB0cmFuc2Zvcm09InRyYW5zbGF0ZSg4KSI+PHBhdGggZD0iTTEzMiAzNmE1NiA1NiAwIDAgMC01NiA1NnY2LjE3QTEyIDEyIDAgMCAwIDY2IDExMHYxNGExMiAxMiAwIDAgMCAxMC4zIDExLjg4IDU2LjA0IDU2LjA0IDAgMCAwIDMxLjcgNDQuNzN2MTguNGgtNGE3MiA3MiAwIDAgMC03MiA3MnY5aDIwMHYtOWE3MiA3MiAwIDAgMC03Mi03MmgtNHYtMTguMzlhNTYuMDQgNTYuMDQgMCAwIDAgMzEuNy00NC43M0ExMiAxMiAwIDAgMCAxOTggMTI0di0xNGExMiAxMiAwIDAgMC0xMC0xMS44M1Y5MmE1NiA1NiAwIDAgMC01Ni01NloiIGZpbGw9IiNmZDk4NDEiLz48cGF0aCBkPSJNMTA4IDE4MC42MXY4YTU1Ljc5IDU1Ljc5IDAgMCAwIDI0IDUuMzljOC41OSAwIDE2LjczLTEuOTMgMjQtNS4zOXYtOGE1NS43OSA1NS43OSAwIDAgMS0yNCA1LjM5IDU1Ljc5IDU1Ljc5IDAgMCAxLTI0LTUuMzlaIiBmaWxsPSIjMDAwIiBmaWxsLW9wYWNpdHk9Ii4xIi8+PGcgdHJhbnNmb3JtPSJ0cmFuc2xhdGUoMCAxNzApIj48cGF0aCBkPSJNMTMyLjUgNTRDMTUxIDU0IDE2NiA0NC4zNyAxNjYgMzIuNWMwLTEuMS0uMTMtMi4xOC0uMzgtMy4yM0E3MiA3MiAwIDAgMSAyMzIgMTAxLjA1VjExMEgzMnYtOC45NUE3MiA3MiAwIDAgMSA5OS40IDI5LjJhMTQuMSAxNC4xIDAgMCAwLS40IDMuM0M5OSA0NC4zNyAxMTQgNTQgMTMyLjUgNTRaIiBmaWxsPSIjMjYyZTMzIi8+PGcgdHJhbnNmb3JtPSJ0cmFuc2xhdGUoNzcgNTgpIj48ZyBmaWxsLXJ1bGU9ImV2ZW5vZGQiIGNsaXAtcnVsZT0iZXZlbm9kZCIgZmlsbD0iI2ZmZiI+PHBhdGggZD0iTTY1LjkzIDI1LjRjLTQuMDggMS4zNy04LjU1IDMuMzEtMTAuOSA3LjA2LTEuODUgMi45NS0xLjk3LS40NS00LjU1LjYtMi41IDEuMDItMS44MiA1LjIyLTIuNzMgNy4zLS43MS0xLjItMS4wNS0yLjUyLTEuOTQtMy42YTYuNiA2LjYgMCAwIDAgMS44MS0xLjczYy4xNi0uMzItNC43OS4zNS01LjA3LjQzLTEuNDEuNC0yLjc0Ljc3LTQuMDkgMS40M2E3OC44MyA3OC44MyAwIDAgMCAxLjk2LTIuOTljLjIxLS42OC41OC0uNjggMS4xMSAwIC43NS4wMyAxLjE4LjM1IDEuOTYuMTcgMi45Mi0uNjYgMy44NS02LjIyLjI1LTUuOThhOTMuMzggOTMuMzggMCAwIDAgNC4yNi04LjhjLjUgNC4yOCA2LjA4IDIuOCA3LjcyLjUyIDIuMTQtMy0uNi04LjY2LTQuNDktOC4xMS41OC0xLjM4IDEuMTctMi43NyAxLjY1LTQuMTggMS4xIDEuNiAzIDIuMzkgNC41NCAzLjQ1YTE4LjIgMTguMiAwIDAgMSA0LjE2IDQuMDFjMi40IDMuMTQgMy44IDcgNi4yMiAxMC4wNS0uNjQuMDQtMS4yNi4xNi0xLjg3LjM2Wm05LTQuNGMtLjYyLTUuNzUtNS4xNC0xMS42LTkuNDMtMTUuMTctMi41NS0yLjEzLTEwLjI0LTcuMzktMTMuMy0zLjM0IDIuNDYgMS4wNyA1LjIgMS4zMyA3LjY0IDIuNDkgMy4zMiAxLjU3IDUuOTIgNC4xNiA4LjE3IDcuMDUgMy4xNCA0LjA1IDcuOTcgMTIuMjguNDggMTQuMzkuNS0uMzQuOC0uNzEgMS4yMS0xLjMxLTEtLjIzLS42LTEuODgtLjk1LTIuOTUtLjQxLTEuMjUtMS4yMS0yLjQ3LTEuODktMy41OWE1Ni42MiA1Ni42MiAwIDAgMC0zLjUtNS4xN0EyMy40NiAyMy40NiAwIDAgMCA1Ny40IDhjLS45LS41OC0xLjc3LTEuMS0yLjgxLTEuNC0xLjM1LS40LS45MS4wOC0xLjI4LTEuMTUtLjIzLS43OC0uMDItMS43Ny0uMjUtMi42LTEuOTcgMS42Ni0yLjYgNC4wNi0zLjUgNi4zOS0xLjAxIDIuNjgtMi4xMiA1LjMzLTMuMiA4LTIuNjMgNi41My02LjAyIDEyLjM5LTkuODggMTguMjQtLjY3IDEuMDItMi4xNyAyLjk1LTEuMSA0LjE3Ljk3IDEuMSAyLjM0LjMgMy40LS4xMyAxLjQzLS42IDMuMzgtMi4xNyA0LjkzLTEuMzUgMiAxLjA1IDEuMDUgNC45OCA0LjIxIDQuODMgMy4xMi0uMTYgMi41My01LjI4IDMuNTMtNy4zMiAyLjMxIDEuNjggNC4xOC42NCA1LjU4LTEuNjEgMS42My0yLjYxIDMuNzctMy42NiA2LjUxLTQuOTQgMS4xMi0uNTIgMy4wNC0xLjk0IDQuMi0yLjEyLjk3LS4xMyAxLjkuOSAzLjE5Ljg1IDMuMS0uMTEgNC4zOS00LjI1IDQuMDItNi44NVoiLz48cGF0aCBkPSJNNTMuNTQgMjMuODNjLTIuNDMtLjQ0LTUuOC0uMDctNi4wMyAzLjE2LS4xNCAxLjk3IDEuNCAzLjg1IDMuMDggNC42NiA1LjEyIDIuNSA5LjEtNi42OSAyLjk1LTcuODJaTTYzLjM0IDIwLjE2Yy0uNjUtLjctMS43LTEuMjQtMi42OC0xIC4zMS0uMi41Ny0uNi44Ny0uODMtMy4xNi0yLjI5LTUuMTQgMy40Ny0zLjM1IDUuNzQgMi43MiAzLjQ0IDguMDQtLjc2IDUuMTYtMy45MVoiLz48L2c+PC9nPjwvZz48ZyB0cmFuc2Zvcm09InRyYW5zbGF0ZSg3OCAxMzQpIj48cmVjdCB4PSIyMiIgeT0iNyIgd2lkdGg9IjY0IiBoZWlnaHQ9IjI2IiByeD0iMTMiIGZpbGw9IiMwMDAiIGZpbGwtb3BhY2l0eT0iLjYiLz48cmVjdCB4PSIyNCIgeT0iOSIgd2lkdGg9IjYwIiBoZWlnaHQ9IjIyIiByeD0iMTEiIGZpbGw9IiNmZmYiLz48cGF0aCBkPSJNMjQuMTggMThIMzJWOS40MUExMSAxMSAwIDAgMSAzNSA5aDF2OWg5VjloNHY5aDlWOWg0djloOVY5aDJjLjY4IDAgMS4zNS4wNiAyIC4xOFYxOGg4LjgybC4wNS4yOHYzLjQ0bC0uMDUuMjhINzV2OC44MmMtLjY1LjEyLTEuMzIuMTgtMiAuMThoLTJ2LTloLTl2OWgtNHYtOWgtOXY5aC00di05aC05djloLTFhMTEgMTEgMCAwIDEtMy0uNDFWMjJoLTcuODJhMTEuMDYgMTEuMDYgMCAwIDEgMC00WiIgZmlsbD0iI0U2RTZFNiIvPjwvZz48ZyB0cmFuc2Zvcm09InRyYW5zbGF0ZSgxMDQgMTIyKSI+PHBhdGggZmlsbC1ydWxlPSJldmVub2RkIiBjbGlwLXJ1bGU9ImV2ZW5vZGQiIGQ9Ik0xNiA4YzAgNC40MiA1LjM3IDggMTIgOHMxMi0zLjU4IDEyLTgiIGZpbGw9IiMwMDAiIGZpbGwtb3BhY2l0eT0iLjE2Ii8+PC9nPjxnIHRyYW5zZm9ybT0idHJhbnNsYXRlKDc2IDkwKSI+PGcgZmlsbD0iIzAwMCIgZmlsbC1vcGFjaXR5PSIuNiI+PHBhdGggZD0iTTM2IDIyYTYgNiAwIDEgMS0xMiAwIDYgNiAwIDAgMSAxMiAwWiIvPjxwYXRoIGZpbGwtcnVsZT0iZXZlbm9kZCIgY2xpcC1ydWxlPSJldmVub2RkIiBkPSJNNzAuNiAyNC45NmMxLjU5LTMuOTIgNS41NS02Ljg2IDEwLjM3LTcuMiA0LjgtLjMzIDkuMTIgMiAxMS4yNCA1LjY0LjYzIDEuMDktLjEgMi4wNi0uOTMgMS40My0yLjYtMS45My02LjE1LTMtMTAtMi43M0ExNS4xMyAxNS4xMyAwIDAgMCA3MS45NSAyNmMtLjg0Ljc4LTEuODEuMS0xLjM1LTEuMDRaIi8+PC9nPjwvZz48ZyB0cmFuc2Zvcm09InRyYW5zbGF0ZSg3NiA4MikiPjxwYXRoIGQ9Ik0zOC42NiAxMS4xYy01IC4zNS05LjkyLjA4LTE0LjkyLS4xMy0zLjgzLS4xNi03LjcyLS42OC0xMS4zNyAxLjAxLS43LjMyLTQuNTMgMi4yOC00LjQ0IDMuMzUuMDcuODUgMy45MyAyLjIgNC42MyAyLjQ0IDMuNjcgMS4yOSA3LjE4LjkgMTAuOTUuNjYgNC42NC0uMjcgOS4yNS0uMDcgMTMuODctLjIgMy4xMi0uMSA3LjkyLS42MyA5LjQ2LTQuNC40Ni0xLjE0LjEtMy40Mi0uMzYtNC42Ni0uMTktLjUtLjcyLS42OS0xLjEzLS40YTE1LjA0IDE1LjA0IDAgMCAxLTYuNjggMi4zMlpNNzMuMzQgMTEuMWM1IC4zNSA5LjkyLjA4IDE0LjkyLS4xMyAzLjgzLS4xNiA3LjcyLS42OCAxMS4zNyAxLjAxLjcuMzIgNC41MyAyLjI4IDQuNDQgMy4zNS0uMDcuODUtMy45MyAyLjItNC42MyAyLjQ0LTMuNjcgMS4yOS03LjE4LjktMTAuOTUuNjYtNC42My0uMjctOS4yNC0uMDctMTMuODYtLjItMy4xMi0uMS03LjkyLS42My05LjQ2LTQuNC0uNDYtMS4xNC0uMS0zLjQyLjM2LTQuNjYuMTgtLjUuNzItLjY5IDEuMTMtLjRhMTUuMDQgMTUuMDQgMCAwIDAgNi42OCAyLjMyWiIgZmlsbC1ydWxlPSJldmVub2RkIiBjbGlwLXJ1bGU9ImV2ZW5vZGQiIGZpbGw9IiMwMDAiIGZpbGwtb3BhY2l0eT0iLjYiLz48L2c+PGcgdHJhbnNmb3JtPSJ0cmFuc2xhdGUoLTEpIj48cGF0aCBkPSJNMTg4LjMyIDEzOC43NkMyMjcuOSAxMjkuMjYgMjU1IDEwOS44NyAyNTUgODcuNWMwLTIzLjUtMjkuOTItNDMuNzItNzIuOC01Mi42M2wtLjMxLTEuNDNBNDAgNDAgMCAwIDAgMTQyLjgyIDJoLTE4LjY0YTQwIDQwIDAgMCAwLTM5LjA3IDMxLjQ0bC0uMjcgMS4yMUM0MS40MSA0My40NSAxMSA2My44IDExIDg3LjVjMCAyMi4zNyAyNy4xIDQxLjc2IDY2LjY4IDUxLjI2LS4yLTEuMjgtLjM2LTIuNTgtLjQ3LTMuOUExMiAxMiAwIDAgMSA2NyAxMjN2LTEzYTEyIDEyIDAgMCAxIDEwLTExLjgzVjkyYzAtOCAxLjY4LTE1LjYyIDQuNy0yMi41MSA4LjYxLTE1LjY5IDkyLjczLTE2LjQ5IDEwMi42Ni4xNkE1NS44MiA1NS44MiAwIDAgMSAxODkgOTJ2Ni4xN0ExMiAxMiAwIDAgMSAxOTkgMTEwdjEzYTEyIDEyIDAgMCAxLTEwLjIgMTEuODcgNTYuMDYgNTYuMDYgMCAwIDEtLjQ4IDMuOVoiIGZpbGw9IiM2NWM5ZmYiLz48cGF0aCBkPSJNMTg5IDkyLjc0YzMuODUtMy4yNSA2LTYuOSA2LTEwLjc0IDAtNi4wOC01LjM4LTExLjY1LTE0LjMyLTE1Ljk4IDEuNjQgMS4xIDIuOSAyLjMgMy42OCAzLjYzQTU1LjgyIDU1LjgyIDAgMCAxIDE4OSA5MnYuNzRaTTE1Ny4yNiA1OC45OWExNDQuMzYgMTQ0LjM2IDAgMCAwLTI0LjI2LTJjLTguOTggMC0xNy41Mi43OC0yNS4yMiAyLjE3IDE1LjE2LTIuMiAzNC4xMS0yLjMgNDkuNDgtLjE3Wk04NC42OSA2Ni4zM0M3Ni4xMiA3MC42MiA3MSA3Ni4wNyA3MSA4MmMwIDMuODUgMi4xNSA3LjQ5IDYgMTAuNzRWOTJjMC04IDEuNjgtMTUuNjIgNC43LTIyLjUxYTkuOTQgOS45NCAwIDAgMSAyLjk5LTMuMTZaIiBmaWxsPSIjMDAwIiBmaWxsLW9wYWNpdHk9Ii41Ii8+PC9nPjxnIHRyYW5zZm9ybT0idHJhbnNsYXRlKDQ5IDcyKSI+PHBhdGggZmlsbC1ydWxlPSJldmVub2RkIiBjbGlwLXJ1bGU9ImV2ZW5vZGQiIGQ9Ik0xMDEuNDMgOTguMTdjLTIuNTIgMi4zLTUuMiAzLjMyLTguNTggMi42LS41OC0uMTItMi45NS00LjU0LTguODUtNC41NC01LjkgMC04LjI3IDQuNDItOC44NSA0LjU0LTMuMzkuNzItNi4wNy0uMy04LjU4LTIuNi00LjcyLTQuMzEtOC42NS0xMC4yNi02LjMtMTYuNzUgMS4yNC0zLjM4IDMuMjQtNy4xIDYuODgtOC4xNyAzLjg5LTEuMTUgOS4zNSAwIDEzLjI2LS44QTguNiA4LjYgMCAwIDAgODQgNzFhOC42IDguNiAwIDAgMCAzLjU4IDEuNDZjMy45Mi43OCA5LjM4LS4zNiAxMy4yNy43OSAzLjY0IDEuMDcgNS42NCA0Ljc5IDYuODcgOC4xNyAyLjM2IDYuNDktMS41NyAxMi40NC02LjMgMTYuNzVaTTE0MC4wOCAyNmMtMy40IDguNC0yLjEgMTguODYtMi43MiAyNy42OC0uNTIgNy4xNi0yLjAyIDE3LjktOC4zOSAyMi41My0zLjI1IDIuMzctOS4xOCA2LjM1LTEzLjQzIDUuMjQtMi45My0uNzYtMy4yNC05LjE2LTcuMDktMTIuM2EyMi40MiAyMi40MiAwIDAgMC0xNS4zLTQuOWMtMi4zNy4xMS03LjE3LjA5LTkuMTUgMS45MS0xLjk4LTEuODItNi43OC0xLjgtOS4xNS0xLjlhMjIuNDIgMjIuNDIgMCAwIDAtMTUuMyA0Ljg5Yy0zLjg1IDMuMTQtNC4xNiAxMS41NC03LjEgMTIuMy00LjI0IDEuMS0xMC4xNy0yLjg3LTEzLjQyLTUuMjQtNi4zNy00LjYyLTcuODctMTUuMzctOC4zOS0yMi41My0uNjMtOC44Mi42OS0xOS4yOC0yLjcyLTI3LjY4LTEuNjYgMC0uNTcgMTYuMTMtLjU3IDE2LjEzdjIwLjM2Yy4wNCAxNS4yOCA5LjU5IDM4LjE2IDMwLjc2IDQ2LjlDNjMuMjkgMTExLjUzIDc1IDExNSA4NCAxMTVjOC45OC4wMSAyMC43MS0zLjEzIDI1LjktNS4yNyAyMS4xNi04LjczIDMwLjcxLTMxLjk1IDMwLjc1LTQ3LjIzVjQyLjEzczEuMS0xNi4xMy0uNTctMTYuMTNaIiBmaWxsPSIjNzI0MTMzIi8+PC9nPjxnIHRyYW5zZm9ybT0idHJhbnNsYXRlKDYyIDQyKSI+PGcgZmlsbC1ydWxlPSJldmVub2RkIiBjbGlwLXJ1bGU9ImV2ZW5vZGQiPjxwYXRoIGQ9Ik0zOC41IDUyYy0yMS4zIDAtMjguODUgNS4xLTI5LjU1IDUuNzdBMi45MiAyLjkyIDAgMCAwIDYgNjAuNjZ2Mi44OGMwIDEuNiAxLjMyIDIuODkgMi45NSAyLjg5IDAgMCA1LjkxIDAgNS45MSAyLjg4IDAgLjQ0LjA3LjY1LjE5LjY4LS4wNC44Mi0uMDUgMS42Ni0uMDUgMi41QzE1IDg1LjM0IDIzLjMxIDkzIDM3LjI0IDkzSDQwYzE0LjcyIDAgMjUtOC40MyAyNS0yMC41IDAtMS41LS4wNC0zLS4xNy00LjQ2bDEuNTgtLjc3Yy41OC0uMjkgMS4yMS0uNSAxLjktLjY0IDEuODUtLjM4IDMuOTUtLjIyIDUuOTkuMjguNzMuMTggMS4yNi4zNSAxLjUuNDVsMS4zOC41NWMtLjE0IDEuNS0uMTggMy4wNC0uMTggNC42Qzc3IDg1LjM0IDg1LjMxIDkzIDk5LjI0IDkzSDEwMmMxNC43MiAwIDI1LTguNDMgMjUtMjAuNSAwLTEuNTQtLjA0LTMuMDctLjE4LTQuNTYgMS43NC0xLjUxIDYuMjItMS41MSA2LjIyLTEuNTFhMi45MiAyLjkyIDAgMCAwIDIuOTYtMi44OXYtMi44OGMwLTEuNi0xLjMyLTIuODktMi45Ni0yLjg5LS42OS0uNjctOC4yNS01Ljc3LTI5LjU0LTUuNzdIMTAwLjUzYy0xLjggMC0zLjQ0LjA3LTQuOTcuMi05LjU0LjU0LTE0LjY4IDIuMTUtMTkuOTIgNC43YTE3IDE3IDAgMCAxLTQuNTYuODcgMTcuMDEgMTcuMDEgMCAwIDEtNC44MS0uOTFsLS40Mi0uMnYtLjAxYy00Ljk0LTIuNDItOC40My00LjEzLTIwLjc4LTQuNTVhNjEuMiA2MS4yIDAgMCAwLTMuNi0uMUgzOC41Wk0xOSA3My41QzE5IDY0Ljg0IDE5IDU4IDM4LjM5IDU4aDMuMjJDNjEgNTggNjEgNjQuODQgNjEgNzMuNSA2MSA4Mi42MyA1Mi4zNiA4OSA0MCA4OWgtMy4wM0MyMi4xMiA4OSAxOSA4MC41NyAxOSA3My41Wm02MiAwYzAtOC42NiAwLTE1LjUgMTkuMzktMTUuNWgzLjIyQzEyMyA1OCAxMjMgNjQuODQgMTIzIDczLjVjMCA5LjEzLTguNjQgMTUuNS0yMSAxNS41aC0zLjAzQzg0LjEyIDg5IDgxIDgwLjU3IDgxIDczLjVaIiBmaWxsPSIjMDAwIiBmaWxsLW9wYWNpdHk9Ii4xIi8+PHBhdGggZD0iTTM4LjUgNTBjLTIxLjMgMC0yOC44NSA1LjEtMjkuNTUgNS43N0EyLjkyIDIuOTIgMCAwIDAgNiA1OC42NnYyLjg4YzAgMS42IDEuMzIgMi44OSAyLjk1IDIuODkgMCAwIDUuOTEgMCA1LjkxIDIuODggMCAuNDQuMDcuNjUuMTkuNjgtLjA0LjgyLS4wNSAxLjY2LS4wNSAyLjVDMTUgODMuMzQgMjMuMzEgOTEgMzcuMjQgOTFINDBjMTQuNzIgMCAyNS04LjQzIDI1LTIwLjUgMC0xLjUtLjA0LTMtLjE3LTQuNDZsMS41OC0uNzdjLjU4LS4yOSAxLjIxLS41IDEuOS0uNjQgMS44NS0uMzggMy45NS0uMjIgNS45OS4yOC43My4xOCAxLjI2LjM1IDEuNS40NWwxLjM4LjU1Yy0uMTQgMS41LS4xOCAzLjA0LS4xOCA0LjZDNzcgODMuMzQgODUuMzEgOTEgOTkuMjQgOTFIMTAyYzE0LjcyIDAgMjUtOC40MyAyNS0yMC41IDAtMS41NC0uMDQtMy4wNy0uMTgtNC41NiAxLjc0LTEuNTEgNi4yMi0xLjUxIDYuMjItMS41MWEyLjkyIDIuOTIgMCAwIDAgMi45Ni0yLjg5di0yLjg4YzAtMS42LTEuMzItMi44OS0yLjk2LTIuODktLjY5LS42Ny04LjI1LTUuNzctMjkuNTQtNS43N0gxMDAuNTNjLTEuOCAwLTMuNDQuMDctNC45Ny4yLTkuNTQuNTQtMTQuNjggMi4xNS0xOS45MiA0LjdhMTcgMTcgMCAwIDEtNC41Ni44NyAxNy4wMSAxNy4wMSAwIDAgMS00LjgxLS45MWwtLjQyLS4ydi0uMDFjLTQuOTQtMi40Mi04LjQzLTQuMTMtMjAuNzgtNC41NWE2MS4yIDYxLjIgMCAwIDAtMy42LS4xSDM4LjVaTTE5IDcxLjVDMTkgNjIuODQgMTkgNTYgMzguMzkgNTZoMy4yMkM2MSA1NiA2MSA2Mi44NCA2MSA3MS41IDYxIDgwLjYzIDUyLjM2IDg3IDQwIDg3aC0zLjAzQzIyLjEyIDg3IDE5IDc4LjU3IDE5IDcxLjVabTYyIDBjMC04LjY2IDAtMTUuNSAxOS4zOS0xNS41aDMuMjJDMTIzIDU2IDEyMyA2Mi44NCAxMjMgNzEuNWMwIDkuMTMtOC42NCAxNS41LTIxIDE1LjVoLTMuMDNDODQuMTIgODcgODEgNzguNTcgODEgNzEuNVoiIGZpbGw9IiM5Mjk1OTgiLz48L2c+PC9nPjwvZz48L2c+PC9zdmc+', '{"personal":{"isChild":false,"sex":"Feminino","gender":"Mulher cisgênero","rg":"58.411.619-5","maritalStatus":"União estável","profession":"Estudante","company":"Órgão público","education":"Ensino fundamental","address":"Rua Santos, 367","city":"Rio de Janeiro","state":"RJ","zip":"56304-921"},"clinical":{"complaint":"Sintomas depressivos e desânimo","goals":"Melhorar a qualidade do sono","suffering":"Moderado","history":"Histórico familiar de transtornos de humor. Acompanhamento psiquiátrico em paralelo.","priorDiagnoses":"Nenhum","priorTreatments":"Nenhum","psychiatric":"Em acompanhamento psiquiátrico","referrals":"—"},"health":{"depression":false,"anxiety":true,"tdah":false,"tag":false,"bipolar":false,"medications":"—","diseases":"—","surgeries":"—","hospitalizations":"Não","familyHistory":"Histórico familiar de depressão/ansiedade"},"lifestyle":{"sleep":"Insônia frequente","diet":"Restritiva","sports":"Corrida","gym":"Sim","alcohol":"Frequente","smoking":"Sim","drugs":"Não","religion":"Budista","spirituality":"Muito presente"},"financial":{"situation":"Instável","income":"2 a 4 salários","work":"Desempregado","ownHome":"Não","rent":"Sim","withFamily":"Sim","debt":"Não","car":"Sim","motorcycle":"Não"},"interests":{"hobbies":"Fotografia","music":"Clássica","movies":"Documentários","books":"—","games":"—","tech":"Médio","social":"WhatsApp"},"personality":{"introvert":true,"extrovert":true,"communicative":false,"reserved":true,"organized":false,"creative":false,"impulsive":false,"notes":"Dificuldade em pedir ajuda."},"relationships":{"family":"Conflituosa","friends":"Isolamento recente","romantic":"Estável","work":"Tensa"}}', NULL, 1773241090234);
INSERT INTO sessions (id, clinic_id, patient_id, psychologist_id, occurred_at, duration_min, mood, emotional_scale, topics, objectives, techniques, evolution, next_steps, free_notes, created_at) VALUES ('edb87087-83cc-4fc7-baaa-41dfb6df0115', '00a53c0f-7baa-45b4-bea5-3159ed4e83ad', '12933e8a-22bb-4d7d-a500-3b90c7185ac2', '8f2d9ad7-ffc1-478a-b00a-e56f0de21f98', 1781708290234, 50, 'Cansado(a)', 7, '["lazer","ansiedade","autoestima"]', 'Aumentar a tolerância à frustração', 'Treino de habilidades sociais', 'Semana difícil, com aumento da sintomatologia ansiosa.', 'Manter diário do sono.', NULL, 1781708290234);
INSERT INTO sessions (id, clinic_id, patient_id, psychologist_id, occurred_at, duration_min, mood, emotional_scale, topics, objectives, techniques, evolution, next_steps, free_notes, created_at) VALUES ('7fee8b36-22f4-4bae-afde-9f5ead76701f', '00a53c0f-7baa-45b4-bea5-3159ed4e83ad', '12933e8a-22bb-4d7d-a500-3b90c7185ac2', '8f2d9ad7-ffc1-478a-b00a-e56f0de21f98', 1782226690234, 50, 'Cansado(a)', 9, '["estudos","rotina"]', 'Melhorar a qualidade do sono', 'Treino de habilidades sociais', 'Trouxe avanços na aplicação das técnicas no dia a dia.', 'Retomar atividade física gradualmente.', 'Sessão produtiva. Manter plano terapêutico.', 1782226690234);
INSERT INTO sessions (id, clinic_id, patient_id, psychologist_id, occurred_at, duration_min, mood, emotional_scale, topics, objectives, techniques, evolution, next_steps, free_notes, created_at) VALUES ('950aefcd-688a-462a-a96c-c80dc301f42d', '00a53c0f-7baa-45b4-bea5-3159ed4e83ad', '12933e8a-22bb-4d7d-a500-3b90c7185ac2', '8f2d9ad7-ffc1-478a-b00a-e56f0de21f98', 1782745090234, 50, 'Ansioso(a)', 3, '["sono","ansiedade","relacionamento","saúde"]', 'Aumentar a tolerância à frustração', 'Exposição gradual', 'Percebe-se maior consciência emocional e vocabulário afetivo.', 'Praticar respiração diafragmática 2x ao dia.', 'Sessão produtiva. Manter plano terapêutico.', 1782745090234);
INSERT INTO timeline_events (id, clinic_id, patient_id, session_id, title, description, event_date, category, status, source, created_at) VALUES ('3a43ac30-8e61-46bc-940f-6ecf1a039c91', '00a53c0f-7baa-45b4-bea5-3159ed4e83ad', '12933e8a-22bb-4d7d-a500-3b90c7185ac2', '7fee8b36-22f4-4bae-afde-9f5ead76701f', 'Recaída pontual', 'Relatou leve melhora nos sintomas ao longo da semana.', 1773500290235, 'família', 'confirmed', 'manual', 1771167490235);
INSERT INTO timeline_events (id, clinic_id, patient_id, session_id, title, description, event_date, category, status, source, created_at) VALUES ('0fafc340-3da0-4ec2-8f6f-ce985ea2414a', '00a53c0f-7baa-45b4-bea5-3159ed4e83ad', '12933e8a-22bb-4d7d-a500-3b90c7185ac2', '7fee8b36-22f4-4bae-afde-9f5ead76701f', 'Perda familiar', 'Semana difícil, com aumento da sintomatologia ansiosa.', 1766761090235, 'trabalho', 'confirmed', 'manual', 1770389890235);
INSERT INTO timeline_events (id, clinic_id, patient_id, session_id, title, description, event_date, category, status, source, created_at) VALUES ('e6cf2394-309c-4644-b56e-8228e9925bec', '00a53c0f-7baa-45b4-bea5-3159ed4e83ad', '12933e8a-22bb-4d7d-a500-3b90c7185ac2', NULL, 'Perda familiar', 'Paciente demonstrou boa adesão às tarefas propostas.', 1777820290235, 'trabalho', 'confirmed', 'ai', 1768489090235);
INSERT INTO ai_summaries (id, clinic_id, patient_id, appointment_id, content, suggested_questions, model, status, approved_content, approved_by, approved_at, created_at) VALUES ('10ba14c7-e59b-4c9d-aada-8174f12d04fd', '00a53c0f-7baa-45b4-bea5-3159ed4e83ad', '12933e8a-22bb-4d7d-a500-3b90c7185ac2', NULL, 'Paciente em acompanhamento por insônia e alterações do sono. Ao longo das sessões observa-se evolução gradual, com melhor manejo emocional e boa adesão às técnicas propostas. Recomenda-se manter o plano terapêutico atual.', '["Como você tem dormido esta semana?","O que funcionou melhor entre as estratégias que combinamos?","Houve algum gatilho importante desde a última sessão?"]', 'vinculo-ai', 'ready', NULL, '8f2d9ad7-ffc1-478a-b00a-e56f0de21f98', 1782917890235, 1782831490235);
INSERT INTO appointments (id, clinic_id, patient_id, psychologist_id, starts_at, ends_at, status, created_at) VALUES ('4624451a-4a54-4583-87ff-a1b737944db8', '00a53c0f-7baa-45b4-bea5-3159ed4e83ad', '12933e8a-22bb-4d7d-a500-3b90c7185ac2', '8f2d9ad7-ffc1-478a-b00a-e56f0de21f98', 1782313090235, 1782316090235, 'done', 1781794690235);
INSERT INTO appointments (id, clinic_id, patient_id, psychologist_id, starts_at, ends_at, status, created_at) VALUES ('03954343-7931-4687-b359-b6b62a2cc0a7', '00a53c0f-7baa-45b4-bea5-3159ed4e83ad', '12933e8a-22bb-4d7d-a500-3b90c7185ac2', '8f2d9ad7-ffc1-478a-b00a-e56f0de21f98', 1782917890235, 1782920890235, 'done', 1782485890235);
INSERT INTO appointments (id, clinic_id, patient_id, psychologist_id, starts_at, ends_at, status, created_at) VALUES ('cef8369d-db29-4997-9c1b-6186a318a124', '00a53c0f-7baa-45b4-bea5-3159ed4e83ad', '12933e8a-22bb-4d7d-a500-3b90c7185ac2', '8f2d9ad7-ffc1-478a-b00a-e56f0de21f98', 1783695490235, 1784648890235, 'scheduled', 1783349890235);
INSERT INTO consents (id, clinic_id, patient_id, type, version, granted_at, ip, revoked_at, created_at) VALUES ('8a43fb45-6d20-444f-9136-2b9ff7246754', '00a53c0f-7baa-45b4-bea5-3159ed4e83ad', '12933e8a-22bb-4d7d-a500-3b90c7185ac2', 'general', '1.0', 1773241090234, '189.49.187.129', NULL, 1773241090234);
INSERT INTO consents (id, clinic_id, patient_id, type, version, granted_at, ip, revoked_at, created_at) VALUES ('982ebe28-dc89-4ed5-9d25-a428782b0040', '00a53c0f-7baa-45b4-bea5-3159ed4e83ad', '12933e8a-22bb-4d7d-a500-3b90c7185ac2', 'ai', '1.0', 1773241090234, '189.223.130.156', NULL, 1773241090234);
INSERT INTO patients (id, clinic_id, psychologist_id, full_name, social_name, cpf, email, phone, whatsapp, birth_date, status, photo, profile, deleted_at, created_at) VALUES ('40674378-0bef-4d66-a689-08372d14e721', '00a53c0f-7baa-45b4-bea5-3159ed4e83ad', '1c2b3e6a-6d97-4ad5-9167-ccafd03a8006', 'Débora Santos Mendes', NULL, '629.963.314-86', 'débora.11@email.com', '(50) 99869-7267', '(37) 98227-7768', -815130109765, 'active', 'data:image/svg+xml;base64,PHN2ZyB4bWxucz0iaHR0cDovL3d3dy53My5vcmcvMjAwMC9zdmciIHZpZXdCb3g9IjAgMCAyODAgMjgwIiBmaWxsPSJub25lIiBzaGFwZS1yZW5kZXJpbmc9ImF1dG8iPjxtZXRhZGF0YSB4bWxuczpyZGY9Imh0dHA6Ly93d3cudzMub3JnLzE5OTkvMDIvMjItcmRmLXN5bnRheC1ucyMiIHhtbG5zOnhzaT0iaHR0cDovL3d3dy53My5vcmcvMjAwMS9YTUxTY2hlbWEtaW5zdGFuY2UiIHhtbG5zOmRjPSJodHRwOi8vcHVybC5vcmcvZGMvZWxlbWVudHMvMS4xLyIgeG1sbnM6ZGN0ZXJtcz0iaHR0cDovL3B1cmwub3JnL2RjL3Rlcm1zLyI+PHJkZjpSREY+PHJkZjpEZXNjcmlwdGlvbj48ZGM6dGl0bGU+QXZhdGFhYXJzPC9kYzp0aXRsZT48ZGM6Y3JlYXRvcj5QYWJsbyBTdGFubGV5PC9kYzpjcmVhdG9yPjxkYzpzb3VyY2UgeHNpOnR5cGU9ImRjdGVybXM6VVJJIj5odHRwczovL2F2YXRhYWFycy5jb20vPC9kYzpzb3VyY2U+PGRjdGVybXM6bGljZW5zZSB4c2k6dHlwZT0iZGN0ZXJtczpVUkkiPmh0dHBzOi8vYXZhdGFhYXJzLmNvbS88L2RjdGVybXM6bGljZW5zZT48ZGM6cmlnaHRzPlJlbWl4IG9mIOKAnkF2YXRhYWFyc+KAnSAoaHR0cHM6Ly9hdmF0YWFhcnMuY29tLykgYnkg4oCeUGFibG8gU3RhbmxleeKAnSwgbGljZW5zZWQgdW5kZXIg4oCeRnJlZSBmb3IgcGVyc29uYWwgYW5kIGNvbW1lcmNpYWwgdXNl4oCdIChodHRwczovL2F2YXRhYWFycy5jb20vKTwvZGM6cmlnaHRzPjwvcmRmOkRlc2NyaXB0aW9uPjwvcmRmOlJERj48L21ldGFkYXRhPjxtYXNrIGlkPSJ2aWV3Ym94TWFzayI+PHJlY3Qgd2lkdGg9IjI4MCIgaGVpZ2h0PSIyODAiIHJ4PSIxNDAiIHJ5PSIxNDAiIHg9IjAiIHk9IjAiIGZpbGw9IiNmZmYiIC8+PC9tYXNrPjxnIG1hc2s9InVybCgjdmlld2JveE1hc2spIj48cmVjdCBmaWxsPSIjZmZkZmJmIiB3aWR0aD0iMjgwIiBoZWlnaHQ9IjI4MCIgeD0iMCIgeT0iMCIgLz48ZyB0cmFuc2Zvcm09InRyYW5zbGF0ZSg4KSI+PHBhdGggZD0iTTEzMiAzNmE1NiA1NiAwIDAgMC01NiA1NnY2LjE3QTEyIDEyIDAgMCAwIDY2IDExMHYxNGExMiAxMiAwIDAgMCAxMC4zIDExLjg4IDU2LjA0IDU2LjA0IDAgMCAwIDMxLjcgNDQuNzN2MTguNGgtNGE3MiA3MiAwIDAgMC03MiA3MnY5aDIwMHYtOWE3MiA3MiAwIDAgMC03Mi03MmgtNHYtMTguMzlhNTYuMDQgNTYuMDQgMCAwIDAgMzEuNy00NC43M0ExMiAxMiAwIDAgMCAxOTggMTI0di0xNGExMiAxMiAwIDAgMC0xMC0xMS44M1Y5MmE1NiA1NiAwIDAgMC01Ni01NloiIGZpbGw9IiNmZmRiYjQiLz48cGF0aCBkPSJNMTA4IDE4MC42MXY4YTU1Ljc5IDU1Ljc5IDAgMCAwIDI0IDUuMzljOC41OSAwIDE2LjczLTEuOTMgMjQtNS4zOXYtOGE1NS43OSA1NS43OSAwIDAgMS0yNCA1LjM5IDU1Ljc5IDU1Ljc5IDAgMCAxLTI0LTUuMzlaIiBmaWxsPSIjMDAwIiBmaWxsLW9wYWNpdHk9Ii4xIi8+PGcgdHJhbnNmb3JtPSJ0cmFuc2xhdGUoMCAxNzApIj48cGF0aCBkPSJNMTMyLjUgNTEuODNjMTguNSAwIDMzLjUtOS42MiAzMy41LTIxLjQ4IDAtLjM2LS4wMS0uNy0uMDQtMS4wNkE3MiA3MiAwIDAgMSAyMzIgMTAxLjA0VjExMEgzMnYtOC45NWE3MiA3MiAwIDAgMSA2Ny4wNS03MS44M2MtLjAzLjM3LS4wNS43NS0uMDUgMS4xMyAwIDExLjg2IDE1IDIxLjQ4IDMzLjUgMjEuNDhaIiBmaWxsPSIjOTI5NTk4Ii8+PHBhdGggZD0iTTEzMi41IDU4Ljc2YzIxLjg5IDAgMzkuNjMtMTIuMDUgMzkuNjMtMjYuOTEgMC0uNi0uMDItMS4yLS4wOC0xLjgtMi0uMzMtNC4wMy0uNTktNi4xLS43Ni4wNC4zNS4wNS43LjA1IDEuMDYgMCAxMS44Ni0xNSAyMS40OC0zMy41IDIxLjQ4Uzk5IDQyLjIgOTkgMzAuMzVjMC0uMzguMDItLjc2LjA1LTEuMTMtMi4wNi4xNC00LjA4LjM2LTYuMDguNjctLjA3LjY1LS4xIDEuMy0uMSAxLjk2IDAgMTQuODYgMTcuNzQgMjYuOTEgMzkuNjMgMjYuOTFaIiBmaWxsPSIjMDAwIiBmaWxsLW9wYWNpdHk9Ii4wOCIvPjwvZz48ZyB0cmFuc2Zvcm09InRyYW5zbGF0ZSg3OCAxMzQpIj48cmVjdCB4PSI0MiIgeT0iMTgiIHdpZHRoPSIyNCIgaGVpZ2h0PSI2IiByeD0iMyIgZmlsbD0iIzAwMCIgZmlsbC1vcGFjaXR5PSIuNyIvPjwvZz48ZyB0cmFuc2Zvcm09InRyYW5zbGF0ZSgxMDQgMTIyKSI+PHBhdGggZmlsbC1ydWxlPSJldmVub2RkIiBjbGlwLXJ1bGU9ImV2ZW5vZGQiIGQ9Ik0xNiA4YzAgNC40MiA1LjM3IDggMTIgOHMxMi0zLjU4IDEyLTgiIGZpbGw9IiMwMDAiIGZpbGwtb3BhY2l0eT0iLjE2Ii8+PC9nPjxnIHRyYW5zZm9ybT0idHJhbnNsYXRlKDc2IDkwKSI+PHBhdGggZD0iTTI1IDI3cy02IDcuMjctNiAxMS4yN2E2IDYgMCAxIDAgMTIgMGMwLTQtNi0xMS4yNy02LTExLjI3WiIgZmlsbD0iIzkyRDlGRiIvPjxwYXRoIGQ9Ik0zNiAyMmE2IDYgMCAxIDEtMTIgMCA2IDYgMCAwIDEgMTIgMFpNODggMjJhNiA2IDAgMSAxLTEyIDAgNiA2IDAgMCAxIDEyIDBaIiBmaWxsPSIjMDAwIiBmaWxsLW9wYWNpdHk9Ii42Ii8+PC9nPjxnIHRyYW5zZm9ybT0idHJhbnNsYXRlKDc2IDgyKSI+PHBhdGggZD0iTTE1LjYzIDE3LjE2YzMuOTItNS41MSAxNC42NS04LjYgMjMuOS02LjMzYTIgMiAwIDEgMCAuOTUtMy44OGMtMTAuNzQtMi42NC0yMy4xNy45NC0yOC4xMSA3LjlhMiAyIDAgMCAwIDMuMjYgMi4zWk05Ni4zNyAxNy4xNmMtMy45MS01LjUxLTE0LjY1LTguNi0yMy45LTYuMzNhMiAyIDAgMSAxLS45NS0zLjg4YzEwLjc0LTIuNjQgMjMuMTcuOTQgMjguMTEgNy45YTIgMiAwIDAgMS0zLjI2IDIuM1oiIGZpbGw9IiMwMDAiIGZpbGwtb3BhY2l0eT0iLjYiLz48L2c+PGcgdHJhbnNmb3JtPSJ0cmFuc2xhdGUoLTEpIj48cGF0aCBkPSJNNzAgOTdjMCA0IC45MiA1LjA3IDYgNSAzLjI1LS4wNSAzLjQ0LTYgMy42NS0xMi41OS4xNC00LjM3LjI5LTkuMDMgMS4zNS0xMi40MS42Mi00LjQzLTEuODItMy4xNy0zLTEtMy45NiA0Ljc4LTggMTUuMzQtOCAyMVpNMTk2IDk3YzAgNC0uOTIgNS4wNy02IDUtMy4yNS0uMDUtMy40NC02LTMuNjUtMTIuNTktLjE0LTQuMzctLjI5LTkuMDMtMS4zNS0xMi40MS0uNjItNC40MyAxLjgyLTMuMTcgMy0xIDMuOTYgNC43OCA4IDE1LjM0IDggMjFaIiBmaWxsPSIjYzkzMzA1Ii8+PC9nPjxnIHRyYW5zZm9ybT0idHJhbnNsYXRlKDQ5IDcyKSI+PHBhdGggZD0iTTU3LjU1IDY5LjY4YTMxLjggMzEuOCAwIDAgMSA0Ljg0LTIuNTVDNjcuNTggNjUuMTUgNzcuMiA2NS43MSA4NCA2OS4zYzYuOC0zLjU5IDE2LjQyLTQuMTUgMjEuNjEtMi4xNyAxLjY0LjYzIDMuMjIgMS41NyA0Ljg0IDIuNTUgNC4xMyAyLjQ3IDguNTUgNS4xMiAxNC45MSAzLjE1LjM3LS4xMi43My4yMi42Mi41OC0xLjM3IDQuNS05IDcuNi0xMS42IDcuNy02LjIuMjQtMTEuNzUtMi4yNi0xNy4xMy00LjY5LTQuNDQtMi04Ljc3LTMuOTYtMTMuMjUtNC4yNi00LjQ4LjMtOC44IDIuMjYtMTMuMjUgNC4yNi01LjM4IDIuNDMtMTAuOTIgNC45My0xNy4xMyA0LjY5LTIuNi0uMS0xMC4yMy0zLjItMTEuNi03LjctLjExLS4zNi4yNS0uNy42Mi0uNTggNi4zNiAxLjk3IDEwLjc4LS42OCAxNC45LTMuMTVaIiBmaWxsPSIjNzI0MTMzIi8+PC9nPjxnIHRyYW5zZm9ybT0idHJhbnNsYXRlKDYyIDQyKSI+PC9nPjwvZz48L2c+PC9zdmc+', '{"personal":{"isChild":false,"sex":"Feminino","gender":"Mulher cisgênero","rg":"41.569.909-5","maritalStatus":"Divorciado(a)","profession":"Servidor público","company":"—","education":"Superior incompleto","address":"Rua Martins, 823","city":"Salvador","state":"BA","zip":"12541-681"},"clinical":{"complaint":"Ansiedade e crises de pânico","goals":"Melhorar a qualidade do sono","suffering":"Leve","history":"Procurou a clínica de forma espontânea, motivado(a) por autoconhecimento.","priorDiagnoses":"Nenhum","priorTreatments":"Nenhum","psychiatric":"Não","referrals":"Encaminhado pelo clínico geral"},"health":{"depression":false,"anxiety":false,"tdah":false,"tag":true,"bipolar":false,"medications":"Clonazepam (SOS)","diseases":"—","surgeries":"—","hospitalizations":"Uma internação prévia","familyHistory":"Sem histórico relevante"},"lifestyle":{"sleep":"Insônia frequente","diet":"Restritiva","sports":"Sedentário","gym":"Sim","alcohol":"Social","smoking":"Ex-fumante","drugs":"Não","religion":"Umbanda","spirituality":"Muito presente"},"financial":{"situation":"Estável","income":"2 a 4 salários","work":"Autônomo","ownHome":"Não","rent":"Sim","withFamily":"Sim","debt":"Alguma","car":"Sim","motorcycle":"Não"},"interests":{"hobbies":"Jardinagem","music":"Sertanejo","movies":"Ficção científica","books":"Ficção e autoajuda","games":"Jogos casuais","tech":"Baixo","social":"Pouco ativo"},"personality":{"introvert":false,"extrovert":true,"communicative":false,"reserved":false,"organized":false,"creative":true,"impulsive":true,"notes":"Perfeccionista e autocrítico(a)."},"relationships":{"family":"Conflituosa","friends":"Poucos amigos","romantic":"Estável","work":"Tensa"}}', NULL, 1767365890235);
INSERT INTO sessions (id, clinic_id, patient_id, psychologist_id, occurred_at, duration_min, mood, emotional_scale, topics, objectives, techniques, evolution, next_steps, free_notes, created_at) VALUES ('a11860d4-0108-4121-8cec-a40537a4b66c', '00a53c0f-7baa-45b4-bea5-3159ed4e83ad', '40674378-0bef-4d66-a689-08372d14e721', '1c2b3e6a-6d97-4ad5-9167-ccafd03a8006', 1781708290235, 45, 'Ansioso(a)', 4, '["rotina","finanças"]', 'Melhorar a qualidade do sono', 'Ativação comportamental', 'Paciente demonstrou boa adesão às tarefas propostas.', 'Trabalhar limites nos relacionamentos.', NULL, 1781708290235);
INSERT INTO sessions (id, clinic_id, patient_id, psychologist_id, occurred_at, duration_min, mood, emotional_scale, topics, objectives, techniques, evolution, next_steps, free_notes, created_at) VALUES ('4bf29097-ef5a-443d-99df-8d7bbee4c8fa', '00a53c0f-7baa-45b4-bea5-3159ed4e83ad', '40674378-0bef-4d66-a689-08372d14e721', '1c2b3e6a-6d97-4ad5-9167-ccafd03a8006', 1782053890235, 60, 'Irritado(a)', 9, '["relacionamento","luto","família","finanças"]', 'Fortalecer a autoestima', 'Treino de habilidades sociais', 'Trouxe avanços na aplicação das técnicas no dia a dia.', 'Retomar atividade física gradualmente.', 'Sessão produtiva. Manter plano terapêutico.', 1782053890235);
INSERT INTO sessions (id, clinic_id, patient_id, psychologist_id, occurred_at, duration_min, mood, emotional_scale, topics, objectives, techniques, evolution, next_steps, free_notes, created_at) VALUES ('f9a0f4bd-fdfe-41f0-b92f-bed3f0c808ff', '00a53c0f-7baa-45b4-bea5-3159ed4e83ad', '40674378-0bef-4d66-a689-08372d14e721', '1c2b3e6a-6d97-4ad5-9167-ccafd03a8006', 1782745090235, 45, 'Cansado(a)', 7, '["relacionamento","finanças"]', 'Desenvolver estratégias de enfrentamento', 'Ativação comportamental', 'Trouxe avanços na aplicação das técnicas no dia a dia.', 'Manter diário do sono.', NULL, 1782745090235);
INSERT INTO timeline_events (id, clinic_id, patient_id, session_id, title, description, event_date, category, status, source, created_at) VALUES ('a24a6e7d-ab66-4374-8fb9-16f541ab6fa0', '00a53c0f-7baa-45b4-bea5-3159ed4e83ad', '40674378-0bef-4d66-a689-08372d14e721', NULL, 'Início do acompanhamento', 'Apresentou resistência inicial, mas engajou-se ao final da sessão.', 1773586690235, 'pessoal', 'confirmed', 'ai', 1767625090235);
INSERT INTO timeline_events (id, clinic_id, patient_id, session_id, title, description, event_date, category, status, source, created_at) VALUES ('15df4777-d5b5-4c73-9a9b-fcdbed2ec7cf', '00a53c0f-7baa-45b4-bea5-3159ed4e83ad', '40674378-0bef-4d66-a689-08372d14e721', NULL, 'Ajuste de medicação', 'Apresentou resistência inicial, mas engajou-se ao final da sessão.', 1781103490235, 'família', 'confirmed', 'manual', 1779548290235);
INSERT INTO timeline_events (id, clinic_id, patient_id, session_id, title, description, event_date, category, status, source, created_at) VALUES ('2a2ab058-4739-4000-97bb-37bcf88ee73c', '00a53c0f-7baa-45b4-bea5-3159ed4e83ad', '40674378-0bef-4d66-a689-08372d14e721', 'f9a0f4bd-fdfe-41f0-b92f-bed3f0c808ff', 'Recaída pontual', 'Trouxe avanços na aplicação das técnicas no dia a dia.', 1775746690235, 'pessoal', 'suggested', 'manual', 1780671490235);
INSERT INTO timeline_events (id, clinic_id, patient_id, session_id, title, description, event_date, category, status, source, created_at) VALUES ('7c02fc2d-a12d-4aae-a69d-a9c17ea4c5fe', '00a53c0f-7baa-45b4-bea5-3159ed4e83ad', '40674378-0bef-4d66-a689-08372d14e721', NULL, 'Início do acompanhamento', 'Apresentou resistência inicial, mas engajou-se ao final da sessão.', 1775401090236, 'clínico', 'suggested', 'manual', 1777906690236);
INSERT INTO timeline_events (id, clinic_id, patient_id, session_id, title, description, event_date, category, status, source, created_at) VALUES ('e677f194-2454-4d05-b7e8-eaf895a06aeb', '00a53c0f-7baa-45b4-bea5-3159ed4e83ad', '40674378-0bef-4d66-a689-08372d14e721', 'f9a0f4bd-fdfe-41f0-b92f-bed3f0c808ff', 'Mudança de emprego', 'Paciente demonstrou boa adesão às tarefas propostas.', 1772722690236, 'família', 'confirmed', 'ai', 1770476290236);
INSERT INTO ai_summaries (id, clinic_id, patient_id, appointment_id, content, suggested_questions, model, status, approved_content, approved_by, approved_at, created_at) VALUES ('31190be7-e0c5-471b-9c97-808f21a2e6cc', '00a53c0f-7baa-45b4-bea5-3159ed4e83ad', '40674378-0bef-4d66-a689-08372d14e721', NULL, 'Paciente em acompanhamento por ansiedade e crises de pânico. Ao longo das sessões observa-se evolução gradual, com melhor manejo emocional e boa adesão às técnicas propostas. Recomenda-se manter o plano terapêutico atual.', '["Como você tem dormido esta semana?","O que funcionou melhor entre as estratégias que combinamos?","Houve algum gatilho importante desde a última sessão?"]', 'vinculo-ai', 'approved', NULL, '1c2b3e6a-6d97-4ad5-9167-ccafd03a8006', NULL, 1781535490236);
INSERT INTO ai_alerts (id, clinic_id, patient_id, type, severity, message, status, created_at) VALUES ('32b98399-63bc-497b-9093-6f7804930ad6', '00a53c0f-7baa-45b4-bea5-3159ed4e83ad', '40674378-0bef-4d66-a689-08372d14e721', 'medication', 'medium', 'Relato de interrupção da medicação por conta própria.', 'active', 1780585090236);
INSERT INTO ai_alerts (id, clinic_id, patient_id, type, severity, message, status, created_at) VALUES ('5a48a8f1-e9a0-44b8-b6d3-06189b400c42', '00a53c0f-7baa-45b4-bea5-3159ed4e83ad', '40674378-0bef-4d66-a689-08372d14e721', 'pattern', 'low', 'Padrão recorrente de faltas às sextas-feiras.', 'active', 1782485890236);
INSERT INTO appointments (id, clinic_id, patient_id, psychologist_id, starts_at, ends_at, status, created_at) VALUES ('3c1a37f3-aba5-4655-b4eb-84ebb2215295', '00a53c0f-7baa-45b4-bea5-3159ed4e83ad', '40674378-0bef-4d66-a689-08372d14e721', '1c2b3e6a-6d97-4ad5-9167-ccafd03a8006', 1782313090236, 1782316090236, 'done', 1781794690236);
INSERT INTO appointments (id, clinic_id, patient_id, psychologist_id, starts_at, ends_at, status, created_at) VALUES ('5e12d435-abc0-4af1-b678-c13009981586', '00a53c0f-7baa-45b4-bea5-3159ed4e83ad', '40674378-0bef-4d66-a689-08372d14e721', '1c2b3e6a-6d97-4ad5-9167-ccafd03a8006', 1782917890236, 1782920890236, 'canceled', 1782485890236);
INSERT INTO appointments (id, clinic_id, patient_id, psychologist_id, starts_at, ends_at, status, created_at) VALUES ('46f76018-6caa-476b-b104-a0ec39102b1a', '00a53c0f-7baa-45b4-bea5-3159ed4e83ad', '40674378-0bef-4d66-a689-08372d14e721', '1c2b3e6a-6d97-4ad5-9167-ccafd03a8006', 1784127490236, 1783698490236, 'scheduled', 1783349890236);
INSERT INTO consents (id, clinic_id, patient_id, type, version, granted_at, ip, revoked_at, created_at) VALUES ('a5b9bd88-b4ff-4b64-b1ca-dcaca5f4bab2', '00a53c0f-7baa-45b4-bea5-3159ed4e83ad', '40674378-0bef-4d66-a689-08372d14e721', 'general', '1.0', 1767365890235, '189.125.132.151', NULL, 1767365890235);
INSERT INTO consents (id, clinic_id, patient_id, type, version, granted_at, ip, revoked_at, created_at) VALUES ('cff4446b-7806-4e71-abe6-49fcf8d0ac44', '00a53c0f-7baa-45b4-bea5-3159ed4e83ad', '40674378-0bef-4d66-a689-08372d14e721', 'ai', '1.0', 1767365890235, '189.178.169.126', NULL, 1767365890235);
INSERT INTO patients (id, clinic_id, psychologist_id, full_name, social_name, cpf, email, phone, whatsapp, birth_date, status, photo, profile, deleted_at, created_at) VALUES ('421473e2-d0b1-4b96-9bda-bf3920370946', '00a53c0f-7baa-45b4-bea5-3159ed4e83ad', '1c2b3e6a-6d97-4ad5-9167-ccafd03a8006', 'Daniel Rocha Correia', NULL, '233.081.841-65', 'daniel.12@email.com', '(70) 94809-4518', '(45) 96784-7076', 641401090236, 'active', 'data:image/svg+xml;base64,PHN2ZyB4bWxucz0iaHR0cDovL3d3dy53My5vcmcvMjAwMC9zdmciIHZpZXdCb3g9IjAgMCAyODAgMjgwIiBmaWxsPSJub25lIiBzaGFwZS1yZW5kZXJpbmc9ImF1dG8iPjxtZXRhZGF0YSB4bWxuczpyZGY9Imh0dHA6Ly93d3cudzMub3JnLzE5OTkvMDIvMjItcmRmLXN5bnRheC1ucyMiIHhtbG5zOnhzaT0iaHR0cDovL3d3dy53My5vcmcvMjAwMS9YTUxTY2hlbWEtaW5zdGFuY2UiIHhtbG5zOmRjPSJodHRwOi8vcHVybC5vcmcvZGMvZWxlbWVudHMvMS4xLyIgeG1sbnM6ZGN0ZXJtcz0iaHR0cDovL3B1cmwub3JnL2RjL3Rlcm1zLyI+PHJkZjpSREY+PHJkZjpEZXNjcmlwdGlvbj48ZGM6dGl0bGU+QXZhdGFhYXJzPC9kYzp0aXRsZT48ZGM6Y3JlYXRvcj5QYWJsbyBTdGFubGV5PC9kYzpjcmVhdG9yPjxkYzpzb3VyY2UgeHNpOnR5cGU9ImRjdGVybXM6VVJJIj5odHRwczovL2F2YXRhYWFycy5jb20vPC9kYzpzb3VyY2U+PGRjdGVybXM6bGljZW5zZSB4c2k6dHlwZT0iZGN0ZXJtczpVUkkiPmh0dHBzOi8vYXZhdGFhYXJzLmNvbS88L2RjdGVybXM6bGljZW5zZT48ZGM6cmlnaHRzPlJlbWl4IG9mIOKAnkF2YXRhYWFyc+KAnSAoaHR0cHM6Ly9hdmF0YWFhcnMuY29tLykgYnkg4oCeUGFibG8gU3RhbmxleeKAnSwgbGljZW5zZWQgdW5kZXIg4oCeRnJlZSBmb3IgcGVyc29uYWwgYW5kIGNvbW1lcmNpYWwgdXNl4oCdIChodHRwczovL2F2YXRhYWFycy5jb20vKTwvZGM6cmlnaHRzPjwvcmRmOkRlc2NyaXB0aW9uPjwvcmRmOlJERj48L21ldGFkYXRhPjxtYXNrIGlkPSJ2aWV3Ym94TWFzayI+PHJlY3Qgd2lkdGg9IjI4MCIgaGVpZ2h0PSIyODAiIHJ4PSIxNDAiIHJ5PSIxNDAiIHg9IjAiIHk9IjAiIGZpbGw9IiNmZmYiIC8+PC9tYXNrPjxnIG1hc2s9InVybCgjdmlld2JveE1hc2spIj48cmVjdCBmaWxsPSIjYzBhZWRlIiB3aWR0aD0iMjgwIiBoZWlnaHQ9IjI4MCIgeD0iMCIgeT0iMCIgLz48ZyB0cmFuc2Zvcm09InRyYW5zbGF0ZSg4KSI+PHBhdGggZD0iTTEzMiAzNmE1NiA1NiAwIDAgMC01NiA1NnY2LjE3QTEyIDEyIDAgMCAwIDY2IDExMHYxNGExMiAxMiAwIDAgMCAxMC4zIDExLjg4IDU2LjA0IDU2LjA0IDAgMCAwIDMxLjcgNDQuNzN2MTguNGgtNGE3MiA3MiAwIDAgMC03MiA3MnY5aDIwMHYtOWE3MiA3MiAwIDAgMC03Mi03MmgtNHYtMTguMzlhNTYuMDQgNTYuMDQgMCAwIDAgMzEuNy00NC43M0ExMiAxMiAwIDAgMCAxOTggMTI0di0xNGExMiAxMiAwIDAgMC0xMC0xMS44M1Y5MmE1NiA1NiAwIDAgMC01Ni01NloiIGZpbGw9IiNmZDk4NDEiLz48cGF0aCBkPSJNMTA4IDE4MC42MXY4YTU1Ljc5IDU1Ljc5IDAgMCAwIDI0IDUuMzljOC41OSAwIDE2LjczLTEuOTMgMjQtNS4zOXYtOGE1NS43OSA1NS43OSAwIDAgMS0yNCA1LjM5IDU1Ljc5IDU1Ljc5IDAgMCAxLTI0LTUuMzlaIiBmaWxsPSIjMDAwIiBmaWxsLW9wYWNpdHk9Ii4xIi8+PGcgdHJhbnNmb3JtPSJ0cmFuc2xhdGUoMCAxNzApIj48cGF0aCBkPSJNMTMyLjUgNTRDMTUxIDU0IDE2NiA0NC4zNyAxNjYgMzIuNWMwLTEuMS0uMTMtMi4xOC0uMzgtMy4yM0E3MiA3MiAwIDAgMSAyMzIgMTAxLjA1VjExMEgzMnYtOC45NUE3MiA3MiAwIDAgMSA5OS40IDI5LjJhMTQuMSAxNC4xIDAgMCAwLS40IDMuM0M5OSA0NC4zNyAxMTQgNTQgMTMyLjUgNTRaIiBmaWxsPSIjZmY0ODhlIi8+PGcgdHJhbnNmb3JtPSJ0cmFuc2xhdGUoNzcgNTgpIj48cGF0aCBmaWxsLXJ1bGU9ImV2ZW5vZGQiIGNsaXAtcnVsZT0iZXZlbm9kZCIgZD0iTTc2Ljc0IDE3LjQ0YTE2Ljc4IDE2Ljc4IDAgMCAxIDIuMTUgNy44NnYuMjJjLS4xIDEwLjIyLTEzLjYgMTYuODUtMjIuNDggMTcuMzUtLjYzLjAzLTEuMjYuMDUtMS44OS4wNWgtLjAxYy0xMC4wOCAwLTE5LjU2LTQuNTUtMjIuNTQtMTQuODVhMTMuOCAxMy44IDAgMCAxLS41Mi0zLjgxYzAtMy4zNiAxLjEyLTYuODMgMy4xNS05LjQuMjQtLjMuNTQtLjYuODMtLjg4LjM3LS4zNi43NC0uNzIgMS0xLjEuNDctLjcxLjY0LS43LjY3LS43NS4wMi0uMDQtLjA5LS4xNS0uMTgtLjk4LS4wNi0uNS0uMjItLjkzLS4zOC0xLjM3LS4yMi0uNTgtLjQzLTEuMTctLjQxLTEuODguMDUtMi40IDEuNzYtNS4wOCA0LjA1LTUuOTVhNS45NSA1Ljk1IDAgMCAxIDMuOTYuMDhjLjYuMiAxLjE4LjY3IDEuNzUgMS4xMy41OC40NiAxLjEzLjkgMS42NCAxLjA0Ljk3LjI0IDIuODMtLjE0IDQuNDctLjQ3Ljk2LS4yIDEuODQtLjM4IDIuNDQtLjQxYTM0IDM0IDAgMCAxIDQuMi0uMDNjLjI3LjAxLjcyLjExIDEuMi4yMy44NC4xOSAxLjguNCAyLjIzLjI3LjQ1LS4xMy45Mi0uNSAxLjQtLjkuNDgtLjQuOTgtLjgxIDEuNS0xYTguNiA4LjYgMCAwIDEgMy4yLS40NWMyLjM0LjEzIDUgMS4xOCA2IDMuNDIuOCAxLjguMjQgMy4zLS4zNCA0Ljg3LS4yLjUzLS40IDEuMDYtLjU1IDEuNjItLjIuNy0uMzEuODUtLjMuOTYuMDMuMTEuMi4yLjU1LjgyLjA3LjEzLjM0LjQ0LjYuNzRsLjQyLjQ4Yy44Ljk3IDEuNTcgMS45OSAyLjE5IDMuMDhaTTU4LjMgMzYuOTdjMy4wNyAyLjk2IDYuNjctMS41NyA3LjE1LTQuMzguODQtMTAuMDctMTUuMDctOC43NS0xOS4yMy0zLTIuMSAyLjg5LS42MSA2LjggMi41OCA4LjIgMS40LjYxIDIuNTguOSAzLjU4LS4wNS44LS43NiAxLjAzLTMuNTIuNS00LjI3LS4yOS0uMzktLjY3LS41LTEuMDUtLjYtLjU1LS4xNi0xLjEtLjMyLTEuMzUtMS4zLS41Ny0yLjE2IDEuOC0yLjUgMy4zLTIuNjFsLjk3LS4xYzEuNjktLjIgNC4wNS0uNDggNS4wMy41IDEuMyAxLjMzLjI2IDIuMzUtLjgzIDMuNDItMS4yMSAxLjE4LTIuNDcgMi40Mi0uNjUgNC4xOFptLTkuNTgtMjAuNDZjLS41OS0uOTgtMS43NS0xLjIyLTIuNzMtLjc4LTEuODIuODMtLjk2IDMuNTIuNzUgMy43NSAxLjYyLjIxIDIuNzgtMS42IDEuOTgtMi45NlptMTUuMjMuODhjLS44NiAzLTUuNjQtLjM4LTIuOTQtMi4zIDEuNTUtMS4wOSAzLjQ1LjUgMi45NCAyLjNaIiBmaWxsPSIjZmZmIi8+PC9nPjwvZz48ZyB0cmFuc2Zvcm09InRyYW5zbGF0ZSg3OCAxMzQpIj48cGF0aCBmaWxsLXJ1bGU9ImV2ZW5vZGQiIGNsaXAtcnVsZT0iZXZlbm9kZCIgZD0iTTM1LjEyIDI5Ljg3YTE5IDE5IDAgMCAxIDM3Ljc3LjA5Yy4wOC43Ny0uNzcgMi4wNC0xLjg1IDIuMDRIMzcuMUMzNiAzMiAzNSAzMC44MiAzNS4xMiAyOS44N1oiIGZpbGw9IiMwMDAiIGZpbGwtb3BhY2l0eT0iLjciLz48cGF0aCBkPSJNNjkuNTkgMzJIMzguNGExMSAxMSAwIDAgMSAxNS42LTYuOEExMSAxMSAwIDAgMSA2OS41OSAzMloiIGZpbGw9IiNGRjRGNkQiLz48cGF0aCBkPSJNNjYuNTcgMTcuNzVBNSA1IDAgMCAxIDY1IDE4SDQ0Yy0uOCAwLTEuNTctLjItMi4yNC0uNTNBMTguOTIgMTguOTIgMCAwIDEgNTQgMTNjNC44MiAwIDkuMjIgMS44IDEyLjU3IDQuNzVaIiBmaWxsPSIjZmZmIi8+PC9nPjxnIHRyYW5zZm9ybT0idHJhbnNsYXRlKDEwNCAxMjIpIj48cGF0aCBmaWxsLXJ1bGU9ImV2ZW5vZGQiIGNsaXAtcnVsZT0iZXZlbm9kZCIgZD0iTTE2IDhjMCA0LjQyIDUuMzcgOCAxMiA4czEyLTMuNTggMTItOCIgZmlsbD0iIzAwMCIgZmlsbC1vcGFjaXR5PSIuMTYiLz48L2c+PGcgdHJhbnNmb3JtPSJ0cmFuc2xhdGUoNzYgOTApIj48cGF0aCBkPSJNNDQgMjJhMTQgMTQgMCAxIDEtMjggMCAxNCAxNCAwIDAgMSAyOCAwWk05NiAyMmExNCAxNCAwIDEgMS0yOCAwIDE0IDE0IDAgMCAxIDI4IDBaIiBmaWxsPSIjZmZmIi8+PHBhdGggZD0iTTM2IDIyYTYgNiAwIDEgMS0xMiAwIDYgNiAwIDAgMSAxMiAwWk04OCAyMmE2IDYgMCAxIDEtMTIgMCA2IDYgMCAwIDEgMTIgMFoiIGZpbGw9IiMwMDAiIGZpbGwtb3BhY2l0eT0iLjciLz48L2c+PGcgdHJhbnNmb3JtPSJ0cmFuc2xhdGUoNzYgODIpIj48cGF0aCBkPSJNMTUuNjEgMTUuMThjNC4yNC01Ljc2IDYuODgtNS40OCAxMy4zMS0uNjJsLjY3LjVDMzQuNDEgMTguNzMgMzYuNyAyMCA0MCAyMGEyIDIgMCAxIDAgMC00Yy0yLjA3IDAtMy45LTEuMDItNy45OS00LjEybC0uNjgtLjUyQzI3LjU3IDguNTMgMjUuMzcgNy4zIDIyLjYzIDdjLTMuNjgtLjQtNy4wNSAxLjQ4LTEwLjI0IDUuODNhMiAyIDAgMSAwIDMuMjIgMi4zNlpNOTYuMzkgMTUuMThjLTQuMjQtNS43Ni02Ljg4LTUuNDgtMTMuMzEtLjYybC0uNjcuNUM3Ny41OCAxOC43MyA3NS4yOSAyMCA3MiAyMGEyIDIgMCAxIDEgMC00YzIuMDcgMCAzLjktMS4wMiA3Ljk5LTQuMTJsLjY4LS41MmMzLjc2LTIuODMgNS45Ni00LjA3IDguNy00LjM3IDMuNjgtLjQgNy4wNSAxLjQ4IDEwLjI0IDUuODNhMiAyIDAgMSAxLTMuMjIgMi4zNloiIGZpbGw9IiMwMDAiIGZpbGwtb3BhY2l0eT0iLjYiLz48L2c+PGcgdHJhbnNmb3JtPSJ0cmFuc2xhdGUoLTEpIj48cGF0aCBkPSJNMjQyLjEzIDE2OC44NmM0Ljg0IDYuOCAxMS4xIDE0IDEyLjI1IDIyLjA2LjQ1IDMuMi43IDE2LjIzLTcuNTQgMTEuNDMtLjI3IDQuMzYtLjk3IDQuOTguMzQgOS4yLjg4IDIuODYgMi4wOCA4LjYyLTMuODcgOC4xIDIuMjYgNi4xNyA1Ljg4IDE0Ljc2IDIuNDggMjEuMTYtNS41OCAxMC41MS0xMS44OS0yLjc0LTEzLjU3LTcuNDkuMSAzLjI4LTMuNDIgOS4yLTcuODQgNC42My4zNSA1LjQyIDIuNTIgMTMuNzgtLjY2IDE4Ljg2LTYuMTYgOS44NS0xMi45Ny0yLjYyLTEzLjItNy45LTEuMTEgMy41Ni0uMjggMTIuMTQtNy42IDEwLjE1LTYuMzItMS43MS00LjAzLTEwLjA5LTIuOC0xMy44Ny0yLjAyIDMuNTYtNC41IDguODUtNC44OCAxMi44Ny0uMzQgMy40NSAyLjk0IDExLjU3LTUuNTUgMTAuMDUtNi41Mi0xLjE3LTYuNzYtMTAuOS02LjY1LTE1LjE4LjEtMy40OCAzLjQ2LTExLjQzIDEuMTgtMTQuMjUtMTIuNzMgNS4zNC42IDIzLjMtMTAuOTUgMjcuMy0zLjg0IDEuMzItNy4wNC0xLjE4LTguMzItNC42NC40LTEuNy0uMzYtMi41Ni0yLjI4LTIuNi0xLjIxLTEuNDktMi4wMS0xLjQ0LTIuOC0zLjY2LTIuMzEtNi41MiAyLjItMTUuMTkgNS40My0yMS0zLjM1IDMuMDUtNi4wNSA3LjI1LTkuNyA5LjkxLTIuNDUgMS44LTYuMDggMi4zMS04LjM4LS4xNy0yLjUxLTIuNzMtLjEzLTUuMzQgMS4yMi03LjgyIDMtNS40OSA3LjczLTguNjggMTIuNjctMTMuMDggNC4zMy0zLjg1IDguMTgtOC4xOCAxMi4wMS0xMi4zNyAyLjU3LTIuOCA1LjAxLTUuOCA3LjA2LTguOTdBNzIuMSA3Mi4xIDAgMCAwIDE2MSAxOTloLTR2LTE4LjM5YTU2LjI0IDU2LjI0IDAgMCAwIDI1LjgtMjQuOThjLjEtMy4yOC4yOC03LjExLjQ3LTExLjIuNTQtMTIuMDkgMS4xOS0yNi40LjQ4LTM1LjM0bC0uMi0yLjU4Yy0xLjEyLTE0LjM2LTEuOC0yMy4wMy0xMi0zNi4wNi00LjU2LTUuODMtMTMuMTgtNy42Ny0yMS43Mi05LjUtOC4wOS0xLjczLTE2LjEtMy40NS0yMC41MS04LjUxLTQuMTMgNC43OC0xMC4xNCA3LjMyLTE2Ljc0IDguOTktMS40NS4zNy0yLjkuNjctNC4zNC45Ni00Ljk4IDEuMDMtOS43IDItMTMuMDggNS42LTcuOCA4LjMyLTExLjIzIDEzLjg4LTEzLjYyIDI0LjI2QTExNi41NSAxMTYuNTUgMCAwIDAgNzkgMTI2LjgzYy4xMyAxLjg4LjIyIDMuNzguMzIgNS42OS4zNSA3LjEuNzEgMTQuMzIgMi45IDIxLjFhNTYuMjMgNTYuMjMgMCAwIDAgMjYuNzggMjdWMTk5aC00Yy0xLjEgMC0yLjIuMDMtMy4yOC4wNy42NyAzLjQ0IDEuMDkgNi45My44MSAxMC4zNC0uNCA1LTEuMzQgOS42Ni0uODUgMTQuNyAxLjA0IDEwLjUyIDUuNDEgMjAuNSA5LjAyIDMwLjUyIDEuNzMgNC44MiA5LjM2IDEwLjQ5IDYuMjMgMTQuNDYtMy4xMyAzLjk4LTEzLjgxLTUuNDctMTYuMi0xMC4wNS0yLjQ0LTQuNjYtNC42NS05LjQtNy4xOC0xNC4wMyAxLjQ4IDYuNDYgMi43NyAxMy4xIDQuOCAxOS40MSAxLjM2IDQuMjcgMy40MyAxMC43Mi0yLjI4IDExLjk0LTguOTUgMS45MS05LjMtMTIuNTgtMTAuMTgtMTYuOS0xLjQ3LTcuMTktMy4xLTkuOTgtNS41LTE2Ljk3LS40OSA1LjM0LjM0IDEwLjktLjgxIDE2LjItLjcgMy4xOS00LjM2IDUuODMtNi41NiA4LjUzLTcuNTMgOS4yOC05LjMyLTYuMjgtMTEuMjMtMTAuNTUtMy4zIDIuNC0xMC41IDcuMTYtMTQuOSA0LjE0LTMuMjYtMi4yMy0xLjItNi4yNy0uNDQtOS4wMyAxLjIyLTQuNDUgMS45NC04Ljg1LTEuMzEtMTIuODctMy4xIDMtOS45MiA0Ljc1LTEzLjg4IDEuODgtNS0zLjYzLS42Mi04Ljk0IDEuNjMtMTIuNyA0LjMzLTcuMjYgNC4wNy0xNS44NyA1LjQ0LTIzLjk0LjQ2LTIuNyAxLjA2LTYuMjYuMy04LjEyLTEuMS0yLjY4LTIuMy0yLjctNC43NC0yLjEtMy40NS44Ny02LjI5IDIuOC02Ljg3IDUuNTgtLjg0IDQuMDMgMy41NyA1LjYyIDMuOTMgOS4xMi43NyA3LjU1LTguNyA0LTExLjUzLjYyLTYuOTUtOC4zNi0xLjI2LTE4LjIzIDQuMjEtMjUuNTYgMS44Ny0yLjUgMi40LTMuMjIgMi4wMi02LjQ4LS43Ny02LjQxLTIuNS0xMi4xOC0xLjg4LTE4LjcyLjg2LTguOTcgNC4zLTE3LjQ0IDkuMzUtMjQuODIgMy40Ni01LjA2IDUuMjktOS40NSA1Ljc5LTE1LjU3IDEuNDEtMTcuMzkgNy4zMi0zNS4yOCAxNS4wNS01MC43NCAzLjk3LTcuOTMgNy45Ni0xNi41IDE0LjgzLTIyLjQgMi4yMy0xLjkxIDYuMjQtMi44IDguMTctNC42NSAzLjU2LTMuNDMuNDQtOS41IDQuOTUtMTMuMzkgMy43OC0zLjI1IDguMTctMi4xNyAxMi4yOC0zLjkzIDQuMjEtMS44MSA1LjExLTcuNDIgMTAuMjEtOC42MSA1LjE2LTEuMiA5LjI5IDIuMTggMTMuNjYgMy44IDYuNDMgMi4zOCAxMC40NSAxLjY5IDE2Ljc2LS4zbC4wOC0uMDNjNC4yLTEuMzMgNi45NS0yLjIgMTAuODkuMSAyLjU1IDEuNSA0LjUyIDUuOTUgNy42NSA2LjM3IDMuOC41MiA5LjE0LTMuMDQgMTMuMzUtMi45IDYuNDUuMiA5LjU5IDQuMjQgMTIuMjUgOC41NSAxLjU1IDIuNSA0LjQgMy42NyA2LjEgNi4xNS42Mi45IDEuMjQgMS44IDIuMTMgMi42MSA2LjMxIDUuNzcgMTQuNTggMTAuMjUgMjEuMzcgMTUuNjggMTIuNjYgMTAuMTUgMTUuNjYgMjMuODggMTYuNDggMzcuODMuNjYgMTEuMTgtLjM3IDI0LjMxIDYuNzQgMzQuMzEgMy43MSA1LjIyIDcuODIgOS43MyAxMC4wMiAxNS44NS43OCAyLjE5IDEuODUgNS4yLjUxIDcuMTItMS44IDIuNTgtNi4zNiAyLjYtOC4zMS4xNC0xLjkgNS44NyA0LjU3IDE0LjM1IDguMDMgMTkuMjJaIiBmaWxsPSIjZWNkY2JmIi8+PHBhdGggZD0iTTE4Mi41IDE1Ni4yYy0uMDcgMyAwIDUuOTguMzggOC44Ni4zMyAyLjUuODQgNC45MSAxLjM0IDcuMzEgMS4xMyA1LjMzIDIuMjMgMTAuNTYgMS4zIDE2LjI3LS43NSA0LjUzLTIuNzMgOC44Ny01LjM2IDEyLjk0QTcyLjA5IDcyLjA5IDAgMCAwIDE2MSAxOTloLTR2LTE4LjM5YTU2LjI0IDU2LjI0IDAgMCAwIDI1LjUtMjQuNFpNMTAxLjcyIDE5OS4wN2ExMjUgMTI1IDAgMCAwLTEuMjMtNS40OGMtMi4xNC04LjgyLTYuNDItMTYuNjMtMTAuNzctMjQuNTUtMS45LTMuNDYtMy44LTYuOTQtNS41Ni0xMC41M2EzNy4wOCAzNy4wOCAwIDAgMS0xLjk1LTQuODkgNTYuMjMgNTYuMjMgMCAwIDAgMjYuOCAyN1YxOTloLTRjLTEuMSAwLTIuMi4wMy0zLjI4LjA3WiIgZmlsbD0iIzAwMCIgZmlsbC1vcGFjaXR5PSIuMjQiLz48cGF0aCBkPSJNMTAyLjQ4IDMzLjVjLTEuNjcgMC0xMi4xNiA0Ljc1LTguMjQgNi4xNiAyLjQuODYgMTIuNS02LjE1IDguMjQtNi4xNVpNMTcxLjA1IDQ3LjM2Yy0uODUuMzgtLjgzLjczLjA0IDEuMDcuODUtLjM4LjgzLS43NC0uMDQtMS4wN1pNMTk1LjUxIDY1LjZhMjYuODQgMjYuODQgMCAwIDAtMS4zNy0yLjc2Yy0uODktMS4yNy02LjI0LTguNC0yLjQ3LTcuNSAyLjA4LjQ4IDQuODkgNi4xNyA2LjE1IDguNzQuNzggMS41NyA0LjI4IDcuMTIuNzIgNi43NS0uNjMtLjA3LTEuOTUtMi45Mi0zLjAzLTUuMjNaTTIwNC4wMiAxMTAuNzVjLS4xNS0xLjE3LjI1LTQuNzYtMi40Ni0zLjQyLTEuOC45LjY3IDExLjcyLjgyIDEzLjEzbC40NiAzLjk1di4wM2MuNiA2LjA3IDEuNDIgMTIuMSAxLjMzIDE4LjIzLS4wMS43Ni0xLjIgNi42NiAxLjU1IDUuNCAxLjQ2LS42Ni43OC04Ljc0LjU3LTExLjItLjc0LTguNzItMS4xMS0xNy40Ni0yLjI3LTI2LjEyWk02NS4zNiAxMjIuMjVjLjA4IDEuNTgtLjcgOS43NSAxLjQzIDkuOCAxLjgzLjA0IDEuMjQtOC40IDEtMTEuODMtLjA4LTEuMDgtLjA4LTExLjE0LTIuMS05LjkxLTIuMzIgMS40LS40NiA5LjUyLS4zNCAxMS45NFpNNzMuOCAxODBjMC0xLjQzLjgyLTE0LjQ1LTEuOS0xMS4zOC0xLjM3IDEuNTQtLjQ4IDcuMDItLjM1IDguODguMDUuNy0uNTIgMi44Ni40MSAzLjE5Ljc2LjI2IDEuODMuMzIgMS44NC0uN1pNNDguMTIgMTkzLjE2YzEuOTMtLjA1LjE0LTM3LjgzLTIuODItMzcuNzktMi4wOC4wMyAxLjM2IDM3LjgzIDIuODIgMzcuOFpNNTAuMzUgMjEyLjUyYy0yLjQgMC0xLjk1IDguNDYtLjU0IDkuMTMgMi4xNCAxLjAzIDMuMjMtOS4xMy41NC05LjEzWk02NS41OSAyMTYuMDZjLjAyIDEuMDUtMS4xOCAxLjA3LTEuOTguNzQtLjcyLS4zLS42My0yLjMxLS41OC0zLjQ5LjA1LTEuMS0uMTUtMi4yLS4zMS0zLjI5LS41LTMuMzgtMS4yNi04LjQ4LjA0LTkuNjUgMS45OC0xLjc4IDIuMDIuMTcgMi41NSAxLjUgMS41NiAzLjkuMiAxMC4wMy4yOCAxNC4xOVpNMjAzLjAyIDE2OS41OWMtMi41My0uNS0zLjg1IDguMS0yLjcgOS4wMSAxLjkyIDEuNTMgNS4zNS04LjQ5IDIuNy05LjAxWk0yMDIuNzUgMjA3LjM4Yy0xLjEzLS4yMi05LjQzIDE1Ljc0LTguNzUgMTYuNjQgMS4zIDEuNzIgMTIuODMtMTUuODIgOC43NS0xNi42NFpNMTgyLjMzIDIxNC43NmMtMS43OC0uOC05LjMzIDEwLjc1LTcuNCAxMS42MiAxLjc1Ljc4IDkuNTYtMTAuNjUgNy40LTExLjYyWk0yMjQuNDMgMTcxLjQ1Yy0yLjE2IDAtMi4wNiAxMS44Mi0uNCAxMi41NiAxLjcuNzggMi45NC0xMi41Ni40LTEyLjU2Wk04My41MSA1NC4yYzEuMjYtLjY1IDUuNDUtLjg3IDMuMSAxLjI5LTIgMS44NC05LjUzIDEyLjUxLTEyLjEyIDEyLjYyLTQuMjIuMTggMi41OS03LjI0IDQuNzYtOS42IDEuMzMtMS40NSAyLjQ5LTMuNDEgNC4yNi00LjMyWk01OS4yNSA4My45OGMtMi4xOC0uNDMtNS44MyAxMC4yNy00LjU2IDExLjU2IDEuOTMgMS45NSA3LjAxLTExLjA3IDQuNTYtMTEuNTZaTTgxLjQgMjAxLjg1Yy40OC0yLjYgMi4zOC0uMiAyLjggMS4xNC40IDEuMzQgNC42MiAxMS4wOCAzLjU2IDEyLjM2LTEuNjMgMS45Ny0yLjM0LTEuMzctMi45LTIuNTctMS4zMS0yLjgzLTMuOTItOC40My0zLjQ2LTEwLjkzWk03NS45OSAyMjUuODJjLTIuMyAwLTIuMDMgOS44LS42NyAxMC4zOCAyLjEyLjkgMy40OC0xMC4zOC42Ny0xMC4zOFpNMjMyLjgxIDIwMy44OGE1OC40IDU4LjQgMCAwIDEgNC45OCAxMy41N2MuMTQuNiAyLjA2IDUuNTYtLjY2IDQuODQtMS41Ni0uNDEtMS44LTQuNzgtMi4yLTYuMWEzMi41IDMyLjUgMCAwIDAtMi41OC01LjU2Yy0xLjQxLTIuNjMtMi44NS01LjMxLTMuMDYtNy42NC0uMzMtMy45IDEuODQtMi40MiAzLjUyLjg5Wk0yMTguMDkgMjE2Ljk1Yy0yLjEzIDAtMi4yNCAxMC43Ny0uOSAxMS40IDEuODYuODggMy42Mi0xMS40LjktMTEuNFpNMjI0LjI1IDEyOC42NWMxLjU4LS40LTMuNC0xMy4zMi01LjE4LTEzLjE4LTIuNy4yMiAyLjc4IDEzLjggNS4xOCAxMy4xOFpNMTk3LjQzIDE4NC43NWMtLjg0LjM4LS44My43NC4wNSAxLjA3Ljg0LS4zOC44My0uNzQtLjA1LTEuMDdaTTE3My4yMiAyMzkuOTljLjc5IDAgMS4xMi0xLjIzLS4wNi0xLjI1LS43NyAwLTEuMTggMS4yNS4wNiAxLjI1Wk03NC42OCAxODQuNjNjLjAzLTEuOS0yLjQ2LS41LTIuNDUgMS4xLjAzIDMuMjEgMi40IDEuNzUgMi40NS0xLjFaTTY4LjUyIDEzNi44OGMtLjggMC0xLjEzIDEuMjQuMDUgMS4yNy43OCAwIDEuMi0xLjI3LS4wNS0xLjI3Wk00Ny43OCAxOTkuNDRjLS4xIDAgMS41My0xLjk5IDEuNi0uMDUuMDcgMS40Ny0xLjMxLjA2LTEuNi4wNVpNNTMuNiA5OC4wNmMtMi4zNyAwLTIuMDIgNS43Ni0uNTEgNi4xMyAyLjUyLjYxIDIuODYtNi4xMy41LTYuMTNaTTY2LjIxIDIyMi4zM2MtMi4yOCAwLTIuNDQgNy44LS44NiA4LjMgMi40NS43NSAzLjI0LTguMy44Ni04LjNaTTQ3LjQ2IDIyNy45M2MtLjg4LjQtLjg2Ljc2LjA0IDEuMS44Ny0uMzkuODYtLjc1LS4wNC0xLjFaTTIxNy40NiAyMzEuMjhjLTIuMzIgMC0yLjIzIDkuNTYtLjggMTAuMiAxLjk4LjkgMy40OC0xMC4yLjgtMTAuMlpNMTkzLjk1IDI0MC4xNmMtMi40MS0uNDgtMy42OCA3LjQtMi41NSA4LjMgMS44NSAxLjQ1IDUuMDItNy44IDIuNTUtOC4zWk0xNzMuNDcgMjQ3LjQ1Yy0yIDAtMS41MSAzLjU4LS4zNiA0LjEgMiAuOTMgMi42LTQuMS4zNy00LjFaIiBmaWxsPSIjZmZmIiBmaWxsLW9wYWNpdHk9Ii4zIi8+PC9nPjxnIHRyYW5zZm9ybT0idHJhbnNsYXRlKDQ5IDcyKSI+PC9nPjxnIHRyYW5zZm9ybT0idHJhbnNsYXRlKDYyIDQyKSI+PC9nPjwvZz48L2c+PC9zdmc+', '{"personal":{"isChild":false,"sex":"Masculino","gender":"Homem cisgênero","rg":"13.832.457-2","maritalStatus":"Casado(a)","profession":"Aposentado","company":"Órgão público","education":"Superior completo","address":"Rua Ferreira, 192","city":"Rio de Janeiro","state":"RJ","zip":"25477-972"},"clinical":{"complaint":"Estresse e esgotamento no trabalho (burnout)","goals":"Melhorar a qualidade do sono","suffering":"Moderado","history":"Encaminhado(a) pelo clínico geral devido a queixas somáticas.","priorDiagnoses":"Nenhum","priorTreatments":"Nenhum","psychiatric":"Em acompanhamento psiquiátrico","referrals":"Encaminhado pelo clínico geral"},"health":{"depression":false,"anxiety":false,"tdah":false,"tag":false,"bipolar":false,"medications":"—","diseases":"—","surgeries":"—","hospitalizations":"Uma internação prévia","familyHistory":"Histórico familiar de depressão/ansiedade"},"lifestyle":{"sleep":"Boa","diet":"Restritiva","sports":"Sedentário","gym":"Sim","alcohol":"Não","smoking":"Não","drugs":"Não","religion":"Espírita","spirituality":"Muito presente"},"financial":{"situation":"Estável","income":"2 a 4 salários","work":"Autônomo","ownHome":"Sim","rent":"Sim","withFamily":"Sim","debt":"Alguma","car":"Sim","motorcycle":"Não"},"interests":{"hobbies":"Música","music":"Sertanejo","movies":"Documentários","books":"Ficção e autoajuda","games":"—","tech":"Médio","social":"WhatsApp"},"personality":{"introvert":false,"extrovert":false,"communicative":true,"reserved":false,"organized":true,"creative":true,"impulsive":false,"notes":"Tende a evitar conflitos."},"relationships":{"family":"Boa","friends":"Poucos amigos","romantic":"Em crise","work":"Boa"}}', NULL, 1776869890236);
INSERT INTO sessions (id, clinic_id, patient_id, psychologist_id, occurred_at, duration_min, mood, emotional_scale, topics, objectives, techniques, evolution, next_steps, free_notes, created_at) VALUES ('2aecade0-e912-4868-babc-0e7c1f31bc2a', '00a53c0f-7baa-45b4-bea5-3159ed4e83ad', '421473e2-d0b1-4b96-9bda-bf3920370946', '1c2b3e6a-6d97-4ad5-9167-ccafd03a8006', 1779893890236, 50, 'Angustiado(a)', 9, '["família","luto","saúde","ansiedade"]', 'Melhorar a qualidade do sono', 'Treino de habilidades sociais', 'Percebe-se maior consciência emocional e vocabulário afetivo.', 'Manter diário do sono.', 'Sessão produtiva. Manter plano terapêutico.', 1779893890236);
INSERT INTO sessions (id, clinic_id, patient_id, psychologist_id, occurred_at, duration_min, mood, emotional_scale, topics, objectives, techniques, evolution, next_steps, free_notes, created_at) VALUES ('180b276b-dc31-4b18-a9b4-c42ed445e2fd', '00a53c0f-7baa-45b4-bea5-3159ed4e83ad', '421473e2-d0b1-4b96-9bda-bf3920370946', '1c2b3e6a-6d97-4ad5-9167-ccafd03a8006', 1780325890236, 50, 'Cansado(a)', 7, '["lazer","rotina","autoestima","sono"]', 'Melhorar a qualidade do sono', 'Exposição gradual', 'Semana difícil, com aumento da sintomatologia ansiosa.', 'Manter diário do sono.', 'Sessão produtiva. Manter plano terapêutico.', 1780325890236);
INSERT INTO sessions (id, clinic_id, patient_id, psychologist_id, occurred_at, duration_min, mood, emotional_scale, topics, objectives, techniques, evolution, next_steps, free_notes, created_at) VALUES ('da89f7ee-f835-48d1-bfc5-8772c4be528a', '00a53c0f-7baa-45b4-bea5-3159ed4e83ad', '421473e2-d0b1-4b96-9bda-bf3920370946', '1c2b3e6a-6d97-4ad5-9167-ccafd03a8006', 1781103490236, 45, 'Angustiado(a)', 3, '["luto","família","finanças"]', 'Desenvolver estratégias de enfrentamento', 'Treino de habilidades sociais', 'Trouxe avanços na aplicação das técnicas no dia a dia.', 'Registrar pensamentos automáticos em situações de gatilho.', NULL, 1781103490236);
INSERT INTO sessions (id, clinic_id, patient_id, psychologist_id, occurred_at, duration_min, mood, emotional_scale, topics, objectives, techniques, evolution, next_steps, free_notes, created_at) VALUES ('dcf92c6e-ed12-43ab-b8bc-5835da5c3ebd', '00a53c0f-7baa-45b4-bea5-3159ed4e83ad', '421473e2-d0b1-4b96-9bda-bf3920370946', '1c2b3e6a-6d97-4ad5-9167-ccafd03a8006', 1781708290237, 50, 'Cansado(a)', 7, '["relacionamento","luto","ansiedade"]', 'Elaborar o processo de luto', 'Registro de pensamentos', 'Apresentou resistência inicial, mas engajou-se ao final da sessão.', 'Praticar respiração diafragmática 2x ao dia.', 'Sessão produtiva. Manter plano terapêutico.', 1781708290237);
INSERT INTO sessions (id, clinic_id, patient_id, psychologist_id, occurred_at, duration_min, mood, emotional_scale, topics, objectives, techniques, evolution, next_steps, free_notes, created_at) VALUES ('d69d9234-ecd6-4349-911c-0e9be19f5645', '00a53c0f-7baa-45b4-bea5-3159ed4e83ad', '421473e2-d0b1-4b96-9bda-bf3920370946', '1c2b3e6a-6d97-4ad5-9167-ccafd03a8006', 1782313090237, 50, 'Ansioso(a)', 6, '["família","autoestima","relacionamento","trabalho"]', 'Melhorar a qualidade do sono', 'Registro de pensamentos', 'Semana difícil, com aumento da sintomatologia ansiosa.', 'Registrar pensamentos automáticos em situações de gatilho.', NULL, 1782313090237);
INSERT INTO sessions (id, clinic_id, patient_id, psychologist_id, occurred_at, duration_min, mood, emotional_scale, topics, objectives, techniques, evolution, next_steps, free_notes, created_at) VALUES ('8c1f8294-6a71-4e9d-ac41-e111fd02666a', '00a53c0f-7baa-45b4-bea5-3159ed4e83ad', '421473e2-d0b1-4b96-9bda-bf3920370946', '1c2b3e6a-6d97-4ad5-9167-ccafd03a8006', 1782658690237, 45, 'Angustiado(a)', 5, '["autoestima","trabalho"]', 'Melhorar a comunicação nos relacionamentos', 'Exposição gradual', 'Apresentou resistência inicial, mas engajou-se ao final da sessão.', 'Retomar atividade física gradualmente.', NULL, 1782658690237);
INSERT INTO timeline_events (id, clinic_id, patient_id, session_id, title, description, event_date, category, status, source, created_at) VALUES ('914c6d62-e3aa-4ba3-97f8-ad7de10964bc', '00a53c0f-7baa-45b4-bea5-3159ed4e83ad', '421473e2-d0b1-4b96-9bda-bf3920370946', 'dcf92c6e-ed12-43ab-b8bc-5835da5c3ebd', 'Início do acompanhamento', 'Semana difícil, com aumento da sintomatologia ansiosa.', 1771426690237, 'clínico', 'suggested', 'manual', 1775573890237);
INSERT INTO timeline_events (id, clinic_id, patient_id, session_id, title, description, event_date, category, status, source, created_at) VALUES ('c2489865-c58c-42e1-8cdc-fdb10b445688', '00a53c0f-7baa-45b4-bea5-3159ed4e83ad', '421473e2-d0b1-4b96-9bda-bf3920370946', NULL, 'Perda familiar', 'Semana difícil, com aumento da sintomatologia ansiosa.', 1773673090237, 'pessoal', 'confirmed', 'manual', 1770735490237);
INSERT INTO timeline_events (id, clinic_id, patient_id, session_id, title, description, event_date, category, status, source, created_at) VALUES ('aa3139d3-83eb-453c-8ac7-14ef27eac3fc', '00a53c0f-7baa-45b4-bea5-3159ed4e83ad', '421473e2-d0b1-4b96-9bda-bf3920370946', NULL, 'Melhora significativa', 'Relatou leve melhora nos sintomas ao longo da semana.', 1769007490237, 'família', 'confirmed', 'ai', 1770476290237);
INSERT INTO timeline_events (id, clinic_id, patient_id, session_id, title, description, event_date, category, status, source, created_at) VALUES ('5ed25e55-01a4-404d-ac14-351f03f1be39', '00a53c0f-7baa-45b4-bea5-3159ed4e83ad', '421473e2-d0b1-4b96-9bda-bf3920370946', '180b276b-dc31-4b18-a9b4-c42ed445e2fd', 'Início do acompanhamento', 'Relatou leve melhora nos sintomas ao longo da semana.', 1772895490237, 'trabalho', 'suggested', 'ai', 1767538690237);
INSERT INTO timeline_events (id, clinic_id, patient_id, session_id, title, description, event_date, category, status, source, created_at) VALUES ('5673925d-d349-43cb-970d-d9b9bc1911e4', '00a53c0f-7baa-45b4-bea5-3159ed4e83ad', '421473e2-d0b1-4b96-9bda-bf3920370946', NULL, 'Viagem/afastamento', 'Percebe-se maior consciência emocional e vocabulário afetivo.', 1772463490237, 'clínico', 'confirmed', 'ai', 1771340290237);
INSERT INTO ai_summaries (id, clinic_id, patient_id, appointment_id, content, suggested_questions, model, status, approved_content, approved_by, approved_at, created_at) VALUES ('7a16a73a-d05a-4329-8afe-bd6b177ef1ce', '00a53c0f-7baa-45b4-bea5-3159ed4e83ad', '421473e2-d0b1-4b96-9bda-bf3920370946', NULL, 'Paciente em acompanhamento por transtorno alimentar. Ao longo das sessões observa-se evolução gradual, com melhor manejo emocional e boa adesão às técnicas propostas. Recomenda-se manter o plano terapêutico atual.', '["Como você tem dormido esta semana?","O que funcionou melhor entre as estratégias que combinamos?","Houve algum gatilho importante desde a última sessão?"]', 'vinculo-ai', 'approved', NULL, '1c2b3e6a-6d97-4ad5-9167-ccafd03a8006', 1782485890237, 1781881090237);
INSERT INTO ai_alerts (id, clinic_id, patient_id, type, severity, message, status, created_at) VALUES ('00ff9e49-4409-40a5-a5a1-2cc03814e582', '00a53c0f-7baa-45b4-bea5-3159ed4e83ad', '421473e2-d0b1-4b96-9bda-bf3920370946', 'risk', 'critical', 'Ideação com conteúdo de autolesão — atenção prioritária.', 'active', 1781881090237);
INSERT INTO ai_alerts (id, clinic_id, patient_id, type, severity, message, status, created_at) VALUES ('221709ff-c9fd-4eea-8bd1-a748b4f0c919', '00a53c0f-7baa-45b4-bea5-3159ed4e83ad', '421473e2-d0b1-4b96-9bda-bf3920370946', 'risk', 'high', 'Menção a pensamentos de desesperança na última sessão. Avaliar risco.', 'active', 1783177090237);
INSERT INTO appointments (id, clinic_id, patient_id, psychologist_id, starts_at, ends_at, status, created_at) VALUES ('d2fe3cd4-f2a1-45c2-b7d0-0898cbe526d5', '00a53c0f-7baa-45b4-bea5-3159ed4e83ad', '421473e2-d0b1-4b96-9bda-bf3920370946', '1c2b3e6a-6d97-4ad5-9167-ccafd03a8006', 1782313090237, 1782316090237, 'done', 1781794690237);
INSERT INTO appointments (id, clinic_id, patient_id, psychologist_id, starts_at, ends_at, status, created_at) VALUES ('358eb776-6321-4845-9af6-8d4e8210b579', '00a53c0f-7baa-45b4-bea5-3159ed4e83ad', '421473e2-d0b1-4b96-9bda-bf3920370946', '1c2b3e6a-6d97-4ad5-9167-ccafd03a8006', 1782917890237, 1782920890237, 'done', 1782485890237);
INSERT INTO appointments (id, clinic_id, patient_id, psychologist_id, starts_at, ends_at, status, created_at) VALUES ('22b46ddd-88a4-4b98-9295-4a6029d1f2c1', '00a53c0f-7baa-45b4-bea5-3159ed4e83ad', '421473e2-d0b1-4b96-9bda-bf3920370946', '1c2b3e6a-6d97-4ad5-9167-ccafd03a8006', 1784386690237, 1784303290237, 'scheduled', 1783349890237);
INSERT INTO consents (id, clinic_id, patient_id, type, version, granted_at, ip, revoked_at, created_at) VALUES ('a2083a2f-1750-4bce-b11b-b6b4869c5a06', '00a53c0f-7baa-45b4-bea5-3159ed4e83ad', '421473e2-d0b1-4b96-9bda-bf3920370946', 'general', '1.0', 1776869890236, '189.159.143.191', NULL, 1776869890236);
INSERT INTO consents (id, clinic_id, patient_id, type, version, granted_at, ip, revoked_at, created_at) VALUES ('744acdf7-00fe-4fb5-8580-a2c000d30068', '00a53c0f-7baa-45b4-bea5-3159ed4e83ad', '421473e2-d0b1-4b96-9bda-bf3920370946', 'ai', '1.0', 1776869890236, '189.83.113.5', NULL, 1776869890236);
INSERT INTO patients (id, clinic_id, psychologist_id, full_name, social_name, cpf, email, phone, whatsapp, birth_date, status, photo, profile, deleted_at, created_at) VALUES ('8cb6d959-c8d8-41c6-a7ed-e8963dfe814b', '00a53c0f-7baa-45b4-bea5-3159ed4e83ad', '3385bafd-2b52-4729-809f-54d2043545f2', 'Gabriela Santos Santos', 'Gabriela', '209.346.914-64', 'gabriela.13@email.com', '(98) 95482-8372', '(58) 97948-4448', 751301890237, 'active', 'data:image/svg+xml;base64,PHN2ZyB4bWxucz0iaHR0cDovL3d3dy53My5vcmcvMjAwMC9zdmciIHZpZXdCb3g9IjAgMCAyODAgMjgwIiBmaWxsPSJub25lIiBzaGFwZS1yZW5kZXJpbmc9ImF1dG8iPjxtZXRhZGF0YSB4bWxuczpyZGY9Imh0dHA6Ly93d3cudzMub3JnLzE5OTkvMDIvMjItcmRmLXN5bnRheC1ucyMiIHhtbG5zOnhzaT0iaHR0cDovL3d3dy53My5vcmcvMjAwMS9YTUxTY2hlbWEtaW5zdGFuY2UiIHhtbG5zOmRjPSJodHRwOi8vcHVybC5vcmcvZGMvZWxlbWVudHMvMS4xLyIgeG1sbnM6ZGN0ZXJtcz0iaHR0cDovL3B1cmwub3JnL2RjL3Rlcm1zLyI+PHJkZjpSREY+PHJkZjpEZXNjcmlwdGlvbj48ZGM6dGl0bGU+QXZhdGFhYXJzPC9kYzp0aXRsZT48ZGM6Y3JlYXRvcj5QYWJsbyBTdGFubGV5PC9kYzpjcmVhdG9yPjxkYzpzb3VyY2UgeHNpOnR5cGU9ImRjdGVybXM6VVJJIj5odHRwczovL2F2YXRhYWFycy5jb20vPC9kYzpzb3VyY2U+PGRjdGVybXM6bGljZW5zZSB4c2k6dHlwZT0iZGN0ZXJtczpVUkkiPmh0dHBzOi8vYXZhdGFhYXJzLmNvbS88L2RjdGVybXM6bGljZW5zZT48ZGM6cmlnaHRzPlJlbWl4IG9mIOKAnkF2YXRhYWFyc+KAnSAoaHR0cHM6Ly9hdmF0YWFhcnMuY29tLykgYnkg4oCeUGFibG8gU3RhbmxleeKAnSwgbGljZW5zZWQgdW5kZXIg4oCeRnJlZSBmb3IgcGVyc29uYWwgYW5kIGNvbW1lcmNpYWwgdXNl4oCdIChodHRwczovL2F2YXRhYWFycy5jb20vKTwvZGM6cmlnaHRzPjwvcmRmOkRlc2NyaXB0aW9uPjwvcmRmOlJERj48L21ldGFkYXRhPjxtYXNrIGlkPSJ2aWV3Ym94TWFzayI+PHJlY3Qgd2lkdGg9IjI4MCIgaGVpZ2h0PSIyODAiIHJ4PSIxNDAiIHJ5PSIxNDAiIHg9IjAiIHk9IjAiIGZpbGw9IiNmZmYiIC8+PC9tYXNrPjxnIG1hc2s9InVybCgjdmlld2JveE1hc2spIj48cmVjdCBmaWxsPSIjZDFkNGY5IiB3aWR0aD0iMjgwIiBoZWlnaHQ9IjI4MCIgeD0iMCIgeT0iMCIgLz48ZyB0cmFuc2Zvcm09InRyYW5zbGF0ZSg4KSI+PHBhdGggZD0iTTEzMiAzNmE1NiA1NiAwIDAgMC01NiA1NnY2LjE3QTEyIDEyIDAgMCAwIDY2IDExMHYxNGExMiAxMiAwIDAgMCAxMC4zIDExLjg4IDU2LjA0IDU2LjA0IDAgMCAwIDMxLjcgNDQuNzN2MTguNGgtNGE3MiA3MiAwIDAgMC03MiA3MnY5aDIwMHYtOWE3MiA3MiAwIDAgMC03Mi03MmgtNHYtMTguMzlhNTYuMDQgNTYuMDQgMCAwIDAgMzEuNy00NC43M0ExMiAxMiAwIDAgMCAxOTggMTI0di0xNGExMiAxMiAwIDAgMC0xMC0xMS44M1Y5MmE1NiA1NiAwIDAgMC01Ni01NloiIGZpbGw9IiNmZDk4NDEiLz48cGF0aCBkPSJNMTA4IDE4MC42MXY4YTU1Ljc5IDU1Ljc5IDAgMCAwIDI0IDUuMzljOC41OSAwIDE2LjczLTEuOTMgMjQtNS4zOXYtOGE1NS43OSA1NS43OSAwIDAgMS0yNCA1LjM5IDU1Ljc5IDU1Ljc5IDAgMCAxLTI0LTUuMzlaIiBmaWxsPSIjMDAwIiBmaWxsLW9wYWNpdHk9Ii4xIi8+PGcgdHJhbnNmb3JtPSJ0cmFuc2xhdGUoMCAxNzApIj48cGF0aCBkPSJNMTMyLjUgNTEuODNjMTguNSAwIDMzLjUtOS42MiAzMy41LTIxLjQ4IDAtLjM2LS4wMS0uNy0uMDQtMS4wNkE3MiA3MiAwIDAgMSAyMzIgMTAxLjA0VjExMEgzMnYtOC45NWE3MiA3MiAwIDAgMSA2Ny4wNS03MS44M2MtLjAzLjM3LS4wNS43NS0uMDUgMS4xMyAwIDExLjg2IDE1IDIxLjQ4IDMzLjUgMjEuNDhaIiBmaWxsPSIjOTI5NTk4Ii8+PHBhdGggZD0iTTEzMi41IDU4Ljc2YzIxLjg5IDAgMzkuNjMtMTIuMDUgMzkuNjMtMjYuOTEgMC0uNi0uMDItMS4yLS4wOC0xLjgtMi0uMzMtNC4wMy0uNTktNi4xLS43Ni4wNC4zNS4wNS43LjA1IDEuMDYgMCAxMS44Ni0xNSAyMS40OC0zMy41IDIxLjQ4Uzk5IDQyLjIgOTkgMzAuMzVjMC0uMzguMDItLjc2LjA1LTEuMTMtMi4wNi4xNC00LjA4LjM2LTYuMDguNjctLjA3LjY1LS4xIDEuMy0uMSAxLjk2IDAgMTQuODYgMTcuNzQgMjYuOTEgMzkuNjMgMjYuOTFaIiBmaWxsPSIjMDAwIiBmaWxsLW9wYWNpdHk9Ii4wOCIvPjwvZz48ZyB0cmFuc2Zvcm09InRyYW5zbGF0ZSg3OCAxMzQpIj48cGF0aCBmaWxsLXJ1bGU9ImV2ZW5vZGQiIGNsaXAtcnVsZT0iZXZlbm9kZCIgZD0iTTQwIDE1YTE0IDE0IDAgMSAwIDI4IDAiIGZpbGw9IiMwMDAiIGZpbGwtb3BhY2l0eT0iLjciLz48L2c+PGcgdHJhbnNmb3JtPSJ0cmFuc2xhdGUoMTA0IDEyMikiPjxwYXRoIGZpbGwtcnVsZT0iZXZlbm9kZCIgY2xpcC1ydWxlPSJldmVub2RkIiBkPSJNMTYgOGMwIDQuNDIgNS4zNyA4IDEyIDhzMTItMy41OCAxMi04IiBmaWxsPSIjMDAwIiBmaWxsLW9wYWNpdHk9Ii4xNiIvPjwvZz48ZyB0cmFuc2Zvcm09InRyYW5zbGF0ZSg3NiA5MCkiPjxjaXJjbGUgY3g9IjgyIiBjeT0iMjIiIHI9IjEyIiBmaWxsPSIjZmZmIi8+PGNpcmNsZSBjeD0iODIiIGN5PSIyMiIgcj0iNiIgZmlsbD0iIzAwMCIgZmlsbC1vcGFjaXR5PSIuNyIvPjxwYXRoIGZpbGwtcnVsZT0iZXZlbm9kZCIgY2xpcC1ydWxlPSJldmVub2RkIiBkPSJNMTYuMTYgMjUuNDVjMS44NS0zLjggNi02LjQ1IDEwLjg0LTYuNDUgNC44MSAwIDguOTYgMi42MyAxMC44MiA2LjQuNTUgMS4xMy0uMjQgMi4wNS0xLjAzIDEuMzdhMTUuMDUgMTUuMDUgMCAwIDAtOS44LTMuNDNjLTMuNzMgMC03LjEyIDEuMjQtOS41NSAzLjIzLS45LjczLTEuODItLjAxLTEuMjgtMS4xMloiIGZpbGw9IiMwMDAiIGZpbGwtb3BhY2l0eT0iLjYiLz48L2c+PGcgdHJhbnNmb3JtPSJ0cmFuc2xhdGUoNzYgODIpIj48ZyBmaWxsLXJ1bGU9ImV2ZW5vZGQiIGNsaXAtcnVsZT0iZXZlbm9kZCIgZmlsbD0iI0RBREFEQSI+PHBhdGggZD0iTTU3IDEyLjgyWk05Ni4xMiA3LjZjMS40Ni41NiA5LjE5IDYuNDMgNy44NiA5LjE2YS44LjggMCAwIDEtMS4yOS4yMiAxMC42MyAxMC42MyAwIDAgMC0xLjctMS4xOWMtNS4xLTIuODQtMTEuMy0xLjkzLTE2LjczLS45MS02LjEyIDEuMTQtMTIuMTEgMy40OC0xOC4zOSAyLjY3LTIuMDQtLjI2LTYuMDgtMS4yMi03LjYzLTIuOTYtLjQ3LS41My0uMDYtMS4zOC42NC0xLjQzIDEuNDQtLjExIDIuODYtLjg2IDQuMzMtMS4yOCAzLjY1LTEuMDMgNy40LTEuNTYgMTEuMTEtMi4yOSA2LjYyLTEuMyAxNS4xNy00LjUzIDIxLjgtMloiLz48cGF0aCBkPSJNNTguNzYgMTIuNzZjLTEuMTcuMDQtMi44IDMuNTYtLjU2IDMuNjggMi4yMy4xMSAxLjczLTMuNzIuNTYtMy42OFpNNTUgMTIuOGMwLS4wMSAwLS4wMSAwIDBaTTE1Ljg4IDcuNTZjLTEuNDYuNTYtOS4xOSA2LjQzLTcuODYgOS4xNi4yNC41Ljg5LjYgMS4yOS4yMi41NS0uNTIgMS41OC0xLjExIDEuNzEtMS4xOCA1LjEtMi44NCAxMS4zLTEuOTMgMTYuNzMtLjkxIDYuMTIgMS4xNCAxMi4xMSAzLjQ4IDE4LjM5IDIuNjcgMi4wNC0uMjYgNi4wOC0xLjIyIDcuNjMtMi45Ni40Ny0uNTMuMDYtMS4zOC0uNjQtMS40My0xLjQ0LS4xMS0yLjg2LS44Ni00LjMzLTEuMjgtMy42NS0xLjAzLTcuNC0xLjU2LTExLjExLTIuMjktNi42Mi0xLjMtMTUuMTctNC41My0yMS44LTJaIi8+PHBhdGggZD0iTTU0Ljk3IDExLjc5YzEuMTcuMDQgMi43NyA0LjUuNTMgNC42Ny0yLjI0LjE4LTEuNy00LjcxLS41My00LjY3WiIvPjwvZz48L2c+PGcgdHJhbnNmb3JtPSJ0cmFuc2xhdGUoLTEpIj48cGF0aCBkPSJNNjcgMTEzYzEwLjg2LTIyLjcgMzQuNjctMzEuNiA1NS40NC0zOS4zNiAxMy4zMi00Ljk3IDI1LjM5LTkuNDggMzItMTYuODYgMi4yMiAyLjAyIDQuNzUgNC4wNSA3LjQxIDYuMkMxNzIuMDYgNzEuMTYgMTg0LjIxIDgwLjkxIDE4OSA5OHYuMTdhMTIgMTIgMCAwIDEgOS44MSA5LjcyVjg2LjA0YzAtMS4zLS4wNS0yLjU3LS4xNS0zLjg0IDQuNTQtMTctMy4xLTM3Ljc4LTEyLjY2LTQ3LjItOS40OC04LjgyLTIyLjMtMTIuMzItMzAuOTUtOC40OEMxNDMuNDUgOC45OCAxMDkuOSAxMy4yNCA5MCAyOGMtMTMuMjIgOS44LTI0Ljc5IDI1LjcyLTI3Ljg0IDQ1Ljc1QTQ2LjE4IDQ2LjE4IDAgMCAwIDYxIDg0LjA1djg4LjVjLS4yIDMxLjUtNy40IDgyLjQ5LTIxIDkwLjQ1IDYyLjM2IDE2LjggNzEuOTMtMzguMTUgNjktODJ2LS4zOWE1Ni4wMyA1Ni4wMyAwIDAgMS0zMS44LTQ1Ljc0QTEyIDEyIDAgMCAxIDY3IDEyM3YtMTBaTTE1NyAxODAuNjFhNTYuMDMgNTYuMDMgMCAwIDAgMzEuOC00NS43NCAxMiAxMiAwIDAgMCAxMC4wMS05Ljc2djEuMzZBMTAwIDEwMCAwIDAgMCAyMDkuNzggMTcybDI2Ljk1IDUyLjcxYTM3Ljc5IDM3Ljc5IDAgMCAxLTMuOTQgNDAuNzZBNzIgNzIgMCAwIDAgMTYxIDE5OWgtNHYtMTguMzlaIiBmaWxsPSIjYzkzMzA1Ii8+PHBhdGggZD0iTTY3IDExM2MxMC44Ni0yMi43IDM0LjY3LTMxLjYgNTUuNDQtMzkuMzYgMTMuMzItNC45NyAyNS4zOS05LjQ4IDMyLTE2Ljg2IDIuMjIgMi4wMiA0Ljc1IDQuMDUgNy40MSA2LjIgMTAuMTkgOC4xNyAyMi4zIDE3Ljg5IDI3LjExIDM0LjktNC41Ny0xNC4wNC0xNS43NS0yMS4yMi0yNS42LTI3LjU1LTMuMjEtMi4wNi02LjI4LTQuMDMtOC45My02LjEyLTYuNiA2LjQtMTguNjcgMTAuMzItMzIgMTQuNjRDMTAxLjY4IDg1LjU4IDc3Ljg3IDkzLjMgNjcgMTEzWiIgZmlsbD0iIzAwMCIgZmlsbC1vcGFjaXR5PSIuMTYiLz48L2c+PGcgdHJhbnNmb3JtPSJ0cmFuc2xhdGUoNDkgNzIpIj48L2c+PGcgdHJhbnNmb3JtPSJ0cmFuc2xhdGUoNjIgNDIpIj48L2c+PC9nPjwvZz48L3N2Zz4=', '{"personal":{"isChild":false,"sex":"Feminino","gender":"Mulher cisgênero","rg":"45.218.496-9","maritalStatus":"União estável","profession":"Servidor público","company":"Órgão público","education":"Superior completo","address":"Rua Carvalho, 27","city":"Goiânia","state":"GO","zip":"18756-710"},"clinical":{"complaint":"Transtorno alimentar","goals":"Aumentar a tolerância à frustração","suffering":"Leve","history":"Primeira experiência com terapia. Buscou ajuda por indicação médica.","priorDiagnoses":"Nenhum","priorTreatments":"Nenhum","psychiatric":"Não","referrals":"—"},"health":{"depression":false,"anxiety":false,"tdah":false,"tag":false,"bipolar":false,"medications":"—","diseases":"—","surgeries":"—","hospitalizations":"Não","familyHistory":"Sem histórico relevante"},"lifestyle":{"sleep":"Insônia frequente","diet":"Restritiva","sports":"Sedentário","gym":"Não","alcohol":"Não","smoking":"Sim","drugs":"Não","religion":"Evangélica","spirituality":"Pouco"},"financial":{"situation":"Em dificuldade","income":"Acima de 8 salários","work":"Desempregado","ownHome":"Não","rent":"Não","withFamily":"Não","debt":"Endividado","car":"Sim","motorcycle":"Não"},"interests":{"hobbies":"Culinária","music":"Rock","movies":"Documentários","books":"—","games":"—","tech":"Médio","social":"Pouco ativo"},"personality":{"introvert":false,"extrovert":true,"communicative":false,"reserved":false,"organized":true,"creative":true,"impulsive":false,"notes":"Perfeccionista e autocrítico(a)."},"relationships":{"family":"Distante","friends":"Rede sólida","romantic":"Instável","work":"Tensa"}}', NULL, 1776783490237);
INSERT INTO sessions (id, clinic_id, patient_id, psychologist_id, occurred_at, duration_min, mood, emotional_scale, topics, objectives, techniques, evolution, next_steps, free_notes, created_at) VALUES ('8e08a3d0-8704-4b3c-b028-8d971cf27955', '00a53c0f-7baa-45b4-bea5-3159ed4e83ad', '8cb6d959-c8d8-41c6-a7ed-e8963dfe814b', '3385bafd-2b52-4729-809f-54d2043545f2', 1781708290237, 45, 'Esperançoso(a)', 6, '["estudos","relacionamento","saúde"]', 'Reorganizar a rotina e o autocuidado', 'Registro de pensamentos', 'Percebe-se maior consciência emocional e vocabulário afetivo.', 'Registrar pensamentos automáticos em situações de gatilho.', 'Sessão produtiva. Manter plano terapêutico.', 1781708290237);
INSERT INTO sessions (id, clinic_id, patient_id, psychologist_id, occurred_at, duration_min, mood, emotional_scale, topics, objectives, techniques, evolution, next_steps, free_notes, created_at) VALUES ('39849552-daf1-4150-8bb9-057d01edcd01', '00a53c0f-7baa-45b4-bea5-3159ed4e83ad', '8cb6d959-c8d8-41c6-a7ed-e8963dfe814b', '3385bafd-2b52-4729-809f-54d2043545f2', 1782313090238, 45, 'Motivado(a)', 5, '["relacionamento","saúde","ansiedade","estudos"]', 'Melhorar a comunicação nos relacionamentos', 'Psicoeducação', 'Apresentou resistência inicial, mas engajou-se ao final da sessão.', 'Retomar atividade física gradualmente.', NULL, 1782313090238);
INSERT INTO sessions (id, clinic_id, patient_id, psychologist_id, occurred_at, duration_min, mood, emotional_scale, topics, objectives, techniques, evolution, next_steps, free_notes, created_at) VALUES ('79a32cdf-8d34-4de2-9eb0-21e37b2c56f6', '00a53c0f-7baa-45b4-bea5-3159ed4e83ad', '8cb6d959-c8d8-41c6-a7ed-e8963dfe814b', '3385bafd-2b52-4729-809f-54d2043545f2', 1782658690238, 50, 'Angustiado(a)', 6, '["trabalho","finanças"]', 'Elaborar o processo de luto', 'Respiração diafragmática', 'Trouxe avanços na aplicação das técnicas no dia a dia.', 'Retomar atividade física gradualmente.', 'Sessão produtiva. Manter plano terapêutico.', 1782658690238);
INSERT INTO timeline_events (id, clinic_id, patient_id, session_id, title, description, event_date, category, status, source, created_at) VALUES ('11a2cb0a-889e-4331-bbe1-c89a2f8d00d3', '00a53c0f-7baa-45b4-bea5-3159ed4e83ad', '8cb6d959-c8d8-41c6-a7ed-e8963dfe814b', '8e08a3d0-8704-4b3c-b028-8d971cf27955', 'Ajuste de medicação', 'Relatou leve melhora nos sintomas ao longo da semana.', 1768057090238, 'família', 'confirmed', 'ai', 1768748290238);
INSERT INTO timeline_events (id, clinic_id, patient_id, session_id, title, description, event_date, category, status, source, created_at) VALUES ('b9feceac-a31d-4fd3-8b45-e8a26b25c223', '00a53c0f-7baa-45b4-bea5-3159ed4e83ad', '8cb6d959-c8d8-41c6-a7ed-e8963dfe814b', '79a32cdf-8d34-4de2-9eb0-21e37b2c56f6', 'Perda familiar', 'Trouxe avanços na aplicação das técnicas no dia a dia.', 1768316290238, 'pessoal', 'confirmed', 'ai', 1774969090238);
INSERT INTO timeline_events (id, clinic_id, patient_id, session_id, title, description, event_date, category, status, source, created_at) VALUES ('5c0365b7-5d71-4693-bafc-0689fd3c3acd', '00a53c0f-7baa-45b4-bea5-3159ed4e83ad', '8cb6d959-c8d8-41c6-a7ed-e8963dfe814b', '79a32cdf-8d34-4de2-9eb0-21e37b2c56f6', 'Mudança de emprego', 'Apresentou resistência inicial, mas engajou-se ao final da sessão.', 1779548290238, 'trabalho', 'confirmed', 'manual', 1777215490238);
INSERT INTO ai_summaries (id, clinic_id, patient_id, appointment_id, content, suggested_questions, model, status, approved_content, approved_by, approved_at, created_at) VALUES ('5779f846-eed2-49a0-8b49-8088fd2cb146', '00a53c0f-7baa-45b4-bea5-3159ed4e83ad', '8cb6d959-c8d8-41c6-a7ed-e8963dfe814b', NULL, 'Paciente em acompanhamento por baixa autoestima e insegurança. Ao longo das sessões observa-se evolução gradual, com melhor manejo emocional e boa adesão às técnicas propostas. Recomenda-se manter o plano terapêutico atual.', '["Como você tem dormido esta semana?","O que funcionou melhor entre as estratégias que combinamos?","Houve algum gatilho importante desde a última sessão?"]', 'vinculo-ai', 'ready', NULL, '3385bafd-2b52-4729-809f-54d2043545f2', NULL, 1783436290238);
INSERT INTO appointments (id, clinic_id, patient_id, psychologist_id, starts_at, ends_at, status, created_at) VALUES ('a8a48ac1-f6b1-4032-b28b-72018d1b3dce', '00a53c0f-7baa-45b4-bea5-3159ed4e83ad', '8cb6d959-c8d8-41c6-a7ed-e8963dfe814b', '3385bafd-2b52-4729-809f-54d2043545f2', 1782313090238, 1782316090238, 'done', 1781794690238);
INSERT INTO appointments (id, clinic_id, patient_id, psychologist_id, starts_at, ends_at, status, created_at) VALUES ('a006623e-0a2c-478f-ae42-6ca84f02606b', '00a53c0f-7baa-45b4-bea5-3159ed4e83ad', '8cb6d959-c8d8-41c6-a7ed-e8963dfe814b', '3385bafd-2b52-4729-809f-54d2043545f2', 1782917890238, 1782920890238, 'done', 1782485890238);
INSERT INTO appointments (id, clinic_id, patient_id, psychologist_id, starts_at, ends_at, status, created_at) VALUES ('23973dc8-8f31-4a3c-9549-f28111b892b0', '00a53c0f-7baa-45b4-bea5-3159ed4e83ad', '8cb6d959-c8d8-41c6-a7ed-e8963dfe814b', '3385bafd-2b52-4729-809f-54d2043545f2', 1784386690238, 1783957690238, 'scheduled', 1783349890238);
INSERT INTO consents (id, clinic_id, patient_id, type, version, granted_at, ip, revoked_at, created_at) VALUES ('e99b37b2-ee4f-4341-960e-ca738dc834ab', '00a53c0f-7baa-45b4-bea5-3159ed4e83ad', '8cb6d959-c8d8-41c6-a7ed-e8963dfe814b', 'general', '1.0', 1776783490237, '189.85.245.147', NULL, 1776783490237);
INSERT INTO consents (id, clinic_id, patient_id, type, version, granted_at, ip, revoked_at, created_at) VALUES ('c135ad5e-e53c-425d-981e-3669092f31dd', '00a53c0f-7baa-45b4-bea5-3159ed4e83ad', '8cb6d959-c8d8-41c6-a7ed-e8963dfe814b', 'ai', '1.0', 1776783490237, '189.139.217.196', NULL, 1776783490237);
INSERT INTO consents (id, clinic_id, patient_id, type, version, granted_at, ip, revoked_at, created_at) VALUES ('2551b8af-d31e-4c1c-bc3d-122f896b88cd', '00a53c0f-7baa-45b4-bea5-3159ed4e83ad', '8cb6d959-c8d8-41c6-a7ed-e8963dfe814b', 'recording', '1.0', 1776783490237, NULL, 1782831490238, 1776783490237);
INSERT INTO patients (id, clinic_id, psychologist_id, full_name, social_name, cpf, email, phone, whatsapp, birth_date, status, photo, profile, deleted_at, created_at) VALUES ('044643bd-c96a-4d72-a743-4edd3a2dab63', '00a53c0f-7baa-45b4-bea5-3159ed4e83ad', '1c2b3e6a-6d97-4ad5-9167-ccafd03a8006', 'Fábio Araújo Mendes', NULL, '469.378.657-69', 'fábio.14@email.com', '(17) 93781-7100', '(58) 95935-1665', 1202223490238, 'active', 'data:image/svg+xml;base64,PHN2ZyB4bWxucz0iaHR0cDovL3d3dy53My5vcmcvMjAwMC9zdmciIHZpZXdCb3g9IjAgMCAyODAgMjgwIiBmaWxsPSJub25lIiBzaGFwZS1yZW5kZXJpbmc9ImF1dG8iPjxtZXRhZGF0YSB4bWxuczpyZGY9Imh0dHA6Ly93d3cudzMub3JnLzE5OTkvMDIvMjItcmRmLXN5bnRheC1ucyMiIHhtbG5zOnhzaT0iaHR0cDovL3d3dy53My5vcmcvMjAwMS9YTUxTY2hlbWEtaW5zdGFuY2UiIHhtbG5zOmRjPSJodHRwOi8vcHVybC5vcmcvZGMvZWxlbWVudHMvMS4xLyIgeG1sbnM6ZGN0ZXJtcz0iaHR0cDovL3B1cmwub3JnL2RjL3Rlcm1zLyI+PHJkZjpSREY+PHJkZjpEZXNjcmlwdGlvbj48ZGM6dGl0bGU+QXZhdGFhYXJzPC9kYzp0aXRsZT48ZGM6Y3JlYXRvcj5QYWJsbyBTdGFubGV5PC9kYzpjcmVhdG9yPjxkYzpzb3VyY2UgeHNpOnR5cGU9ImRjdGVybXM6VVJJIj5odHRwczovL2F2YXRhYWFycy5jb20vPC9kYzpzb3VyY2U+PGRjdGVybXM6bGljZW5zZSB4c2k6dHlwZT0iZGN0ZXJtczpVUkkiPmh0dHBzOi8vYXZhdGFhYXJzLmNvbS88L2RjdGVybXM6bGljZW5zZT48ZGM6cmlnaHRzPlJlbWl4IG9mIOKAnkF2YXRhYWFyc+KAnSAoaHR0cHM6Ly9hdmF0YWFhcnMuY29tLykgYnkg4oCeUGFibG8gU3RhbmxleeKAnSwgbGljZW5zZWQgdW5kZXIg4oCeRnJlZSBmb3IgcGVyc29uYWwgYW5kIGNvbW1lcmNpYWwgdXNl4oCdIChodHRwczovL2F2YXRhYWFycy5jb20vKTwvZGM6cmlnaHRzPjwvcmRmOkRlc2NyaXB0aW9uPjwvcmRmOlJERj48L21ldGFkYXRhPjxtYXNrIGlkPSJ2aWV3Ym94TWFzayI+PHJlY3Qgd2lkdGg9IjI4MCIgaGVpZ2h0PSIyODAiIHJ4PSIxNDAiIHJ5PSIxNDAiIHg9IjAiIHk9IjAiIGZpbGw9IiNmZmYiIC8+PC9tYXNrPjxnIG1hc2s9InVybCgjdmlld2JveE1hc2spIj48cmVjdCBmaWxsPSIjYjZlM2Y0IiB3aWR0aD0iMjgwIiBoZWlnaHQ9IjI4MCIgeD0iMCIgeT0iMCIgLz48ZyB0cmFuc2Zvcm09InRyYW5zbGF0ZSg4KSI+PHBhdGggZD0iTTEzMiAzNmE1NiA1NiAwIDAgMC01NiA1NnY2LjE3QTEyIDEyIDAgMCAwIDY2IDExMHYxNGExMiAxMiAwIDAgMCAxMC4zIDExLjg4IDU2LjA0IDU2LjA0IDAgMCAwIDMxLjcgNDQuNzN2MTguNGgtNGE3MiA3MiAwIDAgMC03MiA3MnY5aDIwMHYtOWE3MiA3MiAwIDAgMC03Mi03MmgtNHYtMTguMzlhNTYuMDQgNTYuMDQgMCAwIDAgMzEuNy00NC43M0ExMiAxMiAwIDAgMCAxOTggMTI0di0xNGExMiAxMiAwIDAgMC0xMC0xMS44M1Y5MmE1NiA1NiAwIDAgMC01Ni01NloiIGZpbGw9IiNlZGI5OGEiLz48cGF0aCBkPSJNMTA4IDE4MC42MXY4YTU1Ljc5IDU1Ljc5IDAgMCAwIDI0IDUuMzljOC41OSAwIDE2LjczLTEuOTMgMjQtNS4zOXYtOGE1NS43OSA1NS43OSAwIDAgMS0yNCA1LjM5IDU1Ljc5IDU1Ljc5IDAgMCAxLTI0LTUuMzlaIiBmaWxsPSIjMDAwIiBmaWxsLW9wYWNpdHk9Ii4xIi8+PGcgdHJhbnNmb3JtPSJ0cmFuc2xhdGUoMCAxNzApIj48cGF0aCBkPSJNMTk2IDM4LjYzVjExMEg2OFYzOC42M2E3MS41MiA3MS41MiAwIDAgMSAyNi04Ljk0djQ0LjNoNzZWMjkuNjlhNzEuNTIgNzEuNTIgMCAwIDEgMjYgOC45NFoiIGZpbGw9IiM1MTk5ZTQiLz48cGF0aCBkPSJNODYgODNhNSA1IDAgMSAxLTEwIDAgNSA1IDAgMCAxIDEwIDBaTTE4OCA4M2E1IDUgMCAxIDEtMTAgMCA1IDUgMCAwIDEgMTAgMFoiIGZpbGw9IiNGNEY0RjQiLz48L2c+PGcgdHJhbnNmb3JtPSJ0cmFuc2xhdGUoNzggMTM0KSI+PHBhdGggZmlsbC1ydWxlPSJldmVub2RkIiBjbGlwLXJ1bGU9ImV2ZW5vZGQiIGQ9Ik0zNS4xMiAyOS44N2ExOSAxOSAwIDAgMSAzNy43Ny4wOWMuMDguNzctLjc3IDIuMDQtMS44NSAyLjA0SDM3LjFDMzYgMzIgMzUgMzAuODIgMzUuMTIgMjkuODdaIiBmaWxsPSIjMDAwIiBmaWxsLW9wYWNpdHk9Ii43Ii8+PHBhdGggZD0iTTY5LjU5IDMySDM4LjRhMTEgMTEgMCAwIDEgMTUuNi02LjhBMTEgMTEgMCAwIDEgNjkuNTkgMzJaIiBmaWxsPSIjRkY0RjZEIi8+PHBhdGggZD0iTTY2LjU3IDE3Ljc1QTUgNSAwIDAgMSA2NSAxOEg0NGMtLjggMC0xLjU3LS4yLTIuMjQtLjUzQTE4LjkyIDE4LjkyIDAgMCAxIDU0IDEzYzQuODIgMCA5LjIyIDEuOCAxMi41NyA0Ljc1WiIgZmlsbD0iI2ZmZiIvPjwvZz48ZyB0cmFuc2Zvcm09InRyYW5zbGF0ZSgxMDQgMTIyKSI+PHBhdGggZmlsbC1ydWxlPSJldmVub2RkIiBjbGlwLXJ1bGU9ImV2ZW5vZGQiIGQ9Ik0xNiA4YzAgNC40MiA1LjM3IDggMTIgOHMxMi0zLjU4IDEyLTgiIGZpbGw9IiMwMDAiIGZpbGwtb3BhY2l0eT0iLjE2Ii8+PC9nPjxnIHRyYW5zZm9ybT0idHJhbnNsYXRlKDc2IDkwKSI+PGNpcmNsZSBjeD0iODIiIGN5PSIyMiIgcj0iMTIiIGZpbGw9IiNmZmYiLz48Y2lyY2xlIGN4PSI4MiIgY3k9IjIyIiByPSI2IiBmaWxsPSIjMDAwIiBmaWxsLW9wYWNpdHk9Ii43Ii8+PHBhdGggZmlsbC1ydWxlPSJldmVub2RkIiBjbGlwLXJ1bGU9ImV2ZW5vZGQiIGQ9Ik0xNi4xNiAyNS40NWMxLjg1LTMuOCA2LTYuNDUgMTAuODQtNi40NSA0LjgxIDAgOC45NiAyLjYzIDEwLjgyIDYuNC41NSAxLjEzLS4yNCAyLjA1LTEuMDMgMS4zN2ExNS4wNSAxNS4wNSAwIDAgMC05LjgtMy40M2MtMy43MyAwLTcuMTIgMS4yNC05LjU1IDMuMjMtLjkuNzMtMS44Mi0uMDEtMS4yOC0xLjEyWiIgZmlsbD0iIzAwMCIgZmlsbC1vcGFjaXR5PSIuNiIvPjwvZz48ZyB0cmFuc2Zvcm09InRyYW5zbGF0ZSg3NiA4MikiPjxwYXRoIGQ9Ik0yNi41NSA2LjE1Yy01LjguMjctMTUuMiA0LjQ5LTE0Ljk2IDEwLjM0LjAxLjE4LjMuMjcuNDMuMTIgMi43Ni0yLjk2IDIyLjMyLTUuOTUgMjkuMi00LjM2LjY0LjE0IDEuMTItLjQ4LjcyLS45My0zLjQzLTMuODUtMTAuMi01LjQzLTE1LjQtNS4xOFpNODYuNDUgNi4xNWM1LjguMjcgMTUuMiA0LjQ5IDE0Ljk2IDEwLjM0LS4wMS4xOC0uMy4yNy0uNDMuMTItMi43Ni0yLjk2LTIyLjMyLTUuOTUtMjkuMi00LjM2LS42NC4xNC0xLjEyLS40OC0uNzItLjkzIDMuNDMtMy44NSAxMC4yLTUuNDMgMTUuNC01LjE4WiIgZmlsbC1ydWxlPSJldmVub2RkIiBjbGlwLXJ1bGU9ImV2ZW5vZGQiIGZpbGw9IiMwMDAiIGZpbGwtb3BhY2l0eT0iLjYiLz48L2c+PGcgdHJhbnNmb3JtPSJ0cmFuc2xhdGUoLTEpIj48cGF0aCBkPSJNMTkwLjQ3IDk3LjVjMS0yLjQgMS41My00LjkyIDEuNTMtNy41IDAtMTguMjMtMjYuNDEtMzMtNTktMzMtMzIuNTggMC01OSAxNC43Ny01OSAzMyAwIDIuNTguNTMgNS4xIDEuNTMgNy41QzgxLjYgODIuODkgMTA1LjAzIDcyIDEzMyA3MnM1MS40IDEwLjg5IDU3LjQ3IDI1LjVaIiBmaWxsPSIjRURFQ0UzIi8+PHBhdGggZD0iTTQ5IDk0LjMyQzQ4LjkzIDEzMy41IDc4IDE0MSA3OCAxNDFjLTUuNDQtNDkuNTUgMjMuNTQtNjUuMTUgNDYuNTMtNzcuNTMgMi45NC0xLjU4IDUuNzgtMy4xMSA4LjQ0LTQuNjVhMzA5LjUgMzA5LjUgMCAwIDAgOC40OCA0LjY4QzE2NC40MyA3NS44NyAxOTMuNDIgOTEuNDggMTg4IDE0MWMwIDAgMjkuMDctOC40NiAyOS00Ni42OEMyMTYuOTIgNDcuMTUgMTY0Ljg1IDMgMTM1IDNjLS42NyAwLTEuMzQuMDMtMiAuMDktLjY3LS4wNi0xLjMzLS4wOS0yLS4wOS0yOS45MyAwLTgxLjkyIDQ0LjE1LTgyIDkxLjMyWiIgZmlsbD0iIzI1NTU3YyIvPjxwYXRoIGQ9Ik00OS4wMSA5NS45Yy43IDM3LjggMjkgNDUuMSAyOSA0NS4xcy0yOS4wNy03LjA3LTI5LTQzLjk3bC4wMS0xLjEzWk03Ny4zMyAxMjkuNjhjLjE1LTM3Ljg2IDI2LjE4LTUxLjA1IDQ3LjItNjEuNzEgMTEtNS41OCAyMC42NC0xMC40NyAyNC40Ny0xNy44MyA0LjEzLTcuMjUgNS4zOS0xMy45NCA0LjY1LTE5LjY3LS41IDQuMzctMS45OCA5LjEtNC42NSAxNC4wNy0zLjgzIDcuODItMTMuNDcgMTMtMjQuNDcgMTguOTMtMjEuMTQgMTEuMzgtNDcuMzUgMjUuNDktNDcuMiA2Ni4yMVoiIGZpbGw9IiMwMDAiIGZpbGwtb3BhY2l0eT0iLjE2Ii8+PC9nPjxnIHRyYW5zZm9ybT0idHJhbnNsYXRlKDQ5IDcyKSI+PC9nPjxnIHRyYW5zZm9ybT0idHJhbnNsYXRlKDYyIDQyKSI+PC9nPjwvZz48L2c+PC9zdmc+', '{"personal":{"isChild":false,"sex":"Masculino","gender":"Homem cisgênero","rg":"35.113.562-0","maritalStatus":"Casado(a)","profession":"Publicitária","company":"—","education":"Ensino fundamental","address":"Rua Pereira, 669","city":"Goiânia","state":"GO","zip":"30593-397"},"clinical":{"complaint":"Baixa autoestima e insegurança","goals":"Melhorar a qualidade do sono","suffering":"Leve","history":"Procurou a clínica de forma espontânea, motivado(a) por autoconhecimento.","priorDiagnoses":"Nenhum","priorTreatments":"Psicoterapia anterior","psychiatric":"Em acompanhamento psiquiátrico","referrals":"—"},"health":{"depression":true,"anxiety":false,"tdah":false,"tag":false,"bipolar":true,"medications":"—","diseases":"Diabetes tipo 2","surgeries":"—","hospitalizations":"Não","familyHistory":"Sem histórico relevante"},"lifestyle":{"sleep":"Insônia frequente","diet":"Irregular","sports":"Sedentário","gym":"Sim","alcohol":"Não","smoking":"Ex-fumante","drugs":"Não","religion":"Umbanda","spirituality":"Pouco"},"financial":{"situation":"Em dificuldade","income":"1 a 2 salários","work":"Servidor público","ownHome":"Não","rent":"Não","withFamily":"Não","debt":"Alguma","car":"Não","motorcycle":"Não"},"interests":{"hobbies":"Música","music":"Rock","movies":"Drama","books":"—","games":"Jogos casuais","tech":"Baixo","social":"Pouco ativo"},"personality":{"introvert":true,"extrovert":false,"communicative":true,"reserved":true,"organized":true,"creative":true,"impulsive":false,"notes":"Dificuldade em pedir ajuda."},"relationships":{"family":"Distante","friends":"Isolamento recente","romantic":"Em crise","work":"Boa"}}', NULL, 1768057090238);
INSERT INTO sessions (id, clinic_id, patient_id, psychologist_id, occurred_at, duration_min, mood, emotional_scale, topics, objectives, techniques, evolution, next_steps, free_notes, created_at) VALUES ('8c419922-bc97-4532-974d-138c90fa4e6f', '00a53c0f-7baa-45b4-bea5-3159ed4e83ad', '044643bd-c96a-4d72-a743-4edd3a2dab63', '1c2b3e6a-6d97-4ad5-9167-ccafd03a8006', 1780239490238, 45, 'Irritado(a)', 7, '["estudos","luto"]', 'Desenvolver estratégias de enfrentamento', 'Técnicas de mindfulness', 'Apresentou resistência inicial, mas engajou-se ao final da sessão.', 'Registrar pensamentos automáticos em situações de gatilho.', 'Sessão produtiva. Manter plano terapêutico.', 1780239490238);
INSERT INTO sessions (id, clinic_id, patient_id, psychologist_id, occurred_at, duration_min, mood, emotional_scale, topics, objectives, techniques, evolution, next_steps, free_notes, created_at) VALUES ('73ed9bc4-b0c6-4ee7-8e7b-ab5b39058a94', '00a53c0f-7baa-45b4-bea5-3159ed4e83ad', '044643bd-c96a-4d72-a743-4edd3a2dab63', '1c2b3e6a-6d97-4ad5-9167-ccafd03a8006', 1781017090238, 50, 'Angustiado(a)', 3, '["rotina","estudos"]', 'Melhorar a qualidade do sono', 'Ativação comportamental', 'Paciente demonstrou boa adesão às tarefas propostas.', 'Trabalhar limites nos relacionamentos.', 'Sessão produtiva. Manter plano terapêutico.', 1781017090238);
INSERT INTO sessions (id, clinic_id, patient_id, psychologist_id, occurred_at, duration_min, mood, emotional_scale, topics, objectives, techniques, evolution, next_steps, free_notes, created_at) VALUES ('bb906722-57f6-4b8b-89ef-2c0d49c2d10c', '00a53c0f-7baa-45b4-bea5-3159ed4e83ad', '044643bd-c96a-4d72-a743-4edd3a2dab63', '1c2b3e6a-6d97-4ad5-9167-ccafd03a8006', 1781708290238, 50, 'Deprimido(a)', 7, '["trabalho","família","relacionamento"]', 'Melhorar a qualidade do sono', 'Psicoeducação', 'Semana difícil, com aumento da sintomatologia ansiosa.', 'Retomar atividade física gradualmente.', NULL, 1781708290238);
INSERT INTO sessions (id, clinic_id, patient_id, psychologist_id, occurred_at, duration_min, mood, emotional_scale, topics, objectives, techniques, evolution, next_steps, free_notes, created_at) VALUES ('1adbfb79-c16b-4a89-ac68-3415d8c82dfb', '00a53c0f-7baa-45b4-bea5-3159ed4e83ad', '044643bd-c96a-4d72-a743-4edd3a2dab63', '1c2b3e6a-6d97-4ad5-9167-ccafd03a8006', 1782140290245, 50, 'Motivado(a)', 7, '["ansiedade","luto"]', 'Melhorar a qualidade do sono', 'Treino de habilidades sociais', 'Paciente demonstrou boa adesão às tarefas propostas.', 'Trabalhar limites nos relacionamentos.', 'Sessão produtiva. Manter plano terapêutico.', 1782140290245);
INSERT INTO sessions (id, clinic_id, patient_id, psychologist_id, occurred_at, duration_min, mood, emotional_scale, topics, objectives, techniques, evolution, next_steps, free_notes, created_at) VALUES ('b28a3143-0403-4c3f-b940-bff77dd5595c', '00a53c0f-7baa-45b4-bea5-3159ed4e83ad', '044643bd-c96a-4d72-a743-4edd3a2dab63', '1c2b3e6a-6d97-4ad5-9167-ccafd03a8006', 1782831490245, 50, 'Estável', 4, '["estudos","rotina","luto","trabalho"]', 'Melhorar a qualidade do sono', 'Exposição gradual', 'Paciente demonstrou boa adesão às tarefas propostas.', 'Trabalhar limites nos relacionamentos.', NULL, 1782831490245);
INSERT INTO timeline_events (id, clinic_id, patient_id, session_id, title, description, event_date, category, status, source, created_at) VALUES ('8e507594-041c-405c-993e-f3a6124a0bb0', '00a53c0f-7baa-45b4-bea5-3159ed4e83ad', '044643bd-c96a-4d72-a743-4edd3a2dab63', NULL, 'Recaída pontual', 'Percebe-se maior consciência emocional e vocabulário afetivo.', 1781276290245, 'família', 'confirmed', 'ai', 1766501890245);
INSERT INTO timeline_events (id, clinic_id, patient_id, session_id, title, description, event_date, category, status, source, created_at) VALUES ('c7da4e71-1071-4d78-bf96-2dd773f58768', '00a53c0f-7baa-45b4-bea5-3159ed4e83ad', '044643bd-c96a-4d72-a743-4edd3a2dab63', 'b28a3143-0403-4c3f-b940-bff77dd5595c', 'Início do acompanhamento', 'Apresentou resistência inicial, mas engajou-se ao final da sessão.', 1766329090245, 'pessoal', 'confirmed', 'manual', 1772722690245);
INSERT INTO timeline_events (id, clinic_id, patient_id, session_id, title, description, event_date, category, status, source, created_at) VALUES ('db82e9fd-13e1-451e-9619-70f29cc011a6', '00a53c0f-7baa-45b4-bea5-3159ed4e83ad', '044643bd-c96a-4d72-a743-4edd3a2dab63', NULL, 'Recaída pontual', 'Relatou leve melhora nos sintomas ao longo da semana.', 1770389890245, 'clínico', 'suggested', 'ai', 1780153090245);
INSERT INTO timeline_events (id, clinic_id, patient_id, session_id, title, description, event_date, category, status, source, created_at) VALUES ('bc9af2e5-7f30-4517-93cc-7fa11ed1a5c7', '00a53c0f-7baa-45b4-bea5-3159ed4e83ad', '044643bd-c96a-4d72-a743-4edd3a2dab63', NULL, 'Início do acompanhamento', 'Trouxe avanços na aplicação das técnicas no dia a dia.', 1782485890245, 'trabalho', 'confirmed', 'ai', 1775487490245);
INSERT INTO ai_summaries (id, clinic_id, patient_id, appointment_id, content, suggested_questions, model, status, approved_content, approved_by, approved_at, created_at) VALUES ('0c81e959-3a7e-4953-af35-49507c0b820c', '00a53c0f-7baa-45b4-bea5-3159ed4e83ad', '044643bd-c96a-4d72-a743-4edd3a2dab63', NULL, 'Paciente em acompanhamento por luto pela perda de um familiar. Ao longo das sessões observa-se evolução gradual, com melhor manejo emocional e boa adesão às técnicas propostas. Recomenda-se manter o plano terapêutico atual.', '["Como você tem dormido esta semana?","O que funcionou melhor entre as estratégias que combinamos?","Houve algum gatilho importante desde a última sessão?"]', 'vinculo-ai', 'approved', NULL, '1c2b3e6a-6d97-4ad5-9167-ccafd03a8006', NULL, 1783263490245);
INSERT INTO ai_alerts (id, clinic_id, patient_id, type, severity, message, status, created_at) VALUES ('c6dc70e4-dc13-43fe-ad9a-e23e5571fb08', '00a53c0f-7baa-45b4-bea5-3159ed4e83ad', '044643bd-c96a-4d72-a743-4edd3a2dab63', 'engagement', 'low', 'Queda no engajamento com as tarefas terapêuticas.', 'reviewed', 1781189890245);
INSERT INTO ai_alerts (id, clinic_id, patient_id, type, severity, message, status, created_at) VALUES ('857f3934-d389-4b3e-8d2a-a87f9d378ac7', '00a53c0f-7baa-45b4-bea5-3159ed4e83ad', '044643bd-c96a-4d72-a743-4edd3a2dab63', 'pattern', 'low', 'Padrão recorrente de faltas às sextas-feiras.', 'reviewed', 1780844290245);
INSERT INTO appointments (id, clinic_id, patient_id, psychologist_id, starts_at, ends_at, status, created_at) VALUES ('0cb8d5c6-e43d-4269-8f43-d5a14a204086', '00a53c0f-7baa-45b4-bea5-3159ed4e83ad', '044643bd-c96a-4d72-a743-4edd3a2dab63', '1c2b3e6a-6d97-4ad5-9167-ccafd03a8006', 1782313090245, 1782316090245, 'done', 1781794690245);
INSERT INTO appointments (id, clinic_id, patient_id, psychologist_id, starts_at, ends_at, status, created_at) VALUES ('637d9946-0cec-4b85-9780-39d0eafe9066', '00a53c0f-7baa-45b4-bea5-3159ed4e83ad', '044643bd-c96a-4d72-a743-4edd3a2dab63', '1c2b3e6a-6d97-4ad5-9167-ccafd03a8006', 1782917890245, 1782920890245, 'canceled', 1782485890245);
INSERT INTO appointments (id, clinic_id, patient_id, psychologist_id, starts_at, ends_at, status, created_at) VALUES ('322ca4fa-a180-49b9-9bb5-fe21b3bf56d1', '00a53c0f-7baa-45b4-bea5-3159ed4e83ad', '044643bd-c96a-4d72-a743-4edd3a2dab63', '1c2b3e6a-6d97-4ad5-9167-ccafd03a8006', 1783781890245, 1784044090245, 'scheduled', 1783349890245);
INSERT INTO consents (id, clinic_id, patient_id, type, version, granted_at, ip, revoked_at, created_at) VALUES ('875e8640-6185-4ff6-93a9-95a87e92eaae', '00a53c0f-7baa-45b4-bea5-3159ed4e83ad', '044643bd-c96a-4d72-a743-4edd3a2dab63', 'general', '1.0', 1768057090238, '189.116.106.41', NULL, 1768057090238);
INSERT INTO consents (id, clinic_id, patient_id, type, version, granted_at, ip, revoked_at, created_at) VALUES ('999bde01-697d-4dc2-8a95-c150ad3b1f0e', '00a53c0f-7baa-45b4-bea5-3159ed4e83ad', '044643bd-c96a-4d72-a743-4edd3a2dab63', 'ai', '1.0', 1768057090238, '189.96.247.172', NULL, 1768057090238);
INSERT INTO patients (id, clinic_id, psychologist_id, full_name, social_name, cpf, email, phone, whatsapp, birth_date, status, photo, profile, deleted_at, created_at) VALUES ('6425feb9-92e5-4c95-aa23-eb0a7f3c1a5a', '00a53c0f-7baa-45b4-bea5-3159ed4e83ad', '1c2b3e6a-6d97-4ad5-9167-ccafd03a8006', 'Henrique Souza Carvalho', NULL, '366.285.758-98', 'henrique.15@email.com', '(76) 96506-1561', '(72) 98181-2056', 258821890245, 'inactive', 'data:image/svg+xml;base64,PHN2ZyB4bWxucz0iaHR0cDovL3d3dy53My5vcmcvMjAwMC9zdmciIHZpZXdCb3g9IjAgMCAyODAgMjgwIiBmaWxsPSJub25lIiBzaGFwZS1yZW5kZXJpbmc9ImF1dG8iPjxtZXRhZGF0YSB4bWxuczpyZGY9Imh0dHA6Ly93d3cudzMub3JnLzE5OTkvMDIvMjItcmRmLXN5bnRheC1ucyMiIHhtbG5zOnhzaT0iaHR0cDovL3d3dy53My5vcmcvMjAwMS9YTUxTY2hlbWEtaW5zdGFuY2UiIHhtbG5zOmRjPSJodHRwOi8vcHVybC5vcmcvZGMvZWxlbWVudHMvMS4xLyIgeG1sbnM6ZGN0ZXJtcz0iaHR0cDovL3B1cmwub3JnL2RjL3Rlcm1zLyI+PHJkZjpSREY+PHJkZjpEZXNjcmlwdGlvbj48ZGM6dGl0bGU+QXZhdGFhYXJzPC9kYzp0aXRsZT48ZGM6Y3JlYXRvcj5QYWJsbyBTdGFubGV5PC9kYzpjcmVhdG9yPjxkYzpzb3VyY2UgeHNpOnR5cGU9ImRjdGVybXM6VVJJIj5odHRwczovL2F2YXRhYWFycy5jb20vPC9kYzpzb3VyY2U+PGRjdGVybXM6bGljZW5zZSB4c2k6dHlwZT0iZGN0ZXJtczpVUkkiPmh0dHBzOi8vYXZhdGFhYXJzLmNvbS88L2RjdGVybXM6bGljZW5zZT48ZGM6cmlnaHRzPlJlbWl4IG9mIOKAnkF2YXRhYWFyc+KAnSAoaHR0cHM6Ly9hdmF0YWFhcnMuY29tLykgYnkg4oCeUGFibG8gU3RhbmxleeKAnSwgbGljZW5zZWQgdW5kZXIg4oCeRnJlZSBmb3IgcGVyc29uYWwgYW5kIGNvbW1lcmNpYWwgdXNl4oCdIChodHRwczovL2F2YXRhYWFycy5jb20vKTwvZGM6cmlnaHRzPjwvcmRmOkRlc2NyaXB0aW9uPjwvcmRmOlJERj48L21ldGFkYXRhPjxtYXNrIGlkPSJ2aWV3Ym94TWFzayI+PHJlY3Qgd2lkdGg9IjI4MCIgaGVpZ2h0PSIyODAiIHJ4PSIxNDAiIHJ5PSIxNDAiIHg9IjAiIHk9IjAiIGZpbGw9IiNmZmYiIC8+PC9tYXNrPjxnIG1hc2s9InVybCgjdmlld2JveE1hc2spIj48cmVjdCBmaWxsPSIjYjZlM2Y0IiB3aWR0aD0iMjgwIiBoZWlnaHQ9IjI4MCIgeD0iMCIgeT0iMCIgLz48ZyB0cmFuc2Zvcm09InRyYW5zbGF0ZSg4KSI+PHBhdGggZD0iTTEzMiAzNmE1NiA1NiAwIDAgMC01NiA1NnY2LjE3QTEyIDEyIDAgMCAwIDY2IDExMHYxNGExMiAxMiAwIDAgMCAxMC4zIDExLjg4IDU2LjA0IDU2LjA0IDAgMCAwIDMxLjcgNDQuNzN2MTguNGgtNGE3MiA3MiAwIDAgMC03MiA3MnY5aDIwMHYtOWE3MiA3MiAwIDAgMC03Mi03MmgtNHYtMTguMzlhNTYuMDQgNTYuMDQgMCAwIDAgMzEuNy00NC43M0ExMiAxMiAwIDAgMCAxOTggMTI0di0xNGExMiAxMiAwIDAgMC0xMC0xMS44M1Y5MmE1NiA1NiAwIDAgMC01Ni01NloiIGZpbGw9IiNmZDk4NDEiLz48cGF0aCBkPSJNMTA4IDE4MC42MXY4YTU1Ljc5IDU1Ljc5IDAgMCAwIDI0IDUuMzljOC41OSAwIDE2LjczLTEuOTMgMjQtNS4zOXYtOGE1NS43OSA1NS43OSAwIDAgMS0yNCA1LjM5IDU1Ljc5IDU1Ljc5IDAgMCAxLTI0LTUuMzlaIiBmaWxsPSIjMDAwIiBmaWxsLW9wYWNpdHk9Ii4xIi8+PGcgdHJhbnNmb3JtPSJ0cmFuc2xhdGUoMCAxNzApIj48cGF0aCBkPSJNMTMyLjUgNTEuODNjMTguNSAwIDMzLjUtOS42MiAzMy41LTIxLjQ4IDAtLjM2LS4wMS0uNy0uMDQtMS4wNkE3MiA3MiAwIDAgMSAyMzIgMTAxLjA0VjExMEgzMnYtOC45NWE3MiA3MiAwIDAgMSA2Ny4wNS03MS44M2MtLjAzLjM3LS4wNS43NS0uMDUgMS4xMyAwIDExLjg2IDE1IDIxLjQ4IDMzLjUgMjEuNDhaIiBmaWxsPSIjZmZmZmIxIi8+PHBhdGggZD0iTTEzMi41IDU4Ljc2YzIxLjg5IDAgMzkuNjMtMTIuMDUgMzkuNjMtMjYuOTEgMC0uNi0uMDItMS4yLS4wOC0xLjgtMi0uMzMtNC4wMy0uNTktNi4xLS43Ni4wNC4zNS4wNS43LjA1IDEuMDYgMCAxMS44Ni0xNSAyMS40OC0zMy41IDIxLjQ4Uzk5IDQyLjIgOTkgMzAuMzVjMC0uMzguMDItLjc2LjA1LTEuMTMtMi4wNi4xNC00LjA4LjM2LTYuMDguNjctLjA3LjY1LS4xIDEuMy0uMSAxLjk2IDAgMTQuODYgMTcuNzQgMjYuOTEgMzkuNjMgMjYuOTFaIiBmaWxsPSIjMDAwIiBmaWxsLW9wYWNpdHk9Ii4wOCIvPjwvZz48ZyB0cmFuc2Zvcm09InRyYW5zbGF0ZSg3OCAxMzQpIj48cGF0aCBmaWxsLXJ1bGU9ImV2ZW5vZGQiIGNsaXAtcnVsZT0iZXZlbm9kZCIgZD0iTTM1LjEyIDI5Ljg3YTE5IDE5IDAgMCAxIDM3Ljc3LjA5Yy4wOC43Ny0uNzcgMi4wNC0xLjg1IDIuMDRIMzcuMUMzNiAzMiAzNSAzMC44MiAzNS4xMiAyOS44N1oiIGZpbGw9IiMwMDAiIGZpbGwtb3BhY2l0eT0iLjciLz48cGF0aCBkPSJNNjkuNTkgMzJIMzguNGExMSAxMSAwIDAgMSAxNS42LTYuOEExMSAxMSAwIDAgMSA2OS41OSAzMloiIGZpbGw9IiNGRjRGNkQiLz48cGF0aCBkPSJNNjYuNTcgMTcuNzVBNSA1IDAgMCAxIDY1IDE4SDQ0Yy0uOCAwLTEuNTctLjItMi4yNC0uNTNBMTguOTIgMTguOTIgMCAwIDEgNTQgMTNjNC44MiAwIDkuMjIgMS44IDEyLjU3IDQuNzVaIiBmaWxsPSIjZmZmIi8+PC9nPjxnIHRyYW5zZm9ybT0idHJhbnNsYXRlKDEwNCAxMjIpIj48cGF0aCBmaWxsLXJ1bGU9ImV2ZW5vZGQiIGNsaXAtcnVsZT0iZXZlbm9kZCIgZD0iTTE2IDhjMCA0LjQyIDUuMzcgOCAxMiA4czEyLTMuNTggMTItOCIgZmlsbD0iIzAwMCIgZmlsbC1vcGFjaXR5PSIuMTYiLz48L2c+PGcgdHJhbnNmb3JtPSJ0cmFuc2xhdGUoNzYgOTApIj48ZyBmaWxsPSIjMDAwIiBmaWxsLW9wYWNpdHk9Ii42Ij48cGF0aCBkPSJNMzYgMjJhNiA2IDAgMSAxLTEyIDAgNiA2IDAgMCAxIDEyIDBaIi8+PHBhdGggZmlsbC1ydWxlPSJldmVub2RkIiBjbGlwLXJ1bGU9ImV2ZW5vZGQiIGQ9Ik03MC42IDI0Ljk2YzEuNTktMy45MiA1LjU1LTYuODYgMTAuMzctNy4yIDQuOC0uMzMgOS4xMiAyIDExLjI0IDUuNjQuNjMgMS4wOS0uMSAyLjA2LS45MyAxLjQzLTIuNi0xLjkzLTYuMTUtMy0xMC0yLjczQTE1LjEzIDE1LjEzIDAgMCAwIDcxLjk1IDI2Yy0uODQuNzgtMS44MS4xLTEuMzUtMS4wNFoiLz48L2c+PC9nPjxnIHRyYW5zZm9ybT0idHJhbnNsYXRlKDc2IDgyKSI+PHBhdGggZD0ibTMxLjIzIDIwLjQyLS45LjRjLTUuMjUgMi4wOS0xMy4yIDEuMjEtMTguMDUtMS4xMi0uNTctLjI3LS4xOC0xLjE1LjQtMS4xIDE0LjkyIDEuMTQgMjQuOTYtOC4xNSAyOC4zNy0xNC40NS4xLS4xOC40MS0uMi40OS0uMDMgMi4zIDUuMzItNC40NSAxMy45OC0xMC4zIDE2LjNaTTgwLjc3IDIwLjQybC45LjRjNS4yNSAyLjA5IDEzLjIgMS4yMSAxOC4wNS0xLjEyLjU3LS4yNy4xOC0xLjE1LS40LTEuMS0xNC45MiAxLjE0LTI0Ljk2LTguMTUtMjguMzctMTQuNDUtLjEtLjE4LS40MS0uMi0uNDktLjAzLTIuMyA1LjMyIDQuNDUgMTMuOTggMTAuMyAxNi4zWiIgZmlsbC1ydWxlPSJldmVub2RkIiBjbGlwLXJ1bGU9ImV2ZW5vZGQiIGZpbGw9IiMwMDAiIGZpbGwtb3BhY2l0eT0iLjYiLz48L2c+PGcgdHJhbnNmb3JtPSJ0cmFuc2xhdGUoLTEpIj48cGF0aCBkPSJNNzcgOTguMTd2LS4yM2wuMDguMDZjMS43LTI3LjQ1IDE3Ljg0LTMzLjIgMzIuNTEtMzguNDEgMTAuNTMtMy43NSAyMC4zLTcuMjIgMjMuNC0xOC4yNSAzLjEyIDExLjAzIDEyLjg5IDE0LjUgMjMuNDIgMTguMjUgMTQuNjcgNS4yMiAzMC44MiAxMC45NiAzMi41IDM4LjQxbC4xLS4wNnYuMjNhMTIgMTIgMCAwIDEgOS44OCAxMC4yMiAxNi40MyAxNi40MyAwIDAgMCAyLjk3LTE2LjkyIDE2LjQ5IDE2LjQ5IDAgMCAwLTIuNDYtMjUuODYgMTYuNSAxNi41IDAgMCAwLTEwLjYyLTIzLjA0IDIwLjUgMjAuNSAwIDAgMC0yNy43My0yMi4xNkEyMC40NyAyMC40NyAwIDAgMCAxMzMgMTUuNTJhMjAuNDcgMjAuNDcgMCAwIDAtMjguMDUgNC44NyAyMC41IDIwLjUgMCAwIDAtMjcuNzMgMjIuMTZBMTYuNSAxNi41IDAgMCAwIDY2LjIgNjQuN2ExNi41IDE2LjUgMCAwIDAtMi41MSAyOC4wNyAxNi41IDE2LjUgMCAwIDAgMy40IDE1LjYyQTEyIDEyIDAgMCAxIDc3IDk4LjE3Wk03Ny4yIDEzNC44N2MtMy44NS0uNTgtNy4xMS0zLTguODUtNi4zNGExNi41IDE2LjUgMCAwIDAgOC4yIDI1LjcxIDE2LjUyIDE2LjUyIDAgMCAwIDE0Ljc2IDIwLjcyQTE2LjUgMTYuNSAwIDAgMCAxMDkgMTg0Ljh2LTQuMmE1Ni4wMyA1Ni4wMyAwIDAgMS0zMS44LTQ1Ljc0Wk0xNTcgMTgwLjYxdjQuMmExNi41IDE2LjUgMCAwIDAgMTcuNjktOS44NSAxNi41IDE2LjUgMCAwIDAgMTQuNzYtMjAuNzEgMTYuNSAxNi41IDAgMCAwIDguMi0yNS43MmMtMS43NCAzLjM0LTUgNS43Ni04Ljg2IDYuMzRBNTYuMDMgNTYuMDMgMCAwIDEgMTU3IDE4MC42WiIgZmlsbD0iI2M5MzMwNSIvPjxwYXRoIGZpbGwtcnVsZT0iZXZlbm9kZCIgY2xpcC1ydWxlPSJldmVub2RkIiBkPSJNMTcwLjEyIDI4LjM2Yy0uNC4xMi0uNzcuMjctMS4xMy40NS0uMTctLjUtLjM4LTEtLjYyLTEuNDggMy43Mi0zLjYzIDUuMjUtOS41NCA1LjI1LTkuNTRzLTEuMTYuMi0zLjEuNjRjLS4yNy4wNC0zLjc4LjYtOC4yNCAyLjMxLS44LS41OC0xLjU0LTEuMDQtMi4xLTEuMzguNTItMi45MyAxLjY4LTEyLjU2LTQuNDYtMTYuMTEtNi4xLTMuNTQtMTMuOCAyLjItMTYuMTIgNC4xNGwtLjctLjQyYy0zLjA3LTEuNzctMTAuNzctNS4zNS0xNi4wNS0uMjMtNS42NCA1LjQ2LTIuMzEgMTQtMS4wNCAxNi43bC0uNTUuNTNhNy4xNCA3LjE0IDAgMCAwLTguMTctMS42M2wtMi4xMy45My0xLjM4LTEuODhhNy4yNCA3LjI0IDAgMCAwLTguMjktMi41NGMtMi42OS45NC00LjQ5IDMuMi00LjggNi4wNWwtLjI2IDIuMzItMi4zMi4yNWE3LjEyIDcuMTIgMCAwIDAtNi4wNSA0LjgxIDcuMjIgNy4yMiAwIDAgMCAuODMgNi41MyA0LjIgNC4yIDAgMCAwLTIuNzQuMDZjLjI3LS40LjQ4LS43Ny41OS0xLjEzYTUuMiA1LjIgMCAwIDAtOS45NS0zLjA0Yy0uMS4zNi0uMTUuOC0uMTQgMS4yNy0uMy0uMzgtLjU5LS43LS45LS45MWE1LjIgNS4yIDAgMCAwLTUuOTYgOC41MmMuMy4yMS43LjM4IDEuMTYuNTMtLjQ1LjE1LS44NC4zNC0xLjE0LjU2YTUuMTcgNS4xNyAwIDAgMC0xLjAyIDcuMjkgNS4xNiA1LjE2IDAgMCAwIDcuMjggMS4wMmMuMy0uMjIuNTgtLjU1Ljg2LS45MyAwIC40Ny4wNy45LjE5IDEuMjVhNS4yIDUuMiAwIDAgMCA5LjgzLTMuMzkgNC4yMyA0LjIzIDAgMCAwLS42Mi0xLjFjLjQ1LjE1Ljg4LjIyIDEuMjUuMjJhNS4xOCA1LjE4IDAgMCAwIDMuMzYtMS4zMiA3LjIgNy4yIDAgMCAwIDIuMTMgNC40NCA3LjE1IDcuMTUgMCAwIDAgOC4wNiAxLjUybDIuMTMtLjkzIDEuMzggMS44OGMuMjkuMzguNi43NC45NCAxLjA1LS41Mi41MS0xLjA2IDEtMS42NCAxLjQ0LS40Ny0uMy0xLjEyLS43LTEuOTItMS4wNmExMS45OCAxMS45OCAwIDAgMC0xMy4yNSAxLjgyQzg0LjYyIDYxLjQ2IDgzIDY3LjcgODMgNjcuN3M3LjM3IDQuMTcgMTUuMjYuNDJjNS45LTIuOCA2LjUzLTcuMjIgNi40OC05LjI2Ljc4LS42NCAxLjU0LTEuMzMgMi4yNi0yLjA3YTcuMjcgNy4yNyAwIDAgMCA1LjcyLjM2IDcuMTIgNy4xMiAwIDAgMCA0LjgtNi4wNWwuMjYtMi4zMiAyLjMyLS4yNmE3LjExIDcuMTEgMCAwIDAgNS4zLTMuMjRjMi41Ny4zMiA0Ljk3LjEzIDYuMi0uMDEuOTkgMS44OCAzLjgyIDYuNzEgNy44OCA5LjA2YTkuMSA5LjEgMCAwIDAgNS4wNyAxLjMzYzYuOS0uMzYgOS45Mi0xMCAxMC42Ny0xMi45Mi42NC0uMDkgMS42LS4yNCAyLjcxLS41MWE3LjM2IDcuMzYgMCAwIDAgLjE1IDguMjUgNy40IDcuNCAwIDAgMCA1LjkzIDMuMTZjLjUzIDAgMS4xNC0uMSAxLjc4LS4zLS40LjU1LS43IDEuMDctLjg4IDEuNThhNy40IDcuNCAwIDAgMCAxMy42NSA1LjY1bC4zNC42MmMtLjcxIDEuNDgtMy44IDguOTYgNS41MyAxMi4zNiA2Ljc3IDIuNDYgMTMuNDUtMS4xNSAxMy41LTEuMTcgMCAwLTIuMDctOS40OC05LjQ2LTEyLjU1YTcuMzggNy4zOCAwIDAgMCAzLjctNy41IDcuMzUgNy4zNSAwIDAgMC0yLjg3LTQuODcgNi4wNSA2LjA1IDAgMCAwLTEuNjItLjhjLjY0LS4yMSAxLjIxLS40NSAxLjY1LS43NmE3LjQgNy40IDAgMCAwLTguNS0xMi4xMmMtLjQzLjMtLjg1Ljc2LTEuMjYgMS4zIDAtLjY4LS4wNS0xLjMtLjItMS44MWE3LjM1IDcuMzUgMCAwIDAtMy42LTQuMzcgNy4zNiA3LjM2IDAgMCAwLTUuNjUtLjU0Wm0tNC4wOCAxMC44NGE4LjIgOC4yIDAgMCAwLS43My0uMjJsLjQtLjNjLjEuMTcuMi4zNC4zMy41MlptMTQuMzUgMjAuMDguNDguMzNjLS4zNi4xNy0uNjcuMzUtLjkzLjUyLS4zMy0uNi0uNi0xLjE1LS44LTEuNjUuMDItLjE3LjAzLS4zNS4wMy0uNTNhNiA2IDAgMCAwIDEuMjIgMS4zM1pNOTIuMiA0Mi4xMmwtLjEyLS4zMi4yLjE1LS4wOC4xN1oiIGZpbGw9IiMwMDAiIGZpbGwtb3BhY2l0eT0iLjIiLz48cGF0aCBkPSJNMTc5LjAzIDU4Ljk0cy00Ljk4IDguODMgNS40IDEyLjZjNi44IDIuNDggMTMuNS0xLjE2IDEzLjUtMS4xNnMtMi4xNi05LjktOS45Ny0xMi43NWMtNi4xLTIuMjItOC45MyAxLjMtOC45MyAxLjNaIiBmaWxsPSIjNUREMzYyIi8+PHBhdGggZD0iTTE5Ny45MyA3MC4zOHMtMi4xNi05LjktOS45Ny0xMi43NWMtNC4wNy0xLjQ4LTYuNy0uMzktOC4wMi41LTEuMzYtMi40LTEuNDctNC4xOC0xLjQ1LTQuMjUuMDMtLjMtLjItLjUzLS40Ni0uNjMtLjA3LS4wMi0uMi0uMDctLjMtLjAzLS4zOS4wMS0uNjcuMzctLjY2Ljc1IDAgLjIzLjM1IDQuNTQgNC42MyA4LjgzIDYuMDUgNi42IDE2LjIzIDcuNTggMTYuMjMgNy41OFoiIGZpbGw9IiM0MkJDNTMiLz48cGF0aCBmaWxsLXJ1bGU9ImV2ZW5vZGQiIGNsaXAtcnVsZT0iZXZlbm9kZCIgZD0iTTE2Ni4yMiAyN2M1LjI4LTMuMDYgNy40LTExLjIgNy40LTExLjJzLTcuMzgtNC4xOC0xNS4yNi0uNDNjLTcuODkgMy43NC02LjM3IDEwLjM3LTYuMzcgMTAuMzdzNi42MSA1LjY1IDE0LjIzIDEuMjVaIiBmaWxsPSIjNUREMzYyIi8+PHBhdGggZmlsbC1ydWxlPSJldmVub2RkIiBjbGlwLXJ1bGU9ImV2ZW5vZGQiIGQ9Ik0xNDggMjkuNDNjLjA1LjA4LjEuMTcuMjQuMi40Mi4zNCAxLjA5LjMgMS40Mi0uMTJhMjMuNjggMjMuNjggMCAwIDEgMy4yNi0zLjE1YzEuOTcgMS40MSA3LjMzIDQuMSAxMy4zLjY0IDUuMjgtMy4wNiA3LjQtMTEuMiA3LjQtMTEuMnMtMS4xNi4yLTMuMS42M2MtLjU0LjA3LTE0LjM4IDIuMy0yMi4zNiAxMS44N2EuOTYuOTYgMCAwIDAtLjE2IDEuMTNaIiBmaWxsPSIjNDJCQzUzIi8+PHBhdGggZmlsbC1ydWxlPSJldmVub2RkIiBjbGlwLXJ1bGU9ImV2ZW5vZGQiIGQ9Ik05MC40IDU0LjVDODUuMSA1Ny41NSA4MyA2NS43IDgzIDY1LjdzNy4zNyA0LjE3IDE1LjI2LjQyYzcuODgtMy43NCA2LjM2LTEwLjM3IDYuMzYtMTAuMzdzLTYuNi01LjY1LTE0LjIzLTEuMjVaIiBmaWxsPSIjNUREMzYyIi8+PHBhdGggZmlsbC1ydWxlPSJldmVub2RkIiBjbGlwLXJ1bGU9ImV2ZW5vZGQiIGQ9Ik0xMDguNjEgNTIuMDZjLS4wNS0uMDgtLjEtLjE3LS4yMy0uMi0uNDItLjM0LTEuMS0uMy0xLjQzLjEyYTIzLjYgMjMuNiAwIDAgMS0zLjI2IDMuMTZjLTEuOTctMS40MS03LjMyLTQuMS0xMy4zLS42NC01LjI4IDMuMDUtNy40IDExLjItNy40IDExLjJzMS4xNi0uMiAzLjEtLjY0Yy41NC0uMDcgMTQuMzktMi4zIDIyLjM3LTExLjg3LjMtLjMuMzUtLjguMTUtMS4xNFoiIGZpbGw9IiM0MkJDNTMiLz48cGF0aCBkPSJNNjguNTggNDkuOTZhNS4xNyA1LjE3IDAgMCAxIDEuMDItNy4yOWMuMy0uMjIuNy0uNCAxLjE0LS41NmE0LjI2IDQuMjYgMCAwIDEtMS4xNi0uNTMgNS4yIDUuMiAwIDAgMSA1Ljk2LTguNTJjLjMxLjIxLjYuNTMuOS45MSAwLS40Ny4wMy0uOS4xNC0xLjI3YTUuMTYgNS4xNiAwIDAgMSA2LjUtMy40NSA1LjIgNS4yIDAgMCAxIDMuNDUgNi41Yy0uMTEuMzUtLjMyLjczLS41OSAxLjEyLjQ1LS4xNS44Ny0uMjQgMS4yNS0uMjVhNS4yIDUuMiAwIDAgMSAuMTggMTAuNGMtLjM3IDAtLjgtLjA3LTEuMjUtLjIuMjguMzcuNS43NC42MiAxLjFhNS4yIDUuMiAwIDEgMS05LjgzIDMuMzggNC4yMyA0LjIzIDAgMCAxLS4yLTEuMjVjLS4yNy4zOC0uNTUuNy0uODUuOTNhNS4xNyA1LjE3IDAgMCAxLTcuMjgtMS4wMloiIGZpbGw9IiM0QUNBRDMiLz48cGF0aCBmaWxsLXJ1bGU9ImV2ZW5vZGQiIGNsaXAtcnVsZT0iZXZlbm9kZCIgZD0iTTgxLjgyIDM3LjY0YTEuNDQgMS40NCAwIDEgMC0yLjc2LS44NGMtLjIzLjc2LjIzIDQuMTguMjMgNC4xOHMyLjMtMi41OCAyLjUzLTMuMzRabTIuMjQgNS44YTEuNDQgMS40NCAwIDEgMC0uMDUtMi45Yy0uOC4wMi0zLjkgMS41Mi0zLjkgMS41MnMzLjE2IDEuNCAzLjk1IDEuMzhabS02LjA1LTIuMDJzLTEuNzQtMi45OC0yLjQtMy40NGExLjQ0IDEuNDQgMCAxIDAtMS42NSAyLjM3Yy42NS40NSA0LjA1IDEuMDcgNC4wNSAxLjA3Wm0zLjA3IDYuODRhMS40NCAxLjQ0IDAgMCAwIC45LTEuODRjLS4yNi0uNzUtMi42NS0zLjI1LTIuNjUtMy4yNXMtLjM1IDMuNDQtLjA5IDQuMmExLjQ0IDEuNDQgMCAwIDAgMS44NC44OVptLTUuMzItMS45NmMuNjQtLjQ4IDIuMjctMy41MiAyLjI3LTMuNTJzLTMuMzcuNzMtNCAxLjJhMS40NCAxLjQ0IDAgMSAwIDEuNzMgMi4zMloiIGZpbGw9IiNmZmYiLz48cGF0aCBkPSJtMTE3LjUzIDQ5LjEuMjUtMi4zMiAyLjMyLS4yNmE3LjEyIDcuMTIgMCAwIDAgNi4wNS00LjggNy4yMyA3LjIzIDAgMCAwLTIuNTUtOC4yOWwtMS44Ny0xLjM4LjkzLTIuMTNjMS4yMy0yLjguNjUtNS45LTEuNTItOC4wNmE3LjE0IDcuMTQgMCAwIDAtOC4wNi0xLjUybC0yLjEzLjkzLTEuMzgtMS44OGE3LjI0IDcuMjQgMCAwIDAtOC4yOS0yLjU0Yy0yLjY5Ljk0LTQuNDkgMy4yLTQuOCA2LjA1bC0uMjYgMi4zMi0yLjMyLjI1YTcuMTIgNy4xMiAwIDAgMC02LjA1IDQuODEgNy4yIDcuMiAwIDAgMCAxLjY3IDcuNTNjLjI3LjI3LjU2LjUyLjg3Ljc2bDEuODggMS4zOC0uOTMgMi4xM2E3LjE1IDcuMTUgMCAwIDAgMS41MiA4LjA2IDcuMTUgNy4xNSAwIDAgMCA4LjA2IDEuNTJsMi4xMy0uOTMgMS4zOCAxLjg4YTcuMjMgNy4yMyAwIDAgMCA4LjI5IDIuNTQgNy4xMiA3LjEyIDAgMCAwIDQuOC02LjA1WiIgZmlsbD0iI0ZEQjU5OSIvPjxwYXRoIGZpbGwtcnVsZT0iZXZlbm9kZCIgY2xpcC1ydWxlPSJldmVub2RkIiBkPSJNMTA5Ljg4IDQxLjJhMS40NCAxLjQ0IDAgMSAxLTIuNzguNzRjLS4yLS43Ny0uMS01Ljk0LS4xLTUuOTRzLTIuNSA0LjUzLTMuMDYgNS4xYTEuNDQgMS40NCAwIDAgMS0yLjAzLTIuMDVjLjU2LS41NiA1LjEtMy4wNSA1LjEtMy4wNXMtNS4xNy4xLTUuOTQtLjFhMS40NCAxLjQ0IDAgMCAxIC43NS0yLjc4Yy43Ny4yIDUuMTkgMi44OCA1LjE5IDIuODhzLTIuNjgtNC40Mi0yLjg4LTUuMmExLjQ0IDEuNDQgMCAxIDEgMi43OC0uNzRjLjIuNzcuMSA1Ljk0LjEgNS45NHMyLjUtNC41MyAzLjA1LTUuMWExLjQ0IDEuNDQgMCAwIDEgMi4wNCAyLjA1Yy0uNTYuNTYtNS4xIDMuMDUtNS4xIDMuMDVzNS4xNy0uMSA1Ljk0LjFhMS40NCAxLjQ0IDAgMSAxLS43NSAyLjc4QzExMS40MiAzOC42OCAxMDcgMzYgMTA3IDM2czIuNjcgNC40MiAyLjg4IDUuMloiIGZpbGw9IiNmZmYiLz48cGF0aCBkPSJNMTkwLjc2IDU1LjgyYTcuMzYgNy4zNiAwIDAgMC0xLjQ2LTEwLjM2IDYuMDYgNi4wNiAwIDAgMC0xLjYyLS44Yy42NC0uMjEgMS4yMS0uNDUgMS42NS0uNzZhNy40IDcuNCAwIDAgMC04LjUtMTIuMTJjLS40My4zLS44NS43NS0xLjI2IDEuMyAwLS42OC0uMDUtMS4zLS4yLTEuODFhNy4zNSA3LjM1IDAgMCAwLTMuNi00LjM3IDcuNCA3LjQgMCAwIDAtMTAuNTUgOC43Yy4xNS41LjQ0IDEuMDQuODIgMS42YTYgNiAwIDAgMC0xLjc3LS4zNiA3LjQgNy40IDAgMCAwLS4yNiAxNC44Yy41MyAwIDEuMTQtLjEgMS43OC0uMy0uNC41NS0uNyAxLjA3LS44OCAxLjU4YTcuNCA3LjQgMCAwIDAgMTQgNC44MSA2IDYgMCAwIDAgLjI2LTEuNzhjLjQuNTUuOCAxIDEuMjIgMS4zM2E3LjM1IDcuMzUgMCAwIDAgNS40OSAxLjQyIDcuMzUgNy4zNSAwIDAgMCA0Ljg4LTIuODhaIiBmaWxsPSIjRjdEMzBDIi8+PHBhdGggZmlsbC1ydWxlPSJldmVub2RkIiBjbGlwLXJ1bGU9ImV2ZW5vZGQiIGQ9Ik0xNzEuOSAzOC4zYTIuMDUgMi4wNSAwIDEgMSAzLjk0LTEuMmMuMzMgMS4wOC0uMzMgNS45NC0uMzMgNS45NHMtMy4yNy0zLjY2LTMuNi00Ljc0Wm0tMy4xOCA4LjI1YTIuMDYgMi4wNiAwIDEgMSAuMDctNC4xMWMxLjEzLjAyIDUuNTYgMi4xNSA1LjU2IDIuMTVzLTQuNSAxLjk3LTUuNjMgMS45NlptOC42Mi0yLjg4czIuNDctNC4yNCAzLjQtNC44OWEyLjA2IDIuMDYgMCAxIDEgMi4zNiAzLjM3Yy0uOTMuNjUtNS43NiAxLjUyLTUuNzYgMS41MlptLTQuMzggOS43M2EyLjA2IDIuMDYgMCAwIDEtMS4yNy0yLjZjLjM3LTEuMDggMy43Ni00LjYzIDMuNzYtNC42M3MuNSA0Ljg5LjEzIDUuOTZhMi4wNiAyLjA2IDAgMCAxLTIuNjIgMS4yN1ptNy41Ny0yLjc5Yy0uOS0uNjgtMy4yMy01LTMuMjMtNXM0LjggMS4wNCA1LjcgMS43MmEyLjA2IDIuMDYgMCAxIDEtMi40NyAzLjI4WiIgZmlsbD0iI2ZmZiIvPjxwYXRoIGQ9Ik0xNjkuMTQgMzEuNTVjMS44Mi02Ljk5LTYtMTIuNDItOC45NS0xNC4xOS41LTIuOTMgMS42Ny0xMi41Ni00LjQ3LTE2LjExLTYuMS0zLjU0LTEzLjggMi4yLTE2LjEyIDQuMTRsLS43LS40MmMtMy4wNy0xLjc3LTEwLjc3LTUuMzUtMTYuMDUtLjIzLTUuNjQgNS40Ni0yLjMxIDE0LTEuMDQgMTYuNy0yLjE1IDItOC4zOCA4LjU5LTUuODEgMTUuNThhOC41NSA4LjU1IDAgMCAwIDMuODggNC41NGM0LjAzIDIuMzQgOS42IDEuOTYgMTEuNzIgMS43IDEgMS44OSAzLjgzIDYuNzIgNy44OSA5LjA3YTkuMSA5LjEgMCAwIDAgNS4wNyAxLjMzYzYuOS0uMzYgOS45Mi0xMCAxMC42Ny0xMi45MiAyLjg2LS40IDEyLjA5LTIuMiAxMy45Mi05LjJaIiBmaWxsPSIjRkY3Mzk4Ii8+PHBhdGggZmlsbC1ydWxlPSJldmVub2RkIiBjbGlwLXJ1bGU9ImV2ZW5vZGQiIGQ9Ik0xNDIuNzYgMjUuNnMzLjY5IDguMi4zNiA4LjcxYy0zLjM0LjUyLTEuNDYtOC41OS0xLjQ2LTguNTlzLTcuMTEgNi04LjE1IDMuMDNjLTEuMDQtMi45OCA3LjctNC4wNSA3LjctNC4wNXMtNy45OC00LjctNS4zOC02LjgzYzIuNTktMi4xNSA2LjIxIDYuMDkgNi4yMSA2LjA5czEuOTQtOC45MiA0LjgyLTcuMjZjMi44OCAxLjY3LTMuODYgNy44Mi0zLjg2IDcuODJzOC44OC0xIDguMzcgMi4zNWMtLjUgMy4zNC04LjYtMS4yNy04LjYtMS4yN1oiIGZpbGw9IiNmZmYiLz48cmVjdCB4PSIxOTEiIHk9IjEyOSIgd2lkdGg9IjIiIGhlaWdodD0iMzkiIHJ4PSIxIiBmaWxsPSIjRTZFNkU2Ii8+PHBhdGggZD0iTTIwMiAxNjZoLTkuNDNsNi40My0xN2gtMTFsLTYgMjFoOC42NEwxODYgMTg5bDE2LTIzWiIgZmlsbD0iIzkxNzdGRiIvPjwvZz48ZyB0cmFuc2Zvcm09InRyYW5zbGF0ZSg0OSA3MikiPjwvZz48ZyB0cmFuc2Zvcm09InRyYW5zbGF0ZSg2MiA0MikiPjwvZz48L2c+PC9nPjwvc3ZnPg==', '{"personal":{"isChild":false,"sex":"Masculino","gender":"Homem cisgênero","rg":"59.560.880-1","maritalStatus":"Divorciado(a)","profession":"Médica","company":"—","education":"Ensino fundamental","address":"Rua Barbosa, 811","city":"Fortaleza","state":"CE","zip":"81656-702"},"clinical":{"complaint":"Ansiedade e crises de pânico","goals":"Melhorar a comunicação nos relacionamentos","suffering":"Leve","history":"Encaminhado(a) pelo clínico geral devido a queixas somáticas.","priorDiagnoses":"Nenhum","priorTreatments":"Psicoterapia anterior","psychiatric":"Em acompanhamento psiquiátrico","referrals":"—"},"health":{"depression":false,"anxiety":true,"tdah":false,"tag":true,"bipolar":false,"medications":"Fluoxetina 20mg","diseases":"—","surgeries":"—","hospitalizations":"Não","familyHistory":"Histórico familiar de depressão/ansiedade"},"lifestyle":{"sleep":"Irregular","diet":"Irregular","sports":"Yoga","gym":"Não","alcohol":"Não","smoking":"Ex-fumante","drugs":"Não","religion":"Sem religião","spirituality":"Moderada"},"financial":{"situation":"Estável","income":"2 a 4 salários","work":"Servidor público","ownHome":"Sim","rent":"Não","withFamily":"Sim","debt":"Alguma","car":"Não","motorcycle":"Não"},"interests":{"hobbies":"Fotografia","music":"Rock","movies":"Drama","books":"—","games":"—","tech":"Baixo","social":"Pouco ativo"},"personality":{"introvert":true,"extrovert":false,"communicative":true,"reserved":true,"organized":true,"creative":true,"impulsive":false,"notes":"Perfeccionista e autocrítico(a)."},"relationships":{"family":"Muito próxima","friends":"Poucos amigos","romantic":"Estável","work":"Tensa"}}', NULL, 1765551490245);
INSERT INTO sessions (id, clinic_id, patient_id, psychologist_id, occurred_at, duration_min, mood, emotional_scale, topics, objectives, techniques, evolution, next_steps, free_notes, created_at) VALUES ('3a6b7e21-dbd2-4112-a585-20f98193f8c4', '00a53c0f-7baa-45b4-bea5-3159ed4e83ad', '6425feb9-92e5-4c95-aa23-eb0a7f3c1a5a', '1c2b3e6a-6d97-4ad5-9167-ccafd03a8006', 1780844290246, 60, 'Deprimido(a)', 7, '["relacionamento","luto","sono"]', 'Reorganizar a rotina e o autocuidado', 'Treino de habilidades sociais', 'Percebe-se maior consciência emocional e vocabulário afetivo.', 'Registrar pensamentos automáticos em situações de gatilho.', 'Sessão produtiva. Manter plano terapêutico.', 1780844290246);
INSERT INTO sessions (id, clinic_id, patient_id, psychologist_id, occurred_at, duration_min, mood, emotional_scale, topics, objectives, techniques, evolution, next_steps, free_notes, created_at) VALUES ('82c258fa-b431-4641-b65a-246f55fd7e6b', '00a53c0f-7baa-45b4-bea5-3159ed4e83ad', '6425feb9-92e5-4c95-aa23-eb0a7f3c1a5a', '1c2b3e6a-6d97-4ad5-9167-ccafd03a8006', 1781708290246, 50, 'Angustiado(a)', 3, '["ansiedade","trabalho","lazer","autoestima"]', 'Desenvolver estratégias de enfrentamento', 'Registro de pensamentos', 'Trouxe avanços na aplicação das técnicas no dia a dia.', 'Praticar respiração diafragmática 2x ao dia.', NULL, 1781708290246);
INSERT INTO sessions (id, clinic_id, patient_id, psychologist_id, occurred_at, duration_min, mood, emotional_scale, topics, objectives, techniques, evolution, next_steps, free_notes, created_at) VALUES ('94a0bf47-a159-450a-b5f0-a0ae967bd335', '00a53c0f-7baa-45b4-bea5-3159ed4e83ad', '6425feb9-92e5-4c95-aa23-eb0a7f3c1a5a', '1c2b3e6a-6d97-4ad5-9167-ccafd03a8006', 1782226690246, 60, 'Irritado(a)', 7, '["ansiedade","autoestima","estudos"]', 'Aumentar a tolerância à frustração', 'Técnicas de mindfulness', 'Apresentou resistência inicial, mas engajou-se ao final da sessão.', 'Manter diário do sono.', NULL, 1782226690246);
INSERT INTO sessions (id, clinic_id, patient_id, psychologist_id, occurred_at, duration_min, mood, emotional_scale, topics, objectives, techniques, evolution, next_steps, free_notes, created_at) VALUES ('f02b328f-0c32-4f19-86dd-1557f2335d2b', '00a53c0f-7baa-45b4-bea5-3159ed4e83ad', '6425feb9-92e5-4c95-aa23-eb0a7f3c1a5a', '1c2b3e6a-6d97-4ad5-9167-ccafd03a8006', 1782658690246, 45, 'Cansado(a)', 5, '["luto","trabalho","família","saúde"]', 'Fortalecer a autoestima', 'Registro de pensamentos', 'Apresentou resistência inicial, mas engajou-se ao final da sessão.', 'Manter diário do sono.', NULL, 1782658690246);
INSERT INTO timeline_events (id, clinic_id, patient_id, session_id, title, description, event_date, category, status, source, created_at) VALUES ('2f0c1847-293e-4bfb-85c1-3e1a52c3d970', '00a53c0f-7baa-45b4-bea5-3159ed4e83ad', '6425feb9-92e5-4c95-aa23-eb0a7f3c1a5a', 'f02b328f-0c32-4f19-86dd-1557f2335d2b', 'Mudança de emprego', 'Semana difícil, com aumento da sintomatologia ansiosa.', 1777733890246, 'pessoal', 'suggested', 'manual', 1772722690246);
INSERT INTO timeline_events (id, clinic_id, patient_id, session_id, title, description, event_date, category, status, source, created_at) VALUES ('10ded4d0-a34c-4468-bf7d-89d456c6174c', '00a53c0f-7baa-45b4-bea5-3159ed4e83ad', '6425feb9-92e5-4c95-aa23-eb0a7f3c1a5a', '82c258fa-b431-4641-b65a-246f55fd7e6b', 'Conclusão de etapa', 'Trouxe avanços na aplicação das técnicas no dia a dia.', 1770130690246, 'família', 'suggested', 'ai', 1772981890246);
INSERT INTO timeline_events (id, clinic_id, patient_id, session_id, title, description, event_date, category, status, source, created_at) VALUES ('816691ce-7838-4a0b-8f6b-ace27a760b34', '00a53c0f-7baa-45b4-bea5-3159ed4e83ad', '6425feb9-92e5-4c95-aa23-eb0a7f3c1a5a', NULL, 'Melhora significativa', 'Relatou leve melhora nos sintomas ao longo da semana.', 1778511490246, 'clínico', 'suggested', 'manual', 1774018690246);
INSERT INTO ai_summaries (id, clinic_id, patient_id, appointment_id, content, suggested_questions, model, status, approved_content, approved_by, approved_at, created_at) VALUES ('dbc3c359-d893-4b32-adaa-84556d34353e', '00a53c0f-7baa-45b4-bea5-3159ed4e83ad', '6425feb9-92e5-4c95-aa23-eb0a7f3c1a5a', NULL, 'Paciente em acompanhamento por fobia social. Ao longo das sessões observa-se evolução gradual, com melhor manejo emocional e boa adesão às técnicas propostas. Recomenda-se manter o plano terapêutico atual.', '["Como você tem dormido esta semana?","O que funcionou melhor entre as estratégias que combinamos?","Houve algum gatilho importante desde a última sessão?"]', 'vinculo-ai', 'ready', NULL, NULL, NULL, 1780930690246);
INSERT INTO ai_alerts (id, clinic_id, patient_id, type, severity, message, status, created_at) VALUES ('c0a92fde-e0b0-4b6e-9a28-37704b87b02b', '00a53c0f-7baa-45b4-bea5-3159ed4e83ad', '6425feb9-92e5-4c95-aa23-eb0a7f3c1a5a', 'engagement', 'low', 'Queda no engajamento com as tarefas terapêuticas.', 'reviewed', 1782658690246);
INSERT INTO appointments (id, clinic_id, patient_id, psychologist_id, starts_at, ends_at, status, created_at) VALUES ('f236a154-7908-4ade-abfa-444a497688e5', '00a53c0f-7baa-45b4-bea5-3159ed4e83ad', '6425feb9-92e5-4c95-aa23-eb0a7f3c1a5a', '1c2b3e6a-6d97-4ad5-9167-ccafd03a8006', 1782313090246, 1782316090246, 'done', 1781794690246);
INSERT INTO appointments (id, clinic_id, patient_id, psychologist_id, starts_at, ends_at, status, created_at) VALUES ('c73e5b7d-a20d-491d-8816-ad656f482911', '00a53c0f-7baa-45b4-bea5-3159ed4e83ad', '6425feb9-92e5-4c95-aa23-eb0a7f3c1a5a', '1c2b3e6a-6d97-4ad5-9167-ccafd03a8006', 1782917890246, 1782920890246, 'no_show', 1782485890246);
INSERT INTO consents (id, clinic_id, patient_id, type, version, granted_at, ip, revoked_at, created_at) VALUES ('7c308e97-ac14-4bf6-a7c2-cdf2c2cf9091', '00a53c0f-7baa-45b4-bea5-3159ed4e83ad', '6425feb9-92e5-4c95-aa23-eb0a7f3c1a5a', 'general', '1.0', 1765551490245, '189.194.132.199', NULL, 1765551490245);
INSERT INTO consents (id, clinic_id, patient_id, type, version, granted_at, ip, revoked_at, created_at) VALUES ('deef0199-a6c9-4df8-9966-9eba87be9661', '00a53c0f-7baa-45b4-bea5-3159ed4e83ad', '6425feb9-92e5-4c95-aa23-eb0a7f3c1a5a', 'ai', '1.0', 1765551490245, '189.232.248.203', NULL, 1765551490245);
INSERT INTO patients (id, clinic_id, psychologist_id, full_name, social_name, cpf, email, phone, whatsapp, birth_date, status, photo, profile, deleted_at, created_at) VALUES ('811f2d6e-e754-49c1-9bbf-44dfa6bc0cf4', '00a53c0f-7baa-45b4-bea5-3159ed4e83ad', '3385bafd-2b52-4729-809f-54d2043545f2', 'Igor Silva Carvalho', NULL, '059.651.579-30', 'igor.16@email.com', '(11) 95266-4417', '(91) 91705-9296', 1326639490246, 'active', 'data:image/svg+xml;base64,PHN2ZyB4bWxucz0iaHR0cDovL3d3dy53My5vcmcvMjAwMC9zdmciIHZpZXdCb3g9IjAgMCAyODAgMjgwIiBmaWxsPSJub25lIiBzaGFwZS1yZW5kZXJpbmc9ImF1dG8iPjxtZXRhZGF0YSB4bWxuczpyZGY9Imh0dHA6Ly93d3cudzMub3JnLzE5OTkvMDIvMjItcmRmLXN5bnRheC1ucyMiIHhtbG5zOnhzaT0iaHR0cDovL3d3dy53My5vcmcvMjAwMS9YTUxTY2hlbWEtaW5zdGFuY2UiIHhtbG5zOmRjPSJodHRwOi8vcHVybC5vcmcvZGMvZWxlbWVudHMvMS4xLyIgeG1sbnM6ZGN0ZXJtcz0iaHR0cDovL3B1cmwub3JnL2RjL3Rlcm1zLyI+PHJkZjpSREY+PHJkZjpEZXNjcmlwdGlvbj48ZGM6dGl0bGU+QXZhdGFhYXJzPC9kYzp0aXRsZT48ZGM6Y3JlYXRvcj5QYWJsbyBTdGFubGV5PC9kYzpjcmVhdG9yPjxkYzpzb3VyY2UgeHNpOnR5cGU9ImRjdGVybXM6VVJJIj5odHRwczovL2F2YXRhYWFycy5jb20vPC9kYzpzb3VyY2U+PGRjdGVybXM6bGljZW5zZSB4c2k6dHlwZT0iZGN0ZXJtczpVUkkiPmh0dHBzOi8vYXZhdGFhYXJzLmNvbS88L2RjdGVybXM6bGljZW5zZT48ZGM6cmlnaHRzPlJlbWl4IG9mIOKAnkF2YXRhYWFyc+KAnSAoaHR0cHM6Ly9hdmF0YWFhcnMuY29tLykgYnkg4oCeUGFibG8gU3RhbmxleeKAnSwgbGljZW5zZWQgdW5kZXIg4oCeRnJlZSBmb3IgcGVyc29uYWwgYW5kIGNvbW1lcmNpYWwgdXNl4oCdIChodHRwczovL2F2YXRhYWFycy5jb20vKTwvZGM6cmlnaHRzPjwvcmRmOkRlc2NyaXB0aW9uPjwvcmRmOlJERj48L21ldGFkYXRhPjxtYXNrIGlkPSJ2aWV3Ym94TWFzayI+PHJlY3Qgd2lkdGg9IjI4MCIgaGVpZ2h0PSIyODAiIHJ4PSIxNDAiIHJ5PSIxNDAiIHg9IjAiIHk9IjAiIGZpbGw9IiNmZmYiIC8+PC9tYXNrPjxnIG1hc2s9InVybCgjdmlld2JveE1hc2spIj48cmVjdCBmaWxsPSIjYjZlM2Y0IiB3aWR0aD0iMjgwIiBoZWlnaHQ9IjI4MCIgeD0iMCIgeT0iMCIgLz48ZyB0cmFuc2Zvcm09InRyYW5zbGF0ZSg4KSI+PHBhdGggZD0iTTEzMiAzNmE1NiA1NiAwIDAgMC01NiA1NnY2LjE3QTEyIDEyIDAgMCAwIDY2IDExMHYxNGExMiAxMiAwIDAgMCAxMC4zIDExLjg4IDU2LjA0IDU2LjA0IDAgMCAwIDMxLjcgNDQuNzN2MTguNGgtNGE3MiA3MiAwIDAgMC03MiA3MnY5aDIwMHYtOWE3MiA3MiAwIDAgMC03Mi03MmgtNHYtMTguMzlhNTYuMDQgNTYuMDQgMCAwIDAgMzEuNy00NC43M0ExMiAxMiAwIDAgMCAxOTggMTI0di0xNGExMiAxMiAwIDAgMC0xMC0xMS44M1Y5MmE1NiA1NiAwIDAgMC01Ni01NloiIGZpbGw9IiNlZGI5OGEiLz48cGF0aCBkPSJNMTA4IDE4MC42MXY4YTU1Ljc5IDU1Ljc5IDAgMCAwIDI0IDUuMzljOC41OSAwIDE2LjczLTEuOTMgMjQtNS4zOXYtOGE1NS43OSA1NS43OSAwIDAgMS0yNCA1LjM5IDU1Ljc5IDU1Ljc5IDAgMCAxLTI0LTUuMzlaIiBmaWxsPSIjMDAwIiBmaWxsLW9wYWNpdHk9Ii4xIi8+PGcgdHJhbnNmb3JtPSJ0cmFuc2xhdGUoMCAxNzApIj48cGF0aCBkPSJNMTMyLjUgNjUuODNjMjcuMzQgMCA0OS41LTEzLjIgNDkuNS0yOS40OCAwLTEuMzctLjE2LTIuNy0uNDYtNC4wMkE3Mi4wMyA3Mi4wMyAwIDAgMSAyMzIgMTAxLjA1VjExMEgzMnYtOC45NUE3Mi4wMyA3Mi4wMyAwIDAgMSA4My41MyAzMmExOCAxOCAwIDAgMC0uNTMgNC4zNWMwIDE2LjI4IDIyLjE2IDI5LjQ4IDQ5LjUgMjkuNDhaIiBmaWxsPSIjM2M0ZjVjIi8+PC9nPjxnIHRyYW5zZm9ybT0idHJhbnNsYXRlKDc4IDEzNCkiPjxwYXRoIGZpbGwtcnVsZT0iZXZlbm9kZCIgY2xpcC1ydWxlPSJldmVub2RkIiBkPSJNMzQgMzAuNEMzNS4xNCAxOS45IDM4LjI0IDExIDU0IDExYzE1Ljc2IDAgMTguOTIgOC45NiAyMCAxOS41LjA4Ljg0LS44MyAxLjUtMS45NiAxLjUtNi42OSAwLTkuMzctMS41LTE4LjA1LTEuNS04LjcgMC0xMy4yNCAxLjUtMTcuOSAxLjUtMS4xNSAwLTIuMi0uNTUtMi4xLTEuNloiIGZpbGw9IiMwMDAiIGZpbGwtb3BhY2l0eT0iLjciLz48cGF0aCBkPSJNNjcuODYgMTUuMWMtLjguNTctMS44LjktMi44Ni45SDQ0Yy0xLjMgMC0yLjQ5LS41LTMuMzgtMS4zMUM0My41NiAxMi4zOCA0Ny44IDExIDU0IDExYzYuNTQgMCAxMC45IDEuNTQgMTMuODYgNC4xWiIgZmlsbD0iI2ZmZiIvPjxwYXRoIGQ9Ik00MiAyNWE2IDYgMCAwIDAtNiA2djdhNiA2IDAgMCAwIDEyIDB2LTJoLjA4YTYgNiAwIDAgMSAxMS44NCAwSDYwYTYgNiAwIDAgMCAxMiAwdi01YTYgNiAwIDAgMC02LTZINDJaIiBmaWxsPSIjN0JCMjRCIi8+PHBhdGggZD0iTTcyIDMxYTYgNiAwIDAgMC02LTZINDJhNiA2IDAgMCAwLTYgNnY2YTYgNiAwIDAgMCAxMiAwdi0yaC4wOGE2IDYgMCAwIDEgMTEuODQgMEg2MGE2IDYgMCAwIDAgMTIgMHYtNFoiIGZpbGw9IiM4OEM1NTMiLz48L2c+PGcgdHJhbnNmb3JtPSJ0cmFuc2xhdGUoMTA0IDEyMikiPjxwYXRoIGZpbGwtcnVsZT0iZXZlbm9kZCIgY2xpcC1ydWxlPSJldmVub2RkIiBkPSJNMTYgOGMwIDQuNDIgNS4zNyA4IDEyIDhzMTItMy41OCAxMi04IiBmaWxsPSIjMDAwIiBmaWxsLW9wYWNpdHk9Ii4xNiIvPjwvZz48ZyB0cmFuc2Zvcm09InRyYW5zbGF0ZSg3NiA5MCkiPjxjaXJjbGUgY3g9IjgyIiBjeT0iMjIiIHI9IjEyIiBmaWxsPSIjZmZmIi8+PGNpcmNsZSBjeD0iODIiIGN5PSIyMiIgcj0iNiIgZmlsbD0iIzAwMCIgZmlsbC1vcGFjaXR5PSIuNyIvPjxwYXRoIGZpbGwtcnVsZT0iZXZlbm9kZCIgY2xpcC1ydWxlPSJldmVub2RkIiBkPSJNMTYuMTYgMjUuNDVjMS44NS0zLjggNi02LjQ1IDEwLjg0LTYuNDUgNC44MSAwIDguOTYgMi42MyAxMC44MiA2LjQuNTUgMS4xMy0uMjQgMi4wNS0xLjAzIDEuMzdhMTUuMDUgMTUuMDUgMCAwIDAtOS44LTMuNDNjLTMuNzMgMC03LjEyIDEuMjQtOS41NSAzLjIzLS45LjczLTEuODItLjAxLTEuMjgtMS4xMloiIGZpbGw9IiMwMDAiIGZpbGwtb3BhY2l0eT0iLjYiLz48L2c+PGcgdHJhbnNmb3JtPSJ0cmFuc2xhdGUoNzYgODIpIj48cGF0aCBkPSJtMjIuNzcgMS41OC45LS40QzI4LjkzLS45MSAzNi44OC0uMDMgNDEuNzMgMi4zYy41Ny4yNy4xOCAxLjE1LS40IDEuMS0xNC45Mi0xLjE0LTI0Ljk2IDguMTUtMjguMzcgMTQuNDUtLjEuMTgtLjQxLjItLjQ5LjAzLTIuMy01LjMyIDQuNDUtMTMuOTggMTAuMy0xNi4zWk04NyAxMi4wN2M1Ljc1Ljc3IDE0Ljc0IDUuOCAxMy45OSAxMS42LS4wMy4yLS4zMS4yNi0uNDQuMS0yLjQ5LTMuMi0yMS43MS03Ljg3LTI4LjcxLTYuOS0uNjQuMS0xLjA3LS41Ny0uNjMtLjk4IDMuNzUtMy41NCAxMC42Mi00LjUyIDE1Ljc4LTMuODJaIiBmaWxsLXJ1bGU9ImV2ZW5vZGQiIGNsaXAtcnVsZT0iZXZlbm9kZCIgZmlsbD0iIzAwMCIgZmlsbC1vcGFjaXR5PSIuNiIvPjwvZz48ZyB0cmFuc2Zvcm09InRyYW5zbGF0ZSgtMSkiPjxwYXRoIGQ9Ik03MCA5N2MwIDQgLjkyIDUuMDcgNiA1IDMuMjUtLjA1IDMuNDQtNiAzLjY1LTEyLjU5LjE0LTQuMzcuMjktOS4wMyAxLjM1LTEyLjQxLjYyLTQuNDMtMS44Mi0zLjE3LTMtMS0zLjk2IDQuNzgtOCAxNS4zNC04IDIxWk0xOTYgOTdjMCA0LS45MiA1LjA3LTYgNS0zLjI1LS4wNS0zLjQ0LTYtMy42NS0xMi41OS0uMTQtNC4zNy0uMjktOS4wMy0xLjM1LTEyLjQxLS42Mi00LjQzIDEuODItMy4xNyAzLTEgMy45NiA0Ljc4IDggMTUuMzQgOCAyMVoiIGZpbGw9IiNjOTMzMDUiLz48L2c+PGcgdHJhbnNmb3JtPSJ0cmFuc2xhdGUoNDkgNzIpIj48L2c+PGcgdHJhbnNmb3JtPSJ0cmFuc2xhdGUoNjIgNDIpIj48L2c+PC9nPjwvZz48L3N2Zz4=', '{"personal":{"isChild":true,"sex":"Masculino","gender":"Homem cisgênero","rg":"34.351.123-7","maritalStatus":"Solteiro(a)","profession":"Estudante","company":"Escola Municipal","education":"Ensino fundamental","address":"Rua Martins, 324","city":"Curitiba","state":"PR","zip":"36996-745"},"clinical":{"complaint":"Baixa autoestima e insegurança","goals":"Desenvolver estratégias de enfrentamento","suffering":"Intenso","history":"Encaminhado(a) pelo clínico geral devido a queixas somáticas.","priorDiagnoses":"Episódio depressivo","priorTreatments":"Psicoterapia anterior","psychiatric":"Não","referrals":"—"},"health":{"depression":true,"anxiety":true,"tdah":false,"tag":false,"bipolar":false,"medications":"—","diseases":"—","surgeries":"—","hospitalizations":"Não","familyHistory":"Histórico familiar de depressão/ansiedade"},"lifestyle":{"sleep":"Boa","diet":"Equilibrada","sports":"Corrida","gym":"Não","alcohol":"Social","smoking":"Sim","drugs":"Não","religion":"Católica","spirituality":"Moderada"},"financial":{"situation":"Em dificuldade","income":"4 a 8 salários","work":"Não se aplica","ownHome":"Sim","rent":"Não","withFamily":"Sim","debt":"Endividado","car":"Não","motorcycle":"Não"},"interests":{"hobbies":"Música","music":"Pop","movies":"Drama","books":"Ficção e autoajuda","games":"Jogos casuais","tech":"Baixo","social":"Instagram"},"personality":{"introvert":true,"extrovert":true,"communicative":true,"reserved":false,"organized":true,"creative":true,"impulsive":true,"notes":"Bom senso de humor, acolhedor(a)."},"relationships":{"family":"Muito próxima","friends":"Rede sólida","romantic":"Solteiro(a)","work":"Boa"}}', NULL, 1764514690246);
INSERT INTO sessions (id, clinic_id, patient_id, psychologist_id, occurred_at, duration_min, mood, emotional_scale, topics, objectives, techniques, evolution, next_steps, free_notes, created_at) VALUES ('a07e4f00-b737-4497-a3ef-223f3ae8fc6d', '00a53c0f-7baa-45b4-bea5-3159ed4e83ad', '811f2d6e-e754-49c1-9bbf-44dfa6bc0cf4', '3385bafd-2b52-4729-809f-54d2043545f2', 1779634690246, 45, 'Cansado(a)', 3, '["família","autoestima","lazer"]', 'Aumentar a tolerância à frustração', 'Ativação comportamental', 'Relatou leve melhora nos sintomas ao longo da semana.', 'Trabalhar limites nos relacionamentos.', 'Sessão produtiva. Manter plano terapêutico.', 1779634690246);
INSERT INTO sessions (id, clinic_id, patient_id, psychologist_id, occurred_at, duration_min, mood, emotional_scale, topics, objectives, techniques, evolution, next_steps, free_notes, created_at) VALUES ('ad13240e-b754-43e6-9c09-87f028c60df6', '00a53c0f-7baa-45b4-bea5-3159ed4e83ad', '811f2d6e-e754-49c1-9bbf-44dfa6bc0cf4', '3385bafd-2b52-4729-809f-54d2043545f2', 1780498690246, 50, 'Deprimido(a)', 3, '["saúde","autoestima"]', 'Elaborar o processo de luto', 'Psicoeducação', 'Paciente demonstrou boa adesão às tarefas propostas.', 'Manter diário do sono.', NULL, 1780498690246);
INSERT INTO sessions (id, clinic_id, patient_id, psychologist_id, occurred_at, duration_min, mood, emotional_scale, topics, objectives, techniques, evolution, next_steps, free_notes, created_at) VALUES ('4ee0ed62-6843-490a-ba2a-c30cc2c52a38', '00a53c0f-7baa-45b4-bea5-3159ed4e83ad', '811f2d6e-e754-49c1-9bbf-44dfa6bc0cf4', '3385bafd-2b52-4729-809f-54d2043545f2', 1781017090246, 50, 'Angustiado(a)', 7, '["ansiedade","relacionamento","rotina","estudos"]', 'Reduzir a frequência das crises de ansiedade', 'Reestruturação cognitiva', 'Trouxe avanços na aplicação das técnicas no dia a dia.', 'Retomar atividade física gradualmente.', NULL, 1781017090246);
INSERT INTO sessions (id, clinic_id, patient_id, psychologist_id, occurred_at, duration_min, mood, emotional_scale, topics, objectives, techniques, evolution, next_steps, free_notes, created_at) VALUES ('e6f297d6-867a-42ba-8a5b-de8953cd0cbc', '00a53c0f-7baa-45b4-bea5-3159ed4e83ad', '811f2d6e-e754-49c1-9bbf-44dfa6bc0cf4', '3385bafd-2b52-4729-809f-54d2043545f2', 1781449090246, 50, 'Irritado(a)', 6, '["ansiedade","relacionamento","lazer"]', 'Reduzir a frequência das crises de ansiedade', 'Técnicas de mindfulness', 'Relatou leve melhora nos sintomas ao longo da semana.', 'Manter diário do sono.', NULL, 1781449090246);
INSERT INTO sessions (id, clinic_id, patient_id, psychologist_id, occurred_at, duration_min, mood, emotional_scale, topics, objectives, techniques, evolution, next_steps, free_notes, created_at) VALUES ('4d8fea59-9a10-44fb-91c5-7734b895986e', '00a53c0f-7baa-45b4-bea5-3159ed4e83ad', '811f2d6e-e754-49c1-9bbf-44dfa6bc0cf4', '3385bafd-2b52-4729-809f-54d2043545f2', 1782053890246, 60, 'Motivado(a)', 7, '["rotina","autoestima","estudos","saúde"]', 'Reduzir a frequência das crises de ansiedade', 'Treino de habilidades sociais', 'Semana difícil, com aumento da sintomatologia ansiosa.', 'Praticar respiração diafragmática 2x ao dia.', NULL, 1782053890246);
INSERT INTO sessions (id, clinic_id, patient_id, psychologist_id, occurred_at, duration_min, mood, emotional_scale, topics, objectives, techniques, evolution, next_steps, free_notes, created_at) VALUES ('d99682f4-c1e2-4498-b982-3b1e31012550', '00a53c0f-7baa-45b4-bea5-3159ed4e83ad', '811f2d6e-e754-49c1-9bbf-44dfa6bc0cf4', '3385bafd-2b52-4729-809f-54d2043545f2', 1782658690246, 60, 'Esperançoso(a)', 6, '["autoestima","rotina"]', 'Melhorar a qualidade do sono', 'Reestruturação cognitiva', 'Trouxe avanços na aplicação das técnicas no dia a dia.', 'Registrar pensamentos automáticos em situações de gatilho.', NULL, 1782658690246);
INSERT INTO timeline_events (id, clinic_id, patient_id, session_id, title, description, event_date, category, status, source, created_at) VALUES ('8d0929b1-4ddd-4719-a8d2-5764420d9bfb', '00a53c0f-7baa-45b4-bea5-3159ed4e83ad', '811f2d6e-e754-49c1-9bbf-44dfa6bc0cf4', NULL, 'Melhora significativa', 'Percebe-se maior consciência emocional e vocabulário afetivo.', 1769266690246, 'clínico', 'confirmed', 'ai', 1781103490246);
INSERT INTO timeline_events (id, clinic_id, patient_id, session_id, title, description, event_date, category, status, source, created_at) VALUES ('b51f6f89-98a4-4df2-be34-00e799c96a93', '00a53c0f-7baa-45b4-bea5-3159ed4e83ad', '811f2d6e-e754-49c1-9bbf-44dfa6bc0cf4', NULL, 'Mudança de emprego', 'Percebe-se maior consciência emocional e vocabulário afetivo.', 1777820290246, 'pessoal', 'confirmed', 'ai', 1770303490246);
INSERT INTO timeline_events (id, clinic_id, patient_id, session_id, title, description, event_date, category, status, source, created_at) VALUES ('2d380ed5-9725-4969-b672-ee8e22859231', '00a53c0f-7baa-45b4-bea5-3159ed4e83ad', '811f2d6e-e754-49c1-9bbf-44dfa6bc0cf4', 'a07e4f00-b737-4497-a3ef-223f3ae8fc6d', 'Início do acompanhamento', 'Paciente demonstrou boa adesão às tarefas propostas.', 1778511490246, 'pessoal', 'confirmed', 'ai', 1771945090246);
INSERT INTO ai_summaries (id, clinic_id, patient_id, appointment_id, content, suggested_questions, model, status, approved_content, approved_by, approved_at, created_at) VALUES ('cd04e87e-6eaa-4f19-a306-a9b7dea3b326', '00a53c0f-7baa-45b4-bea5-3159ed4e83ad', '811f2d6e-e754-49c1-9bbf-44dfa6bc0cf4', NULL, 'Paciente em acompanhamento por dificuldades no relacionamento conjugal. Ao longo das sessões observa-se evolução gradual, com melhor manejo emocional e boa adesão às técnicas propostas. Recomenda-se manter o plano terapêutico atual.', '["Como você tem dormido esta semana?","O que funcionou melhor entre as estratégias que combinamos?","Houve algum gatilho importante desde a última sessão?"]', 'vinculo-ai', 'ready', NULL, NULL, NULL, 1782399490246);
INSERT INTO ai_alerts (id, clinic_id, patient_id, type, severity, message, status, created_at) VALUES ('0a37ab2c-09dc-44cb-8469-7697fe72c122', '00a53c0f-7baa-45b4-bea5-3159ed4e83ad', '811f2d6e-e754-49c1-9bbf-44dfa6bc0cf4', 'medication', 'medium', 'Relato de interrupção da medicação por conta própria.', 'active', 1782226690246);
INSERT INTO appointments (id, clinic_id, patient_id, psychologist_id, starts_at, ends_at, status, created_at) VALUES ('5534ed8d-ff23-45e8-80e0-97ca9eda1f5b', '00a53c0f-7baa-45b4-bea5-3159ed4e83ad', '811f2d6e-e754-49c1-9bbf-44dfa6bc0cf4', '3385bafd-2b52-4729-809f-54d2043545f2', 1782313090246, 1782316090246, 'done', 1781794690246);
INSERT INTO appointments (id, clinic_id, patient_id, psychologist_id, starts_at, ends_at, status, created_at) VALUES ('70616ddb-167f-4cc2-9a24-8fe640da20f3', '00a53c0f-7baa-45b4-bea5-3159ed4e83ad', '811f2d6e-e754-49c1-9bbf-44dfa6bc0cf4', '3385bafd-2b52-4729-809f-54d2043545f2', 1782917890246, 1782920890246, 'done', 1782485890246);
INSERT INTO appointments (id, clinic_id, patient_id, psychologist_id, starts_at, ends_at, status, created_at) VALUES ('8d99e110-c31e-48c2-8a4e-c65d027ce2cd', '00a53c0f-7baa-45b4-bea5-3159ed4e83ad', '811f2d6e-e754-49c1-9bbf-44dfa6bc0cf4', '3385bafd-2b52-4729-809f-54d2043545f2', 1783954690248, 1783957690248, 'scheduled', 1783349890248);
INSERT INTO consents (id, clinic_id, patient_id, type, version, granted_at, ip, revoked_at, created_at) VALUES ('0d2cde27-4309-4507-a772-01b5acc2e010', '00a53c0f-7baa-45b4-bea5-3159ed4e83ad', '811f2d6e-e754-49c1-9bbf-44dfa6bc0cf4', 'general', '1.0', 1764514690246, '189.90.20.221', NULL, 1764514690246);
INSERT INTO consents (id, clinic_id, patient_id, type, version, granted_at, ip, revoked_at, created_at) VALUES ('41b9e5d1-1628-4746-903e-55a81681e8fd', '00a53c0f-7baa-45b4-bea5-3159ed4e83ad', '811f2d6e-e754-49c1-9bbf-44dfa6bc0cf4', 'ai', '1.0', 1764514690246, '189.166.215.173', NULL, 1764514690246);
INSERT INTO consents (id, clinic_id, patient_id, type, version, granted_at, ip, revoked_at, created_at) VALUES ('e6f2efc1-aba7-424d-b15f-4cff699ad0c4', '00a53c0f-7baa-45b4-bea5-3159ed4e83ad', '811f2d6e-e754-49c1-9bbf-44dfa6bc0cf4', 'recording', '1.0', 1764514690246, NULL, NULL, 1764514690246);
INSERT INTO patients (id, clinic_id, psychologist_id, full_name, social_name, cpf, email, phone, whatsapp, birth_date, status, photo, profile, deleted_at, created_at) VALUES ('c93468b3-fe49-4a1e-87b3-af13d900c0ba', '00a53c0f-7baa-45b4-bea5-3159ed4e83ad', '1c2b3e6a-6d97-4ad5-9167-ccafd03a8006', 'Mariana Ribeiro Ferreira', NULL, '509.665.782-71', 'mariana.17@email.com', '(98) 93665-6223', '(97) 91835-8922', 763916290248, 'active', 'data:image/svg+xml;base64,PHN2ZyB4bWxucz0iaHR0cDovL3d3dy53My5vcmcvMjAwMC9zdmciIHZpZXdCb3g9IjAgMCAyODAgMjgwIiBmaWxsPSJub25lIiBzaGFwZS1yZW5kZXJpbmc9ImF1dG8iPjxtZXRhZGF0YSB4bWxuczpyZGY9Imh0dHA6Ly93d3cudzMub3JnLzE5OTkvMDIvMjItcmRmLXN5bnRheC1ucyMiIHhtbG5zOnhzaT0iaHR0cDovL3d3dy53My5vcmcvMjAwMS9YTUxTY2hlbWEtaW5zdGFuY2UiIHhtbG5zOmRjPSJodHRwOi8vcHVybC5vcmcvZGMvZWxlbWVudHMvMS4xLyIgeG1sbnM6ZGN0ZXJtcz0iaHR0cDovL3B1cmwub3JnL2RjL3Rlcm1zLyI+PHJkZjpSREY+PHJkZjpEZXNjcmlwdGlvbj48ZGM6dGl0bGU+QXZhdGFhYXJzPC9kYzp0aXRsZT48ZGM6Y3JlYXRvcj5QYWJsbyBTdGFubGV5PC9kYzpjcmVhdG9yPjxkYzpzb3VyY2UgeHNpOnR5cGU9ImRjdGVybXM6VVJJIj5odHRwczovL2F2YXRhYWFycy5jb20vPC9kYzpzb3VyY2U+PGRjdGVybXM6bGljZW5zZSB4c2k6dHlwZT0iZGN0ZXJtczpVUkkiPmh0dHBzOi8vYXZhdGFhYXJzLmNvbS88L2RjdGVybXM6bGljZW5zZT48ZGM6cmlnaHRzPlJlbWl4IG9mIOKAnkF2YXRhYWFyc+KAnSAoaHR0cHM6Ly9hdmF0YWFhcnMuY29tLykgYnkg4oCeUGFibG8gU3RhbmxleeKAnSwgbGljZW5zZWQgdW5kZXIg4oCeRnJlZSBmb3IgcGVyc29uYWwgYW5kIGNvbW1lcmNpYWwgdXNl4oCdIChodHRwczovL2F2YXRhYWFycy5jb20vKTwvZGM6cmlnaHRzPjwvcmRmOkRlc2NyaXB0aW9uPjwvcmRmOlJERj48L21ldGFkYXRhPjxtYXNrIGlkPSJ2aWV3Ym94TWFzayI+PHJlY3Qgd2lkdGg9IjI4MCIgaGVpZ2h0PSIyODAiIHJ4PSIxNDAiIHJ5PSIxNDAiIHg9IjAiIHk9IjAiIGZpbGw9IiNmZmYiIC8+PC9tYXNrPjxnIG1hc2s9InVybCgjdmlld2JveE1hc2spIj48cmVjdCBmaWxsPSIjZDFkNGY5IiB3aWR0aD0iMjgwIiBoZWlnaHQ9IjI4MCIgeD0iMCIgeT0iMCIgLz48ZyB0cmFuc2Zvcm09InRyYW5zbGF0ZSg4KSI+PHBhdGggZD0iTTEzMiAzNmE1NiA1NiAwIDAgMC01NiA1NnY2LjE3QTEyIDEyIDAgMCAwIDY2IDExMHYxNGExMiAxMiAwIDAgMCAxMC4zIDExLjg4IDU2LjA0IDU2LjA0IDAgMCAwIDMxLjcgNDQuNzN2MTguNGgtNGE3MiA3MiAwIDAgMC03MiA3MnY5aDIwMHYtOWE3MiA3MiAwIDAgMC03Mi03MmgtNHYtMTguMzlhNTYuMDQgNTYuMDQgMCAwIDAgMzEuNy00NC43M0ExMiAxMiAwIDAgMCAxOTggMTI0di0xNGExMiAxMiAwIDAgMC0xMC0xMS44M1Y5MmE1NiA1NiAwIDAgMC01Ni01NloiIGZpbGw9IiM2MTQzMzUiLz48cGF0aCBkPSJNMTA4IDE4MC42MXY4YTU1Ljc5IDU1Ljc5IDAgMCAwIDI0IDUuMzljOC41OSAwIDE2LjczLTEuOTMgMjQtNS4zOXYtOGE1NS43OSA1NS43OSAwIDAgMS0yNCA1LjM5IDU1Ljc5IDU1Ljc5IDAgMCAxLTI0LTUuMzlaIiBmaWxsPSIjMDAwIiBmaWxsLW9wYWNpdHk9Ii4xIi8+PGcgdHJhbnNmb3JtPSJ0cmFuc2xhdGUoMCAxNzApIj48cGF0aCBkPSJNMTMyLjUgNTEuODNjMTguNSAwIDMzLjUtOS42MiAzMy41LTIxLjQ4IDAtLjM2LS4wMS0uNy0uMDQtMS4wNkE3MiA3MiAwIDAgMSAyMzIgMTAxLjA0VjExMEgzMnYtOC45NWE3MiA3MiAwIDAgMSA2Ny4wNS03MS44M2MtLjAzLjM3LS4wNS43NS0uMDUgMS4xMyAwIDExLjg2IDE1IDIxLjQ4IDMzLjUgMjEuNDhaIiBmaWxsPSIjOTI5NTk4Ii8+PHBhdGggZD0iTTEzMi41IDU4Ljc2YzIxLjg5IDAgMzkuNjMtMTIuMDUgMzkuNjMtMjYuOTEgMC0uNi0uMDItMS4yLS4wOC0xLjgtMi0uMzMtNC4wMy0uNTktNi4xLS43Ni4wNC4zNS4wNS43LjA1IDEuMDYgMCAxMS44Ni0xNSAyMS40OC0zMy41IDIxLjQ4Uzk5IDQyLjIgOTkgMzAuMzVjMC0uMzguMDItLjc2LjA1LTEuMTMtMi4wNi4xNC00LjA4LjM2LTYuMDguNjctLjA3LjY1LS4xIDEuMy0uMSAxLjk2IDAgMTQuODYgMTcuNzQgMjYuOTEgMzkuNjMgMjYuOTFaIiBmaWxsPSIjMDAwIiBmaWxsLW9wYWNpdHk9Ii4wOCIvPjwvZz48ZyB0cmFuc2Zvcm09InRyYW5zbGF0ZSg3OCAxMzQpIj48cGF0aCBmaWxsLXJ1bGU9ImV2ZW5vZGQiIGNsaXAtcnVsZT0iZXZlbm9kZCIgZD0iTTQwIDI5YTE0IDE0IDAgMSAxIDI4IDAiIGZpbGw9IiMwMDAiIGZpbGwtb3BhY2l0eT0iLjciLz48L2c+PGcgdHJhbnNmb3JtPSJ0cmFuc2xhdGUoMTA0IDEyMikiPjxwYXRoIGZpbGwtcnVsZT0iZXZlbm9kZCIgY2xpcC1ydWxlPSJldmVub2RkIiBkPSJNMTYgOGMwIDQuNDIgNS4zNyA4IDEyIDhzMTItMy41OCAxMi04IiBmaWxsPSIjMDAwIiBmaWxsLW9wYWNpdHk9Ii4xNiIvPjwvZz48ZyB0cmFuc2Zvcm09InRyYW5zbGF0ZSg3NiA5MCkiPjxwYXRoIGQ9Ik0yNyAxNmMtNC44NCAwLTkgMi42NS0xMC44NCA2LjQ1LS41NCAxLjEuMzkgMS44NSAxLjI4IDEuMTJhMTUuMTMgMTUuMTMgMCAwIDEgOS44LTMuMjIgNiA2IDAgMSAwIDEwLjcgMi44IDIgMiAwIDAgMC0uMTItLjc0bC0uMTUtLjM4YTYgNiAwIDAgMC0xLjY0LTIuNDhDMzMuOSAxNy4zMiAzMC41IDE2IDI3IDE2Wk04NSAxNmMtNC44NCAwLTkgMi42NS0xMC44NCA2LjQ1LS41NCAxLjEuMzkgMS44NSAxLjI4IDEuMTJhMTUuMTMgMTUuMTMgMCAwIDEgOS44LTMuMjIgNiA2IDAgMSAwIDEwLjcgMi44IDIgMiAwIDAgMC0uMTItLjc0bC0uMTUtLjM4YTYgNiAwIDAgMC0xLjY0LTIuNDhDOTEuOSAxNy4zMiA4OC41IDE2IDg1IDE2WiIgZmlsbD0iIzAwMCIgZmlsbC1vcGFjaXR5PSIuNiIvPjwvZz48ZyB0cmFuc2Zvcm09InRyYW5zbGF0ZSg3NiA4MikiPjxwYXRoIGQ9Ik0xNS45OCAxNy4xM0MxNy40OCA3LjYgMzAuMDYgMS4xIDM5LjE2IDUuM2EyIDIgMCAxIDAgMS42OC0zLjYzYy0xMS41LTUuMy0yNi45IDIuNjYtMjguODIgMTQuODRhMiAyIDAgMCAwIDMuOTYuNjNaTTk2LjAyIDE3LjEzQzk0LjUyIDcuNiA4MS45NCAxLjEgNzIuODQgNS4zYTIgMiAwIDEgMS0xLjY4LTMuNjNjMTEuNS01LjMgMjYuOSAyLjY2IDI4LjgyIDE0Ljg0YTIgMiAwIDAgMS0zLjk2LjYzWiIgZmlsbD0iIzAwMCIgZmlsbC1vcGFjaXR5PSIuNiIvPjwvZz48ZyB0cmFuc2Zvcm09InRyYW5zbGF0ZSgtMSkiPjxwYXRoIGQ9Ik03NyA5OC4xN3YtLjIzbC4wOC4wNmMxLjctMjcuNDUgMTcuODQtMzMuMiAzMi41MS0zOC40MSAxMC41My0zLjc1IDIwLjMtNy4yMiAyMy40LTE4LjI1IDMuMTIgMTEuMDMgMTIuODkgMTQuNSAyMy40MiAxOC4yNSAxNC42NyA1LjIyIDMwLjgyIDEwLjk2IDMyLjUgMzguNDFsLjEtLjA2di4yM2ExMiAxMiAwIDAgMSA5Ljg4IDEwLjIyIDE2LjQzIDE2LjQzIDAgMCAwIDIuOTctMTYuOTIgMTYuNDkgMTYuNDkgMCAwIDAtMi40Ni0yNS44NiAxNi41IDE2LjUgMCAwIDAtMTAuNjItMjMuMDQgMjAuNSAyMC41IDAgMCAwLTI3LjczLTIyLjE2QTIwLjQ3IDIwLjQ3IDAgMCAwIDEzMyAxNS41MmEyMC40NyAyMC40NyAwIDAgMC0yOC4wNSA0Ljg3IDIwLjUgMjAuNSAwIDAgMC0yNy43MyAyMi4xNkExNi41IDE2LjUgMCAwIDAgNjYuMiA2NC43YTE2LjUgMTYuNSAwIDAgMC0yLjUxIDI4LjA3IDE2LjUgMTYuNSAwIDAgMCAzLjQgMTUuNjJBMTIgMTIgMCAwIDEgNzcgOTguMTdaTTc3LjIgMTM0Ljg3Yy0zLjg1LS41OC03LjExLTMtOC44NS02LjM0YTE2LjUgMTYuNSAwIDAgMCA4LjIgMjUuNzEgMTYuNTIgMTYuNTIgMCAwIDAgMTQuNzYgMjAuNzJBMTYuNSAxNi41IDAgMCAwIDEwOSAxODQuOHYtNC4yYTU2LjAzIDU2LjAzIDAgMCAxLTMxLjgtNDUuNzRaTTE1NyAxODAuNjF2NC4yYTE2LjUgMTYuNSAwIDAgMCAxNy42OS05Ljg1IDE2LjUgMTYuNSAwIDAgMCAxNC43Ni0yMC43MSAxNi41IDE2LjUgMCAwIDAgOC4yLTI1LjcyYy0xLjc0IDMuMzQtNSA1Ljc2LTguODYgNi4zNEE1Ni4wMyA1Ni4wMyAwIDAgMSAxNTcgMTgwLjZaIiBmaWxsPSIjZThlMWUxIi8+PHBhdGggZmlsbC1ydWxlPSJldmVub2RkIiBjbGlwLXJ1bGU9ImV2ZW5vZGQiIGQ9Ik0xNzAuMTIgMjguMzZjLS40LjEyLS43Ny4yNy0xLjEzLjQ1LS4xNy0uNS0uMzgtMS0uNjItMS40OCAzLjcyLTMuNjMgNS4yNS05LjU0IDUuMjUtOS41NHMtMS4xNi4yLTMuMS42NGMtLjI3LjA0LTMuNzguNi04LjI0IDIuMzEtLjgtLjU4LTEuNTQtMS4wNC0yLjEtMS4zOC41Mi0yLjkzIDEuNjgtMTIuNTYtNC40Ni0xNi4xMS02LjEtMy41NC0xMy44IDIuMi0xNi4xMiA0LjE0bC0uNy0uNDJjLTMuMDctMS43Ny0xMC43Ny01LjM1LTE2LjA1LS4yMy01LjY0IDUuNDYtMi4zMSAxNC0xLjA0IDE2LjdsLS41NS41M2E3LjE0IDcuMTQgMCAwIDAtOC4xNy0xLjYzbC0yLjEzLjkzLTEuMzgtMS44OGE3LjI0IDcuMjQgMCAwIDAtOC4yOS0yLjU0Yy0yLjY5Ljk0LTQuNDkgMy4yLTQuOCA2LjA1bC0uMjYgMi4zMi0yLjMyLjI1YTcuMTIgNy4xMiAwIDAgMC02LjA1IDQuODEgNy4yMiA3LjIyIDAgMCAwIC44MyA2LjUzIDQuMiA0LjIgMCAwIDAtMi43NC4wNmMuMjctLjQuNDgtLjc3LjU5LTEuMTNhNS4yIDUuMiAwIDAgMC05Ljk1LTMuMDRjLS4xLjM2LS4xNS44LS4xNCAxLjI3LS4zLS4zOC0uNTktLjctLjktLjkxYTUuMiA1LjIgMCAwIDAtNS45NiA4LjUyYy4zLjIxLjcuMzggMS4xNi41My0uNDUuMTUtLjg0LjM0LTEuMTQuNTZhNS4xNyA1LjE3IDAgMCAwLTEuMDIgNy4yOSA1LjE2IDUuMTYgMCAwIDAgNy4yOCAxLjAyYy4zLS4yMi41OC0uNTUuODYtLjkzIDAgLjQ3LjA3LjkuMTkgMS4yNWE1LjIgNS4yIDAgMCAwIDkuODMtMy4zOSA0LjIzIDQuMjMgMCAwIDAtLjYyLTEuMWMuNDUuMTUuODguMjIgMS4yNS4yMmE1LjE4IDUuMTggMCAwIDAgMy4zNi0xLjMyIDcuMiA3LjIgMCAwIDAgMi4xMyA0LjQ0IDcuMTUgNy4xNSAwIDAgMCA4LjA2IDEuNTJsMi4xMy0uOTMgMS4zOCAxLjg4Yy4yOS4zOC42Ljc0Ljk0IDEuMDUtLjUyLjUxLTEuMDYgMS0xLjY0IDEuNDQtLjQ3LS4zLTEuMTItLjctMS45Mi0xLjA2YTExLjk4IDExLjk4IDAgMCAwLTEzLjI1IDEuODJDODQuNjIgNjEuNDYgODMgNjcuNyA4MyA2Ny43czcuMzcgNC4xNyAxNS4yNi40MmM1LjktMi44IDYuNTMtNy4yMiA2LjQ4LTkuMjYuNzgtLjY0IDEuNTQtMS4zMyAyLjI2LTIuMDdhNy4yNyA3LjI3IDAgMCAwIDUuNzIuMzYgNy4xMiA3LjEyIDAgMCAwIDQuOC02LjA1bC4yNi0yLjMyIDIuMzItLjI2YTcuMTEgNy4xMSAwIDAgMCA1LjMtMy4yNGMyLjU3LjMyIDQuOTcuMTMgNi4yLS4wMS45OSAxLjg4IDMuODIgNi43MSA3Ljg4IDkuMDZhOS4xIDkuMSAwIDAgMCA1LjA3IDEuMzNjNi45LS4zNiA5LjkyLTEwIDEwLjY3LTEyLjkyLjY0LS4wOSAxLjYtLjI0IDIuNzEtLjUxYTcuMzYgNy4zNiAwIDAgMCAuMTUgOC4yNSA3LjQgNy40IDAgMCAwIDUuOTMgMy4xNmMuNTMgMCAxLjE0LS4xIDEuNzgtLjMtLjQuNTUtLjcgMS4wNy0uODggMS41OGE3LjQgNy40IDAgMCAwIDEzLjY1IDUuNjVsLjM0LjYyYy0uNzEgMS40OC0zLjggOC45NiA1LjUzIDEyLjM2IDYuNzcgMi40NiAxMy40NS0xLjE1IDEzLjUtMS4xNyAwIDAtMi4wNy05LjQ4LTkuNDYtMTIuNTVhNy4zOCA3LjM4IDAgMCAwIDMuNy03LjUgNy4zNSA3LjM1IDAgMCAwLTIuODctNC44NyA2LjA1IDYuMDUgMCAwIDAtMS42Mi0uOGMuNjQtLjIxIDEuMjEtLjQ1IDEuNjUtLjc2YTcuNCA3LjQgMCAwIDAtOC41LTEyLjEyYy0uNDMuMy0uODUuNzYtMS4yNiAxLjMgMC0uNjgtLjA1LTEuMy0uMi0xLjgxYTcuMzUgNy4zNSAwIDAgMC0zLjYtNC4zNyA3LjM2IDcuMzYgMCAwIDAtNS42NS0uNTRabS00LjA4IDEwLjg0YTguMiA4LjIgMCAwIDAtLjczLS4yMmwuNC0uM2MuMS4xNy4yLjM0LjMzLjUyWm0xNC4zNSAyMC4wOC40OC4zM2MtLjM2LjE3LS42Ny4zNS0uOTMuNTItLjMzLS42LS42LTEuMTUtLjgtMS42NS4wMi0uMTcuMDMtLjM1LjAzLS41M2E2IDYgMCAwIDAgMS4yMiAxLjMzWk05Mi4yIDQyLjEybC0uMTItLjMyLjIuMTUtLjA4LjE3WiIgZmlsbD0iIzAwMCIgZmlsbC1vcGFjaXR5PSIuMiIvPjxwYXRoIGQ9Ik0xNzkuMDMgNTguOTRzLTQuOTggOC44MyA1LjQgMTIuNmM2LjggMi40OCAxMy41LTEuMTYgMTMuNS0xLjE2cy0yLjE2LTkuOS05Ljk3LTEyLjc1Yy02LjEtMi4yMi04LjkzIDEuMy04LjkzIDEuM1oiIGZpbGw9IiM1REQzNjIiLz48cGF0aCBkPSJNMTk3LjkzIDcwLjM4cy0yLjE2LTkuOS05Ljk3LTEyLjc1Yy00LjA3LTEuNDgtNi43LS4zOS04LjAyLjUtMS4zNi0yLjQtMS40Ny00LjE4LTEuNDUtNC4yNS4wMy0uMy0uMi0uNTMtLjQ2LS42My0uMDctLjAyLS4yLS4wNy0uMy0uMDMtLjM5LjAxLS42Ny4zNy0uNjYuNzUgMCAuMjMuMzUgNC41NCA0LjYzIDguODMgNi4wNSA2LjYgMTYuMjMgNy41OCAxNi4yMyA3LjU4WiIgZmlsbD0iIzQyQkM1MyIvPjxwYXRoIGZpbGwtcnVsZT0iZXZlbm9kZCIgY2xpcC1ydWxlPSJldmVub2RkIiBkPSJNMTY2LjIyIDI3YzUuMjgtMy4wNiA3LjQtMTEuMiA3LjQtMTEuMnMtNy4zOC00LjE4LTE1LjI2LS40M2MtNy44OSAzLjc0LTYuMzcgMTAuMzctNi4zNyAxMC4zN3M2LjYxIDUuNjUgMTQuMjMgMS4yNVoiIGZpbGw9IiM1REQzNjIiLz48cGF0aCBmaWxsLXJ1bGU9ImV2ZW5vZGQiIGNsaXAtcnVsZT0iZXZlbm9kZCIgZD0iTTE0OCAyOS40M2MuMDUuMDguMS4xNy4yNC4yLjQyLjM0IDEuMDkuMyAxLjQyLS4xMmEyMy42OCAyMy42OCAwIDAgMSAzLjI2LTMuMTVjMS45NyAxLjQxIDcuMzMgNC4xIDEzLjMuNjQgNS4yOC0zLjA2IDcuNC0xMS4yIDcuNC0xMS4ycy0xLjE2LjItMy4xLjYzYy0uNTQuMDctMTQuMzggMi4zLTIyLjM2IDExLjg3YS45Ni45NiAwIDAgMC0uMTYgMS4xM1oiIGZpbGw9IiM0MkJDNTMiLz48cGF0aCBmaWxsLXJ1bGU9ImV2ZW5vZGQiIGNsaXAtcnVsZT0iZXZlbm9kZCIgZD0iTTkwLjQgNTQuNUM4NS4xIDU3LjU1IDgzIDY1LjcgODMgNjUuN3M3LjM3IDQuMTcgMTUuMjYuNDJjNy44OC0zLjc0IDYuMzYtMTAuMzcgNi4zNi0xMC4zN3MtNi42LTUuNjUtMTQuMjMtMS4yNVoiIGZpbGw9IiM1REQzNjIiLz48cGF0aCBmaWxsLXJ1bGU9ImV2ZW5vZGQiIGNsaXAtcnVsZT0iZXZlbm9kZCIgZD0iTTEwOC42MSA1Mi4wNmMtLjA1LS4wOC0uMS0uMTctLjIzLS4yLS40Mi0uMzQtMS4xLS4zLTEuNDMuMTJhMjMuNiAyMy42IDAgMCAxLTMuMjYgMy4xNmMtMS45Ny0xLjQxLTcuMzItNC4xLTEzLjMtLjY0LTUuMjggMy4wNS03LjQgMTEuMi03LjQgMTEuMnMxLjE2LS4yIDMuMS0uNjRjLjU0LS4wNyAxNC4zOS0yLjMgMjIuMzctMTEuODcuMy0uMy4zNS0uOC4xNS0xLjE0WiIgZmlsbD0iIzQyQkM1MyIvPjxwYXRoIGQ9Ik02OC41OCA0OS45NmE1LjE3IDUuMTcgMCAwIDEgMS4wMi03LjI5Yy4zLS4yMi43LS40IDEuMTQtLjU2YTQuMjYgNC4yNiAwIDAgMS0xLjE2LS41MyA1LjIgNS4yIDAgMCAxIDUuOTYtOC41MmMuMzEuMjEuNi41My45LjkxIDAtLjQ3LjAzLS45LjE0LTEuMjdhNS4xNiA1LjE2IDAgMCAxIDYuNS0zLjQ1IDUuMiA1LjIgMCAwIDEgMy40NSA2LjVjLS4xMS4zNS0uMzIuNzMtLjU5IDEuMTIuNDUtLjE1Ljg3LS4yNCAxLjI1LS4yNWE1LjIgNS4yIDAgMCAxIC4xOCAxMC40Yy0uMzcgMC0uOC0uMDctMS4yNS0uMi4yOC4zNy41Ljc0LjYyIDEuMWE1LjIgNS4yIDAgMSAxLTkuODMgMy4zOCA0LjIzIDQuMjMgMCAwIDEtLjItMS4yNWMtLjI3LjM4LS41NS43LS44NS45M2E1LjE3IDUuMTcgMCAwIDEtNy4yOC0xLjAyWiIgZmlsbD0iIzRBQ0FEMyIvPjxwYXRoIGZpbGwtcnVsZT0iZXZlbm9kZCIgY2xpcC1ydWxlPSJldmVub2RkIiBkPSJNODEuODIgMzcuNjRhMS40NCAxLjQ0IDAgMSAwLTIuNzYtLjg0Yy0uMjMuNzYuMjMgNC4xOC4yMyA0LjE4czIuMy0yLjU4IDIuNTMtMy4zNFptMi4yNCA1LjhhMS40NCAxLjQ0IDAgMSAwLS4wNS0yLjljLS44LjAyLTMuOSAxLjUyLTMuOSAxLjUyczMuMTYgMS40IDMuOTUgMS4zOFptLTYuMDUtMi4wMnMtMS43NC0yLjk4LTIuNC0zLjQ0YTEuNDQgMS40NCAwIDEgMC0xLjY1IDIuMzdjLjY1LjQ1IDQuMDUgMS4wNyA0LjA1IDEuMDdabTMuMDcgNi44NGExLjQ0IDEuNDQgMCAwIDAgLjktMS44NGMtLjI2LS43NS0yLjY1LTMuMjUtMi42NS0zLjI1cy0uMzUgMy40NC0uMDkgNC4yYTEuNDQgMS40NCAwIDAgMCAxLjg0Ljg5Wm0tNS4zMi0xLjk2Yy42NC0uNDggMi4yNy0zLjUyIDIuMjctMy41MnMtMy4zNy43My00IDEuMmExLjQ0IDEuNDQgMCAxIDAgMS43MyAyLjMyWiIgZmlsbD0iI2ZmZiIvPjxwYXRoIGQ9Im0xMTcuNTMgNDkuMS4yNS0yLjMyIDIuMzItLjI2YTcuMTIgNy4xMiAwIDAgMCA2LjA1LTQuOCA3LjIzIDcuMjMgMCAwIDAtMi41NS04LjI5bC0xLjg3LTEuMzguOTMtMi4xM2MxLjIzLTIuOC42NS01LjktMS41Mi04LjA2YTcuMTQgNy4xNCAwIDAgMC04LjA2LTEuNTJsLTIuMTMuOTMtMS4zOC0xLjg4YTcuMjQgNy4yNCAwIDAgMC04LjI5LTIuNTRjLTIuNjkuOTQtNC40OSAzLjItNC44IDYuMDVsLS4yNiAyLjMyLTIuMzIuMjVhNy4xMiA3LjEyIDAgMCAwLTYuMDUgNC44MSA3LjIgNy4yIDAgMCAwIDEuNjcgNy41M2MuMjcuMjcuNTYuNTIuODcuNzZsMS44OCAxLjM4LS45MyAyLjEzYTcuMTUgNy4xNSAwIDAgMCAxLjUyIDguMDYgNy4xNSA3LjE1IDAgMCAwIDguMDYgMS41MmwyLjEzLS45MyAxLjM4IDEuODhhNy4yMyA3LjIzIDAgMCAwIDguMjkgMi41NCA3LjEyIDcuMTIgMCAwIDAgNC44LTYuMDVaIiBmaWxsPSIjRkRCNTk5Ii8+PHBhdGggZmlsbC1ydWxlPSJldmVub2RkIiBjbGlwLXJ1bGU9ImV2ZW5vZGQiIGQ9Ik0xMDkuODggNDEuMmExLjQ0IDEuNDQgMCAxIDEtMi43OC43NGMtLjItLjc3LS4xLTUuOTQtLjEtNS45NHMtMi41IDQuNTMtMy4wNiA1LjFhMS40NCAxLjQ0IDAgMCAxLTIuMDMtMi4wNWMuNTYtLjU2IDUuMS0zLjA1IDUuMS0zLjA1cy01LjE3LjEtNS45NC0uMWExLjQ0IDEuNDQgMCAwIDEgLjc1LTIuNzhjLjc3LjIgNS4xOSAyLjg4IDUuMTkgMi44OHMtMi42OC00LjQyLTIuODgtNS4yYTEuNDQgMS40NCAwIDEgMSAyLjc4LS43NGMuMi43Ny4xIDUuOTQuMSA1Ljk0czIuNS00LjUzIDMuMDUtNS4xYTEuNDQgMS40NCAwIDAgMSAyLjA0IDIuMDVjLS41Ni41Ni01LjEgMy4wNS01LjEgMy4wNXM1LjE3LS4xIDUuOTQuMWExLjQ0IDEuNDQgMCAxIDEtLjc1IDIuNzhDMTExLjQyIDM4LjY4IDEwNyAzNiAxMDcgMzZzMi42NyA0LjQyIDIuODggNS4yWiIgZmlsbD0iI2ZmZiIvPjxwYXRoIGQ9Ik0xOTAuNzYgNTUuODJhNy4zNiA3LjM2IDAgMCAwLTEuNDYtMTAuMzYgNi4wNiA2LjA2IDAgMCAwLTEuNjItLjhjLjY0LS4yMSAxLjIxLS40NSAxLjY1LS43NmE3LjQgNy40IDAgMCAwLTguNS0xMi4xMmMtLjQzLjMtLjg1Ljc1LTEuMjYgMS4zIDAtLjY4LS4wNS0xLjMtLjItMS44MWE3LjM1IDcuMzUgMCAwIDAtMy42LTQuMzcgNy40IDcuNCAwIDAgMC0xMC41NSA4LjdjLjE1LjUuNDQgMS4wNC44MiAxLjZhNiA2IDAgMCAwLTEuNzctLjM2IDcuNCA3LjQgMCAwIDAtLjI2IDE0LjhjLjUzIDAgMS4xNC0uMSAxLjc4LS4zLS40LjU1LS43IDEuMDctLjg4IDEuNThhNy40IDcuNCAwIDAgMCAxNCA0LjgxIDYgNiAwIDAgMCAuMjYtMS43OGMuNC41NS44IDEgMS4yMiAxLjMzYTcuMzUgNy4zNSAwIDAgMCA1LjQ5IDEuNDIgNy4zNSA3LjM1IDAgMCAwIDQuODgtMi44OFoiIGZpbGw9IiNGN0QzMEMiLz48cGF0aCBmaWxsLXJ1bGU9ImV2ZW5vZGQiIGNsaXAtcnVsZT0iZXZlbm9kZCIgZD0iTTE3MS45IDM4LjNhMi4wNSAyLjA1IDAgMSAxIDMuOTQtMS4yYy4zMyAxLjA4LS4zMyA1Ljk0LS4zMyA1Ljk0cy0zLjI3LTMuNjYtMy42LTQuNzRabS0zLjE4IDguMjVhMi4wNiAyLjA2IDAgMSAxIC4wNy00LjExYzEuMTMuMDIgNS41NiAyLjE1IDUuNTYgMi4xNXMtNC41IDEuOTctNS42MyAxLjk2Wm04LjYyLTIuODhzMi40Ny00LjI0IDMuNC00Ljg5YTIuMDYgMi4wNiAwIDEgMSAyLjM2IDMuMzdjLS45My42NS01Ljc2IDEuNTItNS43NiAxLjUyWm0tNC4zOCA5LjczYTIuMDYgMi4wNiAwIDAgMS0xLjI3LTIuNmMuMzctMS4wOCAzLjc2LTQuNjMgMy43Ni00LjYzcy41IDQuODkuMTMgNS45NmEyLjA2IDIuMDYgMCAwIDEtMi42MiAxLjI3Wm03LjU3LTIuNzljLS45LS42OC0zLjIzLTUtMy4yMy01czQuOCAxLjA0IDUuNyAxLjcyYTIuMDYgMi4wNiAwIDEgMS0yLjQ3IDMuMjhaIiBmaWxsPSIjZmZmIi8+PHBhdGggZD0iTTE2OS4xNCAzMS41NWMxLjgyLTYuOTktNi0xMi40Mi04Ljk1LTE0LjE5LjUtMi45MyAxLjY3LTEyLjU2LTQuNDctMTYuMTEtNi4xLTMuNTQtMTMuOCAyLjItMTYuMTIgNC4xNGwtLjctLjQyYy0zLjA3LTEuNzctMTAuNzctNS4zNS0xNi4wNS0uMjMtNS42NCA1LjQ2LTIuMzEgMTQtMS4wNCAxNi43LTIuMTUgMi04LjM4IDguNTktNS44MSAxNS41OGE4LjU1IDguNTUgMCAwIDAgMy44OCA0LjU0YzQuMDMgMi4zNCA5LjYgMS45NiAxMS43MiAxLjcgMSAxLjg5IDMuODMgNi43MiA3Ljg5IDkuMDdhOS4xIDkuMSAwIDAgMCA1LjA3IDEuMzNjNi45LS4zNiA5LjkyLTEwIDEwLjY3LTEyLjkyIDIuODYtLjQgMTIuMDktMi4yIDEzLjkyLTkuMloiIGZpbGw9IiNGRjczOTgiLz48cGF0aCBmaWxsLXJ1bGU9ImV2ZW5vZGQiIGNsaXAtcnVsZT0iZXZlbm9kZCIgZD0iTTE0Mi43NiAyNS42czMuNjkgOC4yLjM2IDguNzFjLTMuMzQuNTItMS40Ni04LjU5LTEuNDYtOC41OXMtNy4xMSA2LTguMTUgMy4wM2MtMS4wNC0yLjk4IDcuNy00LjA1IDcuNy00LjA1cy03Ljk4LTQuNy01LjM4LTYuODNjMi41OS0yLjE1IDYuMjEgNi4wOSA2LjIxIDYuMDlzMS45NC04LjkyIDQuODItNy4yNmMyLjg4IDEuNjctMy44NiA3LjgyLTMuODYgNy44MnM4Ljg4LTEgOC4zNyAyLjM1Yy0uNSAzLjM0LTguNi0xLjI3LTguNi0xLjI3WiIgZmlsbD0iI2ZmZiIvPjxyZWN0IHg9IjE5MSIgeT0iMTI5IiB3aWR0aD0iMiIgaGVpZ2h0PSIzOSIgcng9IjEiIGZpbGw9IiNFNkU2RTYiLz48cGF0aCBkPSJNMjAyIDE2NmgtOS40M2w2LjQzLTE3aC0xMWwtNiAyMWg4LjY0TDE4NiAxODlsMTYtMjNaIiBmaWxsPSIjOTE3N0ZGIi8+PC9nPjxnIHRyYW5zZm9ybT0idHJhbnNsYXRlKDQ5IDcyKSI+PC9nPjxnIHRyYW5zZm9ybT0idHJhbnNsYXRlKDYyIDQyKSI+PC9nPjwvZz48L2c+PC9zdmc+', '{"personal":{"isChild":false,"sex":"Feminino","gender":"Mulher cisgênero","rg":"21.534.949-8","maritalStatus":"Viúvo(a)","profession":"Contador","company":"Órgão público","education":"Superior completo","address":"Rua Silva, 861","city":"Fortaleza","state":"CE","zip":"98456-678"},"clinical":{"complaint":"Sintomas depressivos e desânimo","goals":"Reorganizar a rotina e o autocuidado","suffering":"Leve","history":"Encaminhado(a) pelo clínico geral devido a queixas somáticas.","priorDiagnoses":"Nenhum","priorTreatments":"Nenhum","psychiatric":"Não","referrals":"—"},"health":{"depression":false,"anxiety":false,"tdah":false,"tag":false,"bipolar":false,"medications":"—","diseases":"—","surgeries":"—","hospitalizations":"Não","familyHistory":"Sem histórico relevante"},"lifestyle":{"sleep":"Irregular","diet":"Equilibrada","sports":"Sedentário","gym":"Não","alcohol":"Social","smoking":"Ex-fumante","drugs":"Não","religion":"Budista","spirituality":"Moderada"},"financial":{"situation":"Instável","income":"4 a 8 salários","work":"CLT","ownHome":"Sim","rent":"Não","withFamily":"Sim","debt":"Não","car":"Sim","motorcycle":"Não"},"interests":{"hobbies":"Culinária","music":"Sertanejo","movies":"Comédia","books":"Ficção e autoajuda","games":"—","tech":"Alto","social":"WhatsApp"},"personality":{"introvert":false,"extrovert":false,"communicative":true,"reserved":false,"organized":false,"creative":true,"impulsive":false,"notes":"Tende a evitar conflitos."},"relationships":{"family":"Muito próxima","friends":"Rede sólida","romantic":"Estável","work":"Boa"}}', NULL, 1777388290248);
INSERT INTO sessions (id, clinic_id, patient_id, psychologist_id, occurred_at, duration_min, mood, emotional_scale, topics, objectives, techniques, evolution, next_steps, free_notes, created_at) VALUES ('c94f65b3-f619-4e03-a731-ba961b90c4ea', '00a53c0f-7baa-45b4-bea5-3159ed4e83ad', 'c93468b3-fe49-4a1e-87b3-af13d900c0ba', '1c2b3e6a-6d97-4ad5-9167-ccafd03a8006', 1780930690248, 45, 'Motivado(a)', 4, '["ansiedade","estudos","finanças"]', 'Reduzir a frequência das crises de ansiedade', 'Ativação comportamental', 'Apresentou resistência inicial, mas engajou-se ao final da sessão.', 'Retomar atividade física gradualmente.', 'Sessão produtiva. Manter plano terapêutico.', 1780930690248);
INSERT INTO sessions (id, clinic_id, patient_id, psychologist_id, occurred_at, duration_min, mood, emotional_scale, topics, objectives, techniques, evolution, next_steps, free_notes, created_at) VALUES ('994675cd-74ee-4a8d-ae37-75a1d428fa12', '00a53c0f-7baa-45b4-bea5-3159ed4e83ad', 'c93468b3-fe49-4a1e-87b3-af13d900c0ba', '1c2b3e6a-6d97-4ad5-9167-ccafd03a8006', 1781535490248, 60, 'Deprimido(a)', 5, '["ansiedade","sono","trabalho"]', 'Elaborar o processo de luto', 'Psicoeducação', 'Semana difícil, com aumento da sintomatologia ansiosa.', 'Manter diário do sono.', NULL, 1781535490248);
INSERT INTO sessions (id, clinic_id, patient_id, psychologist_id, occurred_at, duration_min, mood, emotional_scale, topics, objectives, techniques, evolution, next_steps, free_notes, created_at) VALUES ('ac52f8c0-44cb-49cd-8c6e-1902c8a30653', '00a53c0f-7baa-45b4-bea5-3159ed4e83ad', 'c93468b3-fe49-4a1e-87b3-af13d900c0ba', '1c2b3e6a-6d97-4ad5-9167-ccafd03a8006', 1782226690248, 50, 'Ansioso(a)', 3, '["família","trabalho","relacionamento","saúde"]', 'Reorganizar a rotina e o autocuidado', 'Técnicas de mindfulness', 'Semana difícil, com aumento da sintomatologia ansiosa.', 'Trabalhar limites nos relacionamentos.', NULL, 1782226690248);
INSERT INTO sessions (id, clinic_id, patient_id, psychologist_id, occurred_at, duration_min, mood, emotional_scale, topics, objectives, techniques, evolution, next_steps, free_notes, created_at) VALUES ('28885d26-d57a-46ef-9242-097b52ad69f4', '00a53c0f-7baa-45b4-bea5-3159ed4e83ad', 'c93468b3-fe49-4a1e-87b3-af13d900c0ba', '1c2b3e6a-6d97-4ad5-9167-ccafd03a8006', 1782917890248, 50, 'Angustiado(a)', 7, '["ansiedade","saúde","autoestima"]', 'Melhorar a qualidade do sono', 'Exposição gradual', 'Percebe-se maior consciência emocional e vocabulário afetivo.', 'Praticar respiração diafragmática 2x ao dia.', NULL, 1782917890248);
INSERT INTO timeline_events (id, clinic_id, patient_id, session_id, title, description, event_date, category, status, source, created_at) VALUES ('705d6b3e-6c3d-4d98-b1c4-9e1dbf4d96cd', '00a53c0f-7baa-45b4-bea5-3159ed4e83ad', 'c93468b3-fe49-4a1e-87b3-af13d900c0ba', NULL, 'Início do acompanhamento', 'Trouxe avanços na aplicação das técnicas no dia a dia.', 1768834690248, 'clínico', 'confirmed', 'manual', 1771772290248);
INSERT INTO timeline_events (id, clinic_id, patient_id, session_id, title, description, event_date, category, status, source, created_at) VALUES ('3bd7f1cc-6629-4fd8-b000-1a227ac28138', '00a53c0f-7baa-45b4-bea5-3159ed4e83ad', 'c93468b3-fe49-4a1e-87b3-af13d900c0ba', '28885d26-d57a-46ef-9242-097b52ad69f4', 'Início do acompanhamento', 'Semana difícil, com aumento da sintomatologia ansiosa.', 1777561090248, 'clínico', 'confirmed', 'manual', 1767970690248);
INSERT INTO timeline_events (id, clinic_id, patient_id, session_id, title, description, event_date, category, status, source, created_at) VALUES ('af7b38c9-5938-4b43-b779-e38ef2fc6425', '00a53c0f-7baa-45b4-bea5-3159ed4e83ad', 'c93468b3-fe49-4a1e-87b3-af13d900c0ba', NULL, 'Início do acompanhamento', 'Paciente demonstrou boa adesão às tarefas propostas.', 1769439490248, 'família', 'suggested', 'manual', 1775487490248);
INSERT INTO ai_summaries (id, clinic_id, patient_id, appointment_id, content, suggested_questions, model, status, approved_content, approved_by, approved_at, created_at) VALUES ('ce859d12-a743-4534-9d4c-e47c508e0ceb', '00a53c0f-7baa-45b4-bea5-3159ed4e83ad', 'c93468b3-fe49-4a1e-87b3-af13d900c0ba', NULL, 'Paciente em acompanhamento por transtorno alimentar. Ao longo das sessões observa-se evolução gradual, com melhor manejo emocional e boa adesão às técnicas propostas. Recomenda-se manter o plano terapêutico atual.', '["Como você tem dormido esta semana?","O que funcionou melhor entre as estratégias que combinamos?","Houve algum gatilho importante desde a última sessão?"]', 'vinculo-ai', 'approved', NULL, NULL, NULL, 1783004290248);
INSERT INTO ai_alerts (id, clinic_id, patient_id, type, severity, message, status, created_at) VALUES ('e6e5a469-d58a-4ec1-8144-b3b499c28739', '00a53c0f-7baa-45b4-bea5-3159ed4e83ad', 'c93468b3-fe49-4a1e-87b3-af13d900c0ba', 'engagement', 'low', 'Queda no engajamento com as tarefas terapêuticas.', 'reviewed', 1781449090248);
INSERT INTO appointments (id, clinic_id, patient_id, psychologist_id, starts_at, ends_at, status, created_at) VALUES ('36d78b82-e31d-479c-b2c9-c639ee0de1c0', '00a53c0f-7baa-45b4-bea5-3159ed4e83ad', 'c93468b3-fe49-4a1e-87b3-af13d900c0ba', '1c2b3e6a-6d97-4ad5-9167-ccafd03a8006', 1782313090248, 1782316090248, 'done', 1781794690248);
INSERT INTO appointments (id, clinic_id, patient_id, psychologist_id, starts_at, ends_at, status, created_at) VALUES ('6cb2a3c4-d020-4d41-994a-ea2349de55aa', '00a53c0f-7baa-45b4-bea5-3159ed4e83ad', 'c93468b3-fe49-4a1e-87b3-af13d900c0ba', '1c2b3e6a-6d97-4ad5-9167-ccafd03a8006', 1782917890248, 1782920890248, 'canceled', 1782485890248);
INSERT INTO appointments (id, clinic_id, patient_id, psychologist_id, starts_at, ends_at, status, created_at) VALUES ('4a751afb-3f4e-4530-9df5-f456dca4bb36', '00a53c0f-7baa-45b4-bea5-3159ed4e83ad', 'c93468b3-fe49-4a1e-87b3-af13d900c0ba', '1c2b3e6a-6d97-4ad5-9167-ccafd03a8006', 1784645890248, 1783698490248, 'scheduled', 1783349890248);
INSERT INTO consents (id, clinic_id, patient_id, type, version, granted_at, ip, revoked_at, created_at) VALUES ('8501d157-a1cc-4624-bdda-bf4b0f54d76f', '00a53c0f-7baa-45b4-bea5-3159ed4e83ad', 'c93468b3-fe49-4a1e-87b3-af13d900c0ba', 'general', '1.0', 1777388290248, '189.217.52.39', NULL, 1777388290248);
INSERT INTO consents (id, clinic_id, patient_id, type, version, granted_at, ip, revoked_at, created_at) VALUES ('2f9b0d9e-d714-4eb2-9c3b-99ee33cfeab7', '00a53c0f-7baa-45b4-bea5-3159ed4e83ad', 'c93468b3-fe49-4a1e-87b3-af13d900c0ba', 'ai', '1.0', 1777388290248, '189.16.4.251', NULL, 1777388290248);
INSERT INTO consents (id, clinic_id, patient_id, type, version, granted_at, ip, revoked_at, created_at) VALUES ('a740a2ae-c2e1-42ce-b403-c485583e4b06', '00a53c0f-7baa-45b4-bea5-3159ed4e83ad', 'c93468b3-fe49-4a1e-87b3-af13d900c0ba', 'recording', '1.0', 1777388290248, NULL, NULL, 1777388290248);
INSERT INTO patients (id, clinic_id, psychologist_id, full_name, social_name, cpf, email, phone, whatsapp, birth_date, status, photo, profile, deleted_at, created_at) VALUES ('00ce89a7-51b7-4f30-90b3-80a1a24bb2e4', '00a53c0f-7baa-45b4-bea5-3159ed4e83ad', '3385bafd-2b52-4729-809f-54d2043545f2', 'Otávio Ribeiro Silva', 'Otávio', '990.227.598-67', 'otávio.18@email.com', '(89) 95349-5265', '(13) 96249-3318', 920905090248, 'active', 'data:image/svg+xml;base64,PHN2ZyB4bWxucz0iaHR0cDovL3d3dy53My5vcmcvMjAwMC9zdmciIHZpZXdCb3g9IjAgMCAyODAgMjgwIiBmaWxsPSJub25lIiBzaGFwZS1yZW5kZXJpbmc9ImF1dG8iPjxtZXRhZGF0YSB4bWxuczpyZGY9Imh0dHA6Ly93d3cudzMub3JnLzE5OTkvMDIvMjItcmRmLXN5bnRheC1ucyMiIHhtbG5zOnhzaT0iaHR0cDovL3d3dy53My5vcmcvMjAwMS9YTUxTY2hlbWEtaW5zdGFuY2UiIHhtbG5zOmRjPSJodHRwOi8vcHVybC5vcmcvZGMvZWxlbWVudHMvMS4xLyIgeG1sbnM6ZGN0ZXJtcz0iaHR0cDovL3B1cmwub3JnL2RjL3Rlcm1zLyI+PHJkZjpSREY+PHJkZjpEZXNjcmlwdGlvbj48ZGM6dGl0bGU+QXZhdGFhYXJzPC9kYzp0aXRsZT48ZGM6Y3JlYXRvcj5QYWJsbyBTdGFubGV5PC9kYzpjcmVhdG9yPjxkYzpzb3VyY2UgeHNpOnR5cGU9ImRjdGVybXM6VVJJIj5odHRwczovL2F2YXRhYWFycy5jb20vPC9kYzpzb3VyY2U+PGRjdGVybXM6bGljZW5zZSB4c2k6dHlwZT0iZGN0ZXJtczpVUkkiPmh0dHBzOi8vYXZhdGFhYXJzLmNvbS88L2RjdGVybXM6bGljZW5zZT48ZGM6cmlnaHRzPlJlbWl4IG9mIOKAnkF2YXRhYWFyc+KAnSAoaHR0cHM6Ly9hdmF0YWFhcnMuY29tLykgYnkg4oCeUGFibG8gU3RhbmxleeKAnSwgbGljZW5zZWQgdW5kZXIg4oCeRnJlZSBmb3IgcGVyc29uYWwgYW5kIGNvbW1lcmNpYWwgdXNl4oCdIChodHRwczovL2F2YXRhYWFycy5jb20vKTwvZGM6cmlnaHRzPjwvcmRmOkRlc2NyaXB0aW9uPjwvcmRmOlJERj48L21ldGFkYXRhPjxtYXNrIGlkPSJ2aWV3Ym94TWFzayI+PHJlY3Qgd2lkdGg9IjI4MCIgaGVpZ2h0PSIyODAiIHJ4PSIxNDAiIHJ5PSIxNDAiIHg9IjAiIHk9IjAiIGZpbGw9IiNmZmYiIC8+PC9tYXNrPjxnIG1hc2s9InVybCgjdmlld2JveE1hc2spIj48cmVjdCBmaWxsPSIjYjZlM2Y0IiB3aWR0aD0iMjgwIiBoZWlnaHQ9IjI4MCIgeD0iMCIgeT0iMCIgLz48ZyB0cmFuc2Zvcm09InRyYW5zbGF0ZSg4KSI+PHBhdGggZD0iTTEzMiAzNmE1NiA1NiAwIDAgMC01NiA1NnY2LjE3QTEyIDEyIDAgMCAwIDY2IDExMHYxNGExMiAxMiAwIDAgMCAxMC4zIDExLjg4IDU2LjA0IDU2LjA0IDAgMCAwIDMxLjcgNDQuNzN2MTguNGgtNGE3MiA3MiAwIDAgMC03MiA3MnY5aDIwMHYtOWE3MiA3MiAwIDAgMC03Mi03MmgtNHYtMTguMzlhNTYuMDQgNTYuMDQgMCAwIDAgMzEuNy00NC43M0ExMiAxMiAwIDAgMCAxOTggMTI0di0xNGExMiAxMiAwIDAgMC0xMC0xMS44M1Y5MmE1NiA1NiAwIDAgMC01Ni01NloiIGZpbGw9IiNhZTVkMjkiLz48cGF0aCBkPSJNMTA4IDE4MC42MXY4YTU1Ljc5IDU1Ljc5IDAgMCAwIDI0IDUuMzljOC41OSAwIDE2LjczLTEuOTMgMjQtNS4zOXYtOGE1NS43OSA1NS43OSAwIDAgMS0yNCA1LjM5IDU1Ljc5IDU1Ljc5IDAgMCAxLTI0LTUuMzlaIiBmaWxsPSIjMDAwIiBmaWxsLW9wYWNpdHk9Ii4xIi8+PGcgdHJhbnNmb3JtPSJ0cmFuc2xhdGUoMCAxNzApIj48cGF0aCBkPSJNMTAwLjM3IDI5LjE0YTI3LjYgMjcuNiAwIDAgMSA3LjYzLTcuNTd2MTUuM2MwIDUuODMgMy45OCAxMC45OCAxMC4wOCAxNC4xM2wtLjA4LjA2LjkgMi44NmMzLjg5IDIgOC4zNSAzLjEzIDEzLjEgMy4xM3M5LjIxLTEuMTMgMTMuMS0zLjEzbC45LTIuODYtLjA4LS4wNmM2LjEtMy4xNSAxMC4wOC04LjMgMTAuMDgtMTQuMTJ2LTE0LjZhMjcuMSAyNy4xIDAgMCAxIDYuNiA2LjgyIDcyIDcyIDAgMCAxIDY5LjQgNzEuOTVWMTEwSDMydi04Ljk1YTcyIDcyIDAgMCAxIDY4LjM3LTcxLjlaIiBmaWxsPSIjZmZmZmIxIi8+PHBhdGggZD0iTTEwOCAyMS41N2MtNi43NyA0LjYtMTEgMTEuMTctMTEgMTguNDYgMCA3LjQgNC4zNiAxNC4wNSAxMS4zIDE4LjY2bDYuMTItNC44MSA0LjU4LjMzLTEtMy4xNS4wOC0uMDZjLTYuMS0zLjE1LTEwLjA4LTguMy0xMC4wOC0xNC4xMnYtMTUuM1pNMTU2IDM2Ljg4YzAgNS44Mi0zLjk4IDEwLjk3LTEwLjA4IDE0LjEybC4wOC4wNi0xIDMuMTUgNC41OC0uMzMgNS42NSA0LjQ1YzYuNjMtNC42IDEwLjc3LTExLjEgMTAuNzctMTguMyAwLTYuOTItMy44Mi0xMy4yLTEwLTE3Ljc1djE0LjZaIiBmaWxsPSIjZmZmIiBmaWxsLW9wYWNpdHk9Ii43NSIvPjwvZz48ZyB0cmFuc2Zvcm09InRyYW5zbGF0ZSg3OCAxMzQpIj48cGF0aCBmaWxsLXJ1bGU9ImV2ZW5vZGQiIGNsaXAtcnVsZT0iZXZlbm9kZCIgZD0iTTQwIDE1YTE0IDE0IDAgMSAwIDI4IDAiIGZpbGw9IiMwMDAiIGZpbGwtb3BhY2l0eT0iLjciLz48L2c+PGcgdHJhbnNmb3JtPSJ0cmFuc2xhdGUoMTA0IDEyMikiPjxwYXRoIGZpbGwtcnVsZT0iZXZlbm9kZCIgY2xpcC1ydWxlPSJldmVub2RkIiBkPSJNMTYgOGMwIDQuNDIgNS4zNyA4IDEyIDhzMTItMy41OCAxMi04IiBmaWxsPSIjMDAwIiBmaWxsLW9wYWNpdHk9Ii4xNiIvPjwvZz48ZyB0cmFuc2Zvcm09InRyYW5zbGF0ZSg3NiA5MCkiPjxwYXRoIGQ9Ik0xNi4xNiAyNy41NWMxLjg1IDMuOCA2IDYuNDUgMTAuODQgNi40NSA0LjgxIDAgOC45Ni0yLjYzIDEwLjgyLTYuNC41NS0xLjEzLS4yNC0yLjA1LTEuMDMtMS4zN2ExNS4wNSAxNS4wNSAwIDAgMS05LjggMy40M2MtMy43MyAwLTcuMTItMS4yNC05LjU1LTMuMjMtLjktLjczLTEuODIuMDEtMS4yOCAxLjEyWk03NC4xNiAyNy41NWMxLjg1IDMuOCA2IDYuNDUgMTAuODQgNi40NSA0LjgxIDAgOC45Ni0yLjYzIDEwLjgyLTYuNC41NS0xLjEzLS4yNC0yLjA1LTEuMDMtMS4zN2ExNS4wNSAxNS4wNSAwIDAgMS05LjggMy40M2MtMy43NCAwLTcuMTMtMS4yNC05LjU2LTMuMjMtLjktLjczLTEuODIuMDEtMS4yOCAxLjEyWiIgZmlsbC1ydWxlPSJldmVub2RkIiBjbGlwLXJ1bGU9ImV2ZW5vZGQiIGZpbGw9IiMwMDAiIGZpbGwtb3BhY2l0eT0iLjYiLz48L2c+PGcgdHJhbnNmb3JtPSJ0cmFuc2xhdGUoNzYgODIpIj48cGF0aCBkPSJtMjIuNzcgMS41OC45LS40QzI4LjkzLS45MSAzNi44OC0uMDMgNDEuNzMgMi4zYy41Ny4yNy4xOCAxLjE1LS40IDEuMS0xNC45Mi0xLjE0LTI0Ljk2IDguMTUtMjguMzcgMTQuNDUtLjEuMTgtLjQxLjItLjQ5LjAzLTIuMy01LjMyIDQuNDUtMTMuOTggMTAuMy0xNi4zWk04NyAxMi4wN2M1Ljc1Ljc3IDE0Ljc0IDUuOCAxMy45OSAxMS42LS4wMy4yLS4zMS4yNi0uNDQuMS0yLjQ5LTMuMi0yMS43MS03Ljg3LTI4LjcxLTYuOS0uNjQuMS0xLjA3LS41Ny0uNjMtLjk4IDMuNzUtMy41NCAxMC42Mi00LjUyIDE1Ljc4LTMuODJaIiBmaWxsLXJ1bGU9ImV2ZW5vZGQiIGNsaXAtcnVsZT0iZXZlbm9kZCIgZmlsbD0iIzAwMCIgZmlsbC1vcGFjaXR5PSIuNiIvPjwvZz48ZyB0cmFuc2Zvcm09InRyYW5zbGF0ZSgtMSkiPjxwYXRoIGZpbGwtcnVsZT0iZXZlbm9kZCIgY2xpcC1ydWxlPSJldmVub2RkIiBkPSJNNjkuMDMgNzYuMjFDODEuOTcgNDMuMTMgOTUuNjUgMjYuNiAxMTAuMDYgMjYuNmMuNTQgMCAyOS4yNS0uMjQgNDguMDUtLjM2QzE3OC43NyAzNS41OSAxOTMgNTUuMyAxOTMgNzguMVY5M2gtODIuOTRsLTIuOC0yMy4xOEwxMDMuMzYgOTNINjlWNzguMTFjMC0uNjMuMDEtMS4yNy4wMy0xLjlaIiBmaWxsPSIjMDAwIiBmaWxsLW9wYWNpdHk9Ii4xNiIvPjxwYXRoIGQ9Ik00MCAxNDVjLS4wOS0xOC45OCAzMC4zMi05Ny4yIDQxLTExMCA3LjkyLTkuNSAyNy43LTE1LjQ1IDUyLTE1IDI0LjMuNDUgNDQuODYgMy44MSA1MyAxNCAxMi4zMiAxNS40MyA0MC4wOSA5Mi4wMiA0MCAxMTEtLjEgMjEuMjctOS42MiAzMy41OS0xOC42IDQ1LjIyQTI5My4xIDI5My4xIDAgMCAwIDIwMyAxOTZjLTEwLjI4LTIuNjYtMjcuODUtNS4xOC00Ni02LjY4di04LjdBNTYgNTYgMCAwIDAgMTg5IDEzMFY5MmMwLTEuMzQtLjA1LTIuNjgtLjE0LTRoLTc2LjhsLTIuOC0yMS40NEwxMDUuMzYgODhINzcuMTRjLS4xIDEuMzItLjE0IDIuNjYtLjE0IDR2MzhhNTYgNTYgMCAwIDAgMzIgNTAuNjF2OC43Yy0xOC4xNSAxLjUtMzUuNzIgNC4wMy00NiA2LjY5LTEuNDItMS45My0yLjktMy44NC00LjM5LTUuNzhDNDkuNjIgMTc4LjYgNDAuMSAxNjYuMjcgNDAgMTQ1WiIgZmlsbD0iIzRhMzEyYyIvPjwvZz48ZyB0cmFuc2Zvcm09InRyYW5zbGF0ZSg0OSA3MikiPjwvZz48ZyB0cmFuc2Zvcm09InRyYW5zbGF0ZSg2MiA0MikiPjwvZz48L2c+PC9nPjwvc3ZnPg==', '{"personal":{"isChild":false,"sex":"Masculino","gender":"Homem cisgênero","rg":"53.104.411-1","maritalStatus":"Casado(a)","profession":"Analista de sistemas","company":"Empresa privada","education":"Superior incompleto","address":"Rua Nunes, 130","city":"Goiânia","state":"GO","zip":"45697-878"},"clinical":{"complaint":"Transtorno alimentar","goals":"Reduzir a frequência das crises de ansiedade","suffering":"Moderado","history":"Histórico familiar de transtornos de humor. Acompanhamento psiquiátrico em paralelo.","priorDiagnoses":"Transtorno de ansiedade generalizada","priorTreatments":"Psicoterapia anterior","psychiatric":"Em acompanhamento psiquiátrico","referrals":"—"},"health":{"depression":false,"anxiety":true,"tdah":false,"tag":false,"bipolar":false,"medications":"Clonazepam (SOS)","diseases":"—","surgeries":"—","hospitalizations":"Não","familyHistory":"Histórico familiar de depressão/ansiedade"},"lifestyle":{"sleep":"Sono não reparador","diet":"Irregular","sports":"Corrida","gym":"Não","alcohol":"Social","smoking":"Não","drugs":"Não","religion":"Católica","spirituality":"Muito presente"},"financial":{"situation":"Estável","income":"1 a 2 salários","work":"CLT","ownHome":"Não","rent":"Não","withFamily":"Não","debt":"Endividado","car":"Não","motorcycle":"Não"},"interests":{"hobbies":"Jardinagem","music":"MPB","movies":"Comédia","books":"—","games":"Jogos casuais","tech":"Médio","social":"Instagram"},"personality":{"introvert":false,"extrovert":false,"communicative":false,"reserved":true,"organized":true,"creative":false,"impulsive":false,"notes":"Dificuldade em pedir ajuda."},"relationships":{"family":"Muito próxima","friends":"Isolamento recente","romantic":"Instável","work":"Neutra"}}', NULL, 1776869890248);
INSERT INTO sessions (id, clinic_id, patient_id, psychologist_id, occurred_at, duration_min, mood, emotional_scale, topics, objectives, techniques, evolution, next_steps, free_notes, created_at) VALUES ('9e09e1c0-04b2-445c-b639-95f91188494d', '00a53c0f-7baa-45b4-bea5-3159ed4e83ad', '00ce89a7-51b7-4f30-90b3-80a1a24bb2e4', '3385bafd-2b52-4729-809f-54d2043545f2', 1780930690248, 45, 'Estável', 8, '["relacionamento","estudos","luto"]', 'Reorganizar a rotina e o autocuidado', 'Técnicas de mindfulness', 'Percebe-se maior consciência emocional e vocabulário afetivo.', 'Trabalhar limites nos relacionamentos.', NULL, 1780930690248);
INSERT INTO sessions (id, clinic_id, patient_id, psychologist_id, occurred_at, duration_min, mood, emotional_scale, topics, objectives, techniques, evolution, next_steps, free_notes, created_at) VALUES ('120786e8-c20c-4d30-837b-3069b1e90aa3', '00a53c0f-7baa-45b4-bea5-3159ed4e83ad', '00ce89a7-51b7-4f30-90b3-80a1a24bb2e4', '3385bafd-2b52-4729-809f-54d2043545f2', 1781535490248, 50, 'Deprimido(a)', 4, '["lazer","relacionamento"]', 'Melhorar a qualidade do sono', 'Psicoeducação', 'Trouxe avanços na aplicação das técnicas no dia a dia.', 'Registrar pensamentos automáticos em situações de gatilho.', 'Sessão produtiva. Manter plano terapêutico.', 1781535490248);
INSERT INTO sessions (id, clinic_id, patient_id, psychologist_id, occurred_at, duration_min, mood, emotional_scale, topics, objectives, techniques, evolution, next_steps, free_notes, created_at) VALUES ('51df0ffb-31b2-42b7-8dc9-3c7d793ebf5a', '00a53c0f-7baa-45b4-bea5-3159ed4e83ad', '00ce89a7-51b7-4f30-90b3-80a1a24bb2e4', '3385bafd-2b52-4729-809f-54d2043545f2', 1782053890248, 50, 'Motivado(a)', 9, '["lazer","ansiedade","finanças"]', 'Reorganizar a rotina e o autocuidado', 'Psicoeducação', 'Trouxe avanços na aplicação das técnicas no dia a dia.', 'Praticar respiração diafragmática 2x ao dia.', 'Sessão produtiva. Manter plano terapêutico.', 1782053890248);
INSERT INTO sessions (id, clinic_id, patient_id, psychologist_id, occurred_at, duration_min, mood, emotional_scale, topics, objectives, techniques, evolution, next_steps, free_notes, created_at) VALUES ('14b0253b-9571-48f9-9247-f2225ec0b1f1', '00a53c0f-7baa-45b4-bea5-3159ed4e83ad', '00ce89a7-51b7-4f30-90b3-80a1a24bb2e4', '3385bafd-2b52-4729-809f-54d2043545f2', 1782831490248, 45, 'Deprimido(a)', 9, '["rotina","família","ansiedade","luto"]', 'Melhorar a qualidade do sono', 'Treino de habilidades sociais', 'Trouxe avanços na aplicação das técnicas no dia a dia.', 'Praticar respiração diafragmática 2x ao dia.', 'Sessão produtiva. Manter plano terapêutico.', 1782831490248);
INSERT INTO timeline_events (id, clinic_id, patient_id, session_id, title, description, event_date, category, status, source, created_at) VALUES ('4efa0290-27af-4277-a87f-ccfc9b3e14a8', '00a53c0f-7baa-45b4-bea5-3159ed4e83ad', '00ce89a7-51b7-4f30-90b3-80a1a24bb2e4', NULL, 'Conclusão de etapa', 'Trouxe avanços na aplicação das técnicas no dia a dia.', 1770821890248, 'pessoal', 'confirmed', 'ai', 1781189890248);
INSERT INTO timeline_events (id, clinic_id, patient_id, session_id, title, description, event_date, category, status, source, created_at) VALUES ('f1bbe632-74ee-4279-8c51-43acce357539', '00a53c0f-7baa-45b4-bea5-3159ed4e83ad', '00ce89a7-51b7-4f30-90b3-80a1a24bb2e4', '9e09e1c0-04b2-445c-b639-95f91188494d', 'Ajuste de medicação', 'Paciente demonstrou boa adesão às tarefas propostas.', 1768402690248, 'clínico', 'confirmed', 'ai', 1770562690248);
INSERT INTO timeline_events (id, clinic_id, patient_id, session_id, title, description, event_date, category, status, source, created_at) VALUES ('bef08123-3c0b-427a-856c-623f7d7f4496', '00a53c0f-7baa-45b4-bea5-3159ed4e83ad', '00ce89a7-51b7-4f30-90b3-80a1a24bb2e4', NULL, 'Mudança de emprego', 'Semana difícil, com aumento da sintomatologia ansiosa.', 1776437890248, 'pessoal', 'confirmed', 'manual', 1776178690248);
INSERT INTO ai_summaries (id, clinic_id, patient_id, appointment_id, content, suggested_questions, model, status, approved_content, approved_by, approved_at, created_at) VALUES ('6e032ea9-895b-44d9-8fbf-16f769d1123b', '00a53c0f-7baa-45b4-bea5-3159ed4e83ad', '00ce89a7-51b7-4f30-90b3-80a1a24bb2e4', NULL, 'Paciente em acompanhamento por sintomas depressivos e desânimo. Ao longo das sessões observa-se evolução gradual, com melhor manejo emocional e boa adesão às técnicas propostas. Recomenda-se manter o plano terapêutico atual.', '["Como você tem dormido esta semana?","O que funcionou melhor entre as estratégias que combinamos?","Houve algum gatilho importante desde a última sessão?"]', 'vinculo-ai', 'approved', NULL, NULL, NULL, 1781449090248);
INSERT INTO ai_alerts (id, clinic_id, patient_id, type, severity, message, status, created_at) VALUES ('1f58d170-c896-424d-9cac-2cda38cffc5e', '00a53c0f-7baa-45b4-bea5-3159ed4e83ad', '00ce89a7-51b7-4f30-90b3-80a1a24bb2e4', 'medication', 'medium', 'Relato de interrupção da medicação por conta própria.', 'active', 1782313090248);
INSERT INTO appointments (id, clinic_id, patient_id, psychologist_id, starts_at, ends_at, status, created_at) VALUES ('3b5f3d98-d291-47cc-b62b-a0e878a0ac50', '00a53c0f-7baa-45b4-bea5-3159ed4e83ad', '00ce89a7-51b7-4f30-90b3-80a1a24bb2e4', '3385bafd-2b52-4729-809f-54d2043545f2', 1782313090248, 1782316090248, 'done', 1781794690248);
INSERT INTO appointments (id, clinic_id, patient_id, psychologist_id, starts_at, ends_at, status, created_at) VALUES ('8ab059f7-ec48-44fc-b2da-511290a00926', '00a53c0f-7baa-45b4-bea5-3159ed4e83ad', '00ce89a7-51b7-4f30-90b3-80a1a24bb2e4', '3385bafd-2b52-4729-809f-54d2043545f2', 1782917890248, 1782920890248, 'canceled', 1782485890248);
INSERT INTO appointments (id, clinic_id, patient_id, psychologist_id, starts_at, ends_at, status, created_at) VALUES ('8dd94e79-d218-4263-b677-48220578e3db', '00a53c0f-7baa-45b4-bea5-3159ed4e83ad', '00ce89a7-51b7-4f30-90b3-80a1a24bb2e4', '3385bafd-2b52-4729-809f-54d2043545f2', 1783868290248, 1784476090248, 'scheduled', 1783349890248);
INSERT INTO consents (id, clinic_id, patient_id, type, version, granted_at, ip, revoked_at, created_at) VALUES ('5a9b83ec-c3ea-47c6-8000-4159c8454772', '00a53c0f-7baa-45b4-bea5-3159ed4e83ad', '00ce89a7-51b7-4f30-90b3-80a1a24bb2e4', 'general', '1.0', 1776869890248, '189.115.186.87', NULL, 1776869890248);
INSERT INTO consents (id, clinic_id, patient_id, type, version, granted_at, ip, revoked_at, created_at) VALUES ('ce44fde7-ef3d-4546-bfd5-24a017131b2d', '00a53c0f-7baa-45b4-bea5-3159ed4e83ad', '00ce89a7-51b7-4f30-90b3-80a1a24bb2e4', 'ai', '1.0', 1776869890248, '189.114.71.102', NULL, 1776869890248);
INSERT INTO consents (id, clinic_id, patient_id, type, version, granted_at, ip, revoked_at, created_at) VALUES ('0b006a7f-90f0-47d5-9991-0009faff1f2a', '00a53c0f-7baa-45b4-bea5-3159ed4e83ad', '00ce89a7-51b7-4f30-90b3-80a1a24bb2e4', 'recording', '1.0', 1776869890248, NULL, NULL, 1776869890248);
INSERT INTO patients (id, clinic_id, psychologist_id, full_name, social_name, cpf, email, phone, whatsapp, birth_date, status, photo, profile, deleted_at, created_at) VALUES ('d151caeb-90ab-456a-8cda-5dc6e52d53f2', '00a53c0f-7baa-45b4-bea5-3159ed4e83ad', '3385bafd-2b52-4729-809f-54d2043545f2', 'Vinícius Barbosa Nascimento', NULL, '174.889.776-31', 'vinícius.19@email.com', '(67) 94988-9520', '(40) 93478-1232', 435250690248, 'active', 'data:image/svg+xml;base64,PHN2ZyB4bWxucz0iaHR0cDovL3d3dy53My5vcmcvMjAwMC9zdmciIHZpZXdCb3g9IjAgMCAyODAgMjgwIiBmaWxsPSJub25lIiBzaGFwZS1yZW5kZXJpbmc9ImF1dG8iPjxtZXRhZGF0YSB4bWxuczpyZGY9Imh0dHA6Ly93d3cudzMub3JnLzE5OTkvMDIvMjItcmRmLXN5bnRheC1ucyMiIHhtbG5zOnhzaT0iaHR0cDovL3d3dy53My5vcmcvMjAwMS9YTUxTY2hlbWEtaW5zdGFuY2UiIHhtbG5zOmRjPSJodHRwOi8vcHVybC5vcmcvZGMvZWxlbWVudHMvMS4xLyIgeG1sbnM6ZGN0ZXJtcz0iaHR0cDovL3B1cmwub3JnL2RjL3Rlcm1zLyI+PHJkZjpSREY+PHJkZjpEZXNjcmlwdGlvbj48ZGM6dGl0bGU+QXZhdGFhYXJzPC9kYzp0aXRsZT48ZGM6Y3JlYXRvcj5QYWJsbyBTdGFubGV5PC9kYzpjcmVhdG9yPjxkYzpzb3VyY2UgeHNpOnR5cGU9ImRjdGVybXM6VVJJIj5odHRwczovL2F2YXRhYWFycy5jb20vPC9kYzpzb3VyY2U+PGRjdGVybXM6bGljZW5zZSB4c2k6dHlwZT0iZGN0ZXJtczpVUkkiPmh0dHBzOi8vYXZhdGFhYXJzLmNvbS88L2RjdGVybXM6bGljZW5zZT48ZGM6cmlnaHRzPlJlbWl4IG9mIOKAnkF2YXRhYWFyc+KAnSAoaHR0cHM6Ly9hdmF0YWFhcnMuY29tLykgYnkg4oCeUGFibG8gU3RhbmxleeKAnSwgbGljZW5zZWQgdW5kZXIg4oCeRnJlZSBmb3IgcGVyc29uYWwgYW5kIGNvbW1lcmNpYWwgdXNl4oCdIChodHRwczovL2F2YXRhYWFycy5jb20vKTwvZGM6cmlnaHRzPjwvcmRmOkRlc2NyaXB0aW9uPjwvcmRmOlJERj48L21ldGFkYXRhPjxtYXNrIGlkPSJ2aWV3Ym94TWFzayI+PHJlY3Qgd2lkdGg9IjI4MCIgaGVpZ2h0PSIyODAiIHJ4PSIxNDAiIHJ5PSIxNDAiIHg9IjAiIHk9IjAiIGZpbGw9IiNmZmYiIC8+PC9tYXNrPjxnIG1hc2s9InVybCgjdmlld2JveE1hc2spIj48cmVjdCBmaWxsPSIjZDFkNGY5IiB3aWR0aD0iMjgwIiBoZWlnaHQ9IjI4MCIgeD0iMCIgeT0iMCIgLz48ZyB0cmFuc2Zvcm09InRyYW5zbGF0ZSg4KSI+PHBhdGggZD0iTTEzMiAzNmE1NiA1NiAwIDAgMC01NiA1NnY2LjE3QTEyIDEyIDAgMCAwIDY2IDExMHYxNGExMiAxMiAwIDAgMCAxMC4zIDExLjg4IDU2LjA0IDU2LjA0IDAgMCAwIDMxLjcgNDQuNzN2MTguNGgtNGE3MiA3MiAwIDAgMC03MiA3MnY5aDIwMHYtOWE3MiA3MiAwIDAgMC03Mi03MmgtNHYtMTguMzlhNTYuMDQgNTYuMDQgMCAwIDAgMzEuNy00NC43M0ExMiAxMiAwIDAgMCAxOTggMTI0di0xNGExMiAxMiAwIDAgMC0xMC0xMS44M1Y5MmE1NiA1NiAwIDAgMC01Ni01NloiIGZpbGw9IiM2MTQzMzUiLz48cGF0aCBkPSJNMTA4IDE4MC42MXY4YTU1Ljc5IDU1Ljc5IDAgMCAwIDI0IDUuMzljOC41OSAwIDE2LjczLTEuOTMgMjQtNS4zOXYtOGE1NS43OSA1NS43OSAwIDAgMS0yNCA1LjM5IDU1Ljc5IDU1Ljc5IDAgMCAxLTI0LTUuMzlaIiBmaWxsPSIjMDAwIiBmaWxsLW9wYWNpdHk9Ii4xIi8+PGcgdHJhbnNmb3JtPSJ0cmFuc2xhdGUoMCAxNzApIj48cGF0aCBkPSJNMTMyLjUgNTRDMTUxIDU0IDE2NiA0NC4zNyAxNjYgMzIuNWMwLTEuMS0uMTMtMi4xOC0uMzgtMy4yM0E3MiA3MiAwIDAgMSAyMzIgMTAxLjA1VjExMEgzMnYtOC45NUE3MiA3MiAwIDAgMSA5OS40IDI5LjJhMTQuMSAxNC4xIDAgMCAwLS40IDMuM0M5OSA0NC4zNyAxMTQgNTQgMTMyLjUgNTRaIiBmaWxsPSIjOTI5NTk4Ii8+PGcgdHJhbnNmb3JtPSJ0cmFuc2xhdGUoNzcgNTgpIj48cGF0aCBkPSJNNjMuNzggMjkuNzRhMzIwLjIgMzIwLjIgMCAwIDEtNy4zNCA3LjgyYzEtMy41NiAxLjc0LTcuNTggMy4yLTEwLjk2LjQzLS45Ni4xLTEuMDguOTQtMS41LjYtLjMgMi4wNy4wNSAyLjguMDcgMS41Ni4wNCAzLjE1LjE5IDQuNy0uMDUtMS40NSAxLjUyLTIuOSAzLjA1LTQuMyA0LjYyWk00OC41MiAzMy44Yy0yLjctMy4yOC01LjM5LTYuNTctOC42Ni05LjMyIDEuMjkuMTQgMi43LS4wNCAzLjk2LjIgMS45NC40IDEuODMgMSAyLjgyIDIuOTdhOTkuMyA5OS4zIDAgMCAxIDQuMDUgOC44MmMtLjcxLS45LTEuNDUtMS43OS0yLjE3LTIuNjdabS05LjEtMTIuNTNjLjk2LTEuNTggMS4xNC0yLjk4IDIuOTItMy43OCAyLjA2LS45NCA1LjMtLjc0IDcuNDktLjkyLTEuMzcgMS41Mi0zLjA0IDMuMS0zLjYgNS4xMmE5LjU0IDkuNTQgMCAwIDAtMy42OC00LjE3Yy0uMjEtLjEgMS4xNiA0LjU1IDEuMzQgNC44Ny0xLjcyLS4xLTMuNTItLjQtNS4yMi0uMDlsLjc1LTEuMDNabTE2LjQtNS4wMWMxLjYuMDMgMy4xNy4xNiA0Ljc0LjQyLTEuMjYgMS42Ny0xLjY0IDMuNjMtMi4xIDUuNjMtLjQ3LTIuMjYtMi4yLTQuMzYtMy43My02LjA1aDEuMVptLTMuNSAxLjA3Yy4yNC0uMTYgNC40NiA1LjA5IDUuMDcgNS41Ni0zLjMxIDAtNi42Mi0uMTctOS45Mi0uMzIgMS45LTEuNDggMy4wMi0zLjY4IDQuODYtNS4yNFptMi43IDE3LjFjLS40IDEuMzUtLjc4IDIuNy0xLjIyIDQuMDUtMS41Ni00Ljc0LTMuODYtOS4yLTYuMDEtMTMuNjggMy4zNC4wOSA2LjY4LjIxIDEwLjAyLjI2LS44MiAzLjE2LTEuODcgNi4yNC0yLjggOS4zN1ptNy4yMi0xNy40NmEzNi4yNCAzNi4yNCAwIDAgMSAzLjg3IDQuNDRsMS4yNiAxLjY1Yy0yLjIzLS4yMy00LjU0LS4xMy02Ljc4LS4xNS41LTIuMDYgMS4xLTQuMDEuNTgtNi4xM2wxLjA3LjE5Wm03LjY1IDUuNjFjLTIuMTYtMi42Ny00LjM3LTcuMjYtNy44Ni04LjA3LTMuNDgtLjgtNy41NS0uNDUtMTEuMDgtLjIyLTMuMDcuMi04LjA4LS4yLTEwLjggMS41OS0xLjM5LjkyLTIuNDIgMy0yLjkgNC41NS0uNDQgMS40LjI3IDIuMjgtMS4yNSAyLjI4LS4xIDAgMi41IDMuNjggMi44MSAzLjk3YTc4LjA2IDc4LjA2IDAgMCAxIDYuNDYgNi42YzIuODMgMy4zNyA1LjQgOC4zMyA5LjE0IDkuNzMtLjY4LS4zNCAyLjgtMi45NyAzLjIxLTMuNDIgMi4xMi0yLjI5IDQuMjUtNC41NSA2LjM4LTYuODMgMS45NC0yLjA3IDQuMDUtNC4wMyA1LjkzLTYuMTUgMS40My0xLjYyIDEuNDQtMi4xNy0uMDQtNC4wMlpNMzYgMTRjLjA0LjAxLS45LTIuMDUtLjgzLTEuOTJhNi4zNSA2LjM1IDAgMCAwLTEuNzMtMS43M0MzMi43IDkuODUgMjkuMTMgOS4yNSAyOSA5YzEuNSAyLjY1IDQuMTcgNC4xMyA3IDVaTTUxLjM2IDkuMmMuMTcuNjUuNDMgMS4yNS43OSAxLjguMDcuMDguODYtNC4xOC44NS00LjU1QzUyLjk5IDUuODMgNTIuNiAyIDUxLjggMmMtMS4zMyAwLS42NyA2LjQ3LS40NSA3LjJaTTc3Ljk3IDdjLTMgMC05LjY4IDUuODUtOC45IDlhMy4zNSAzLjM1IDAgMCAwIC40LS4zM2MxLjI3LTEuMDIgMi43Mi0yLjAyIDQtMy4yLjktLjg1IDEuOTgtMS42MSAyLjgtMi41NC4xLS4xIDItMi45MyAxLjctMi45M1oiIGZpbGwtcnVsZT0iZXZlbm9kZCIgY2xpcC1ydWxlPSJldmVub2RkIiBmaWxsPSIjZmZmIi8+PC9nPjwvZz48ZyB0cmFuc2Zvcm09InRyYW5zbGF0ZSg3OCAxMzQpIj48cGF0aCBmaWxsLXJ1bGU9ImV2ZW5vZGQiIGNsaXAtcnVsZT0iZXZlbm9kZCIgZD0iTTQwLjA2IDI3LjcyQzQwLjcgMjAuNyA0Ni43IDE2IDU0IDE2YzcuMzQgMCAxMy4zNiA0Ljc1IDEzLjk1IDExLjg1LjAzLjM4LS44Ny42Ny0xLjMyLjQ1LTUuNTQtMi43Ny05Ljc1LTQuMTYtMTIuNjMtNC4xNi0yLjg0IDAtNyAxLjM2LTEyLjQ1IDQuMDctLjUuMjUtMS41My0uMDctMS41LS40OVoiIGZpbGw9IiMwMDAiIGZpbGwtb3BhY2l0eT0iLjciLz48L2c+PGcgdHJhbnNmb3JtPSJ0cmFuc2xhdGUoMTA0IDEyMikiPjxwYXRoIGZpbGwtcnVsZT0iZXZlbm9kZCIgY2xpcC1ydWxlPSJldmVub2RkIiBkPSJNMTYgOGMwIDQuNDIgNS4zNyA4IDEyIDhzMTItMy41OCAxMi04IiBmaWxsPSIjMDAwIiBmaWxsLW9wYWNpdHk9Ii4xNiIvPjwvZz48ZyB0cmFuc2Zvcm09InRyYW5zbGF0ZSg3NiA5MCkiPjxwYXRoIGQ9Ik0zNC41IDMwLjcgMjkgMjUuMmwtNS41IDUuNWMtLjQuNC0xLjEuNC0xLjYgMGwtMS42LTEuNmMtLjQtLjQtLjQtMS4xIDAtMS42bDUuNS01LjUtNS41LTUuNWMtLjQtLjUtLjQtMS4yIDAtMS42bDEuNi0xLjZjLjQtLjQgMS4xLS40IDEuNiAwbDUuNSA1LjUgNS41LTUuNWMuNC0uNCAxLjEtLjQgMS42IDBsMS42IDEuNmMuNC40LjQgMS4xIDAgMS42TDMyLjIgMjJsNS41IDUuNWMuNC40LjQgMS4xIDAgMS42bC0xLjYgMS42Yy0uNC40LTEuMS40LTEuNiAwWk04OC41IDMwLjcgODMgMjUuMmwtNS41IDUuNWMtLjQuNC0xLjEuNC0xLjYgMGwtMS42LTEuNmMtLjQtLjQtLjQtMS4xIDAtMS42bDUuNS01LjUtNS41LTUuNWMtLjQtLjUtLjQtMS4yIDAtMS42bDEuNi0xLjZjLjQtLjQgMS4xLS40IDEuNiAwbDUuNSA1LjUgNS41LTUuNWMuNC0uNCAxLjEtLjQgMS42IDBsMS42IDEuNmMuNC40LjQgMS4xIDAgMS42TDg2LjIgMjJsNS41IDUuNWMuNC40LjQgMS4xIDAgMS42bC0xLjYgMS42Yy0uNC40LTEuMS40LTEuNiAwWiIgZmlsbD0iIzAwMCIgZmlsbC1vcGFjaXR5PSIuNiIvPjwvZz48ZyB0cmFuc2Zvcm09InRyYW5zbGF0ZSg3NiA4MikiPjxwYXRoIGQ9Ik0xNS42MSAxNS4xOGM0LjI0LTUuNzYgNi44OC01LjQ4IDEzLjMxLS42MmwuNjcuNUMzNC40MSAxOC43MyAzNi43IDIwIDQwIDIwYTIgMiAwIDEgMCAwLTRjLTIuMDcgMC0zLjktMS4wMi03Ljk5LTQuMTJsLS42OC0uNTJDMjcuNTcgOC41MyAyNS4zNyA3LjMgMjIuNjMgN2MtMy42OC0uNC03LjA1IDEuNDgtMTAuMjQgNS44M2EyIDIgMCAxIDAgMy4yMiAyLjM2Wk05Ni4zOSAxNS4xOGMtNC4yNC01Ljc2LTYuODgtNS40OC0xMy4zMS0uNjJsLS42Ny41Qzc3LjU4IDE4LjczIDc1LjI5IDIwIDcyIDIwYTIgMiAwIDEgMSAwLTRjMi4wNyAwIDMuOS0xLjAyIDcuOTktNC4xMmwuNjgtLjUyYzMuNzYtMi44MyA1Ljk2LTQuMDcgOC43LTQuMzcgMy42OC0uNCA3LjA1IDEuNDggMTAuMjQgNS44M2EyIDIgMCAxIDEtMy4yMiAyLjM2WiIgZmlsbD0iIzAwMCIgZmlsbC1vcGFjaXR5PSIuNiIvPjwvZz48ZyB0cmFuc2Zvcm09InRyYW5zbGF0ZSgtMSkiPjxwYXRoIGQ9Im0xNzUuODMgNTUuOTItLjAzLjAyYy43Ni44OCAxLjQ5IDEuNzggMi4xOSAyLjdhNTUuNzQgNTUuNzQgMCAwIDEgMTEgMzMuMzZ2NS41YzAtMTUuNzctNi42OS0yOS45OC0xNy40LTM5LjkzLTExLjU4IDMuNzctNDkuNTggMTQuMjctNzcuNjMuNDJBNTQuMzUgNTQuMzUgMCAwIDAgNzcgOTcuNVY5MmMwLTEyLjUgNC4xLTI0LjA0IDExLjAxLTMzLjM1LjcxLS45NCAxLjQ1LTEuODYgMi4yMi0yLjc1bC0uMDItLjAyQTU1Ljg4IDU1Ljg4IDAgMCAxIDEzMyAzNmE1NS44OCA1NS44OCAwIDAgMSA0Mi44MiAxOS45MloiIGZpbGw9IiMwMDAiIGZpbGwtb3BhY2l0eT0iLjE2Ii8+PHBhdGggZD0iTTkyLjU0IDUzLjI5QTU1LjgxIDU1LjgxIDAgMCAwIDc3IDkxLjk5djYuMTdhMTEuOTcgMTEuOTcgMCAwIDAtNi40OSAzLjM0bC43LTE3LjM3YTQ1LjkyIDQ1LjkyIDAgMCAxIDE3LjM3LTM0LjE3Yy0yLjItMy44NC0xLjQ1LTEwLjMzIDcuOC0xMy4xIDUuMDctMS41IDcuNTctNS4wOCAxMC4yNC04Ljg4IDMuNS01IDcuMjctMTAuMzcgMTcuNDgtMTEuOTIgOS44Ny0xLjUgMTMuMjMtLjg4IDE3LjA1LS4xOCAzLjEzLjU3IDYuNTggMS4yIDE0LjIuNzYgOS44NS0uNTcgMTYuODYtNCAyMS40My02LjIyIDMuMjYtMS42IDUuMjctMi41OCA2LjE3LTEuNDcgMTUuNDIgMTguOSA2Ljk3IDMzLjgtNi4yIDQxLjk2QTQ1LjkgNDUuOSAwIDAgMSAxOTMgODZ2MTMuNmMtMS4yMi0uNy0yLjU2LTEuMi00LTEuNDNWOTJjMC0xNS4yNi02LjEtMjkuMDktMTYtMzkuMTktNy43NiAyLjc1LTUwLjM5IDE2LjU1LTgwLjQ2LjQ4Wk0yMjMuNjEgMjI2LjA1YzMuMDYgNS42IDQuMDUgMTEuMTIgMy41IDE2LjM4QTcyLjAyIDcyLjAyIDAgMCAwIDE2MSAxOTloLTR2LTE4LjM5YTU2LjAzIDU2LjAzIDAgMCAwIDMxLjgtNDUuNzRjMS41LS4yMyAyLjkzLS43NCA0LjItMS40N3YyMC43YzAgMjAuNzcgMTEuNDcgMzkuNzkgMjIuMTUgNTcuNDcgMi45NyA0LjkzIDUuODggOS43NSA4LjQ2IDE0LjQ4Wk02OC43IDE0Ni41bC42Ni0xNi4zNWExMiAxMiAwIDAgMCA3Ljg1IDQuNzJBNTYuMDMgNTYuMDMgMCAwIDAgMTA5IDE4MC42VjE5OWgtNGMtMTEuMiAwLTIxLjggMi41Ni0zMS4yNSA3LjEyLTIuOTktMTguMjktNC4zLTM4LjY4LTUuMDUtNTkuNjJaIiBmaWxsPSIjNGEzMTJjIi8+PHBhdGggZmlsbC1ydWxlPSJldmVub2RkIiBjbGlwLXJ1bGU9ImV2ZW5vZGQiIGQ9Ik05MC44OCA1Mi4zNmMzMy4yMiAxOS4zIDgzLjM3IDAgODMuMzcgMCAxNC41My03Ljc3IDI1LjA4LTIzLjMyIDguNy00My40LTIuMTctMi42Ni0xMC43IDYuNzItMjcuNiA3LjctMTYuOS45Ny0xMy4yNy0zLjMxLTMxLjI1LS41OS0xNy45NyAyLjczLTE1Ljk5IDE3LjMtMjcuNzIgMjAuOC0xMS43MyAzLjUtOS44IDEzLTUuNSAxNS41WiIgZmlsbD0iI2ZmZiIgZmlsbC1vcGFjaXR5PSIuMiIvPjwvZz48ZyB0cmFuc2Zvcm09InRyYW5zbGF0ZSg0OSA3MikiPjwvZz48ZyB0cmFuc2Zvcm09InRyYW5zbGF0ZSg2MiA0MikiPjwvZz48L2c+PC9nPjwvc3ZnPg==', '{"personal":{"isChild":false,"sex":"Masculino","gender":"Homem cisgênero","rg":"18.778.555-9","maritalStatus":"União estável","profession":"Designer","company":"—","education":"Ensino médio completo","address":"Rua Araújo, 497","city":"Porto Alegre","state":"RS","zip":"91443-272"},"clinical":{"complaint":"Baixa autoestima e insegurança","goals":"Melhorar a qualidade do sono","suffering":"Leve","history":"Encaminhado(a) pelo clínico geral devido a queixas somáticas.","priorDiagnoses":"TDAH","priorTreatments":"Nenhum","psychiatric":"Em acompanhamento psiquiátrico","referrals":"—"},"health":{"depression":false,"anxiety":true,"tdah":false,"tag":false,"bipolar":true,"medications":"—","diseases":"—","surgeries":"—","hospitalizations":"Não","familyHistory":"Sem histórico relevante"},"lifestyle":{"sleep":"Irregular","diet":"Equilibrada","sports":"Caminhada","gym":"Sim","alcohol":"Social","smoking":"Não","drugs":"Não","religion":"Católica","spirituality":"Moderada"},"financial":{"situation":"Instável","income":"2 a 4 salários","work":"Desempregado","ownHome":"Não","rent":"Não","withFamily":"Não","debt":"Não","car":"Sim","motorcycle":"Não"},"interests":{"hobbies":"Música","music":"Pop","movies":"Drama","books":"—","games":"Jogos casuais","tech":"Médio","social":"Instagram"},"personality":{"introvert":true,"extrovert":false,"communicative":true,"reserved":false,"organized":true,"creative":false,"impulsive":false,"notes":"Perfeccionista e autocrítico(a)."},"relationships":{"family":"Boa","friends":"Rede sólida","romantic":"Instável","work":"Neutra"}}', NULL, 1765292290248);
INSERT INTO sessions (id, clinic_id, patient_id, psychologist_id, occurred_at, duration_min, mood, emotional_scale, topics, objectives, techniques, evolution, next_steps, free_notes, created_at) VALUES ('f2fdf84f-3d5f-4de7-b4b1-22dec36f83ea', '00a53c0f-7baa-45b4-bea5-3159ed4e83ad', 'd151caeb-90ab-456a-8cda-5dc6e52d53f2', '3385bafd-2b52-4729-809f-54d2043545f2', 1780844290249, 45, 'Esperançoso(a)', 8, '["lazer","relacionamento"]', 'Melhorar a qualidade do sono', 'Ativação comportamental', 'Paciente demonstrou boa adesão às tarefas propostas.', 'Manter diário do sono.', NULL, 1780844290249);
INSERT INTO sessions (id, clinic_id, patient_id, psychologist_id, occurred_at, duration_min, mood, emotional_scale, topics, objectives, techniques, evolution, next_steps, free_notes, created_at) VALUES ('257ac3c3-c3c8-41b0-9870-3d760493c756', '00a53c0f-7baa-45b4-bea5-3159ed4e83ad', 'd151caeb-90ab-456a-8cda-5dc6e52d53f2', '3385bafd-2b52-4729-809f-54d2043545f2', 1781535490249, 45, 'Irritado(a)', 8, '["rotina","autoestima","finanças"]', 'Desenvolver estratégias de enfrentamento', 'Técnicas de mindfulness', 'Percebe-se maior consciência emocional e vocabulário afetivo.', 'Praticar respiração diafragmática 2x ao dia.', NULL, 1781535490249);
INSERT INTO sessions (id, clinic_id, patient_id, psychologist_id, occurred_at, duration_min, mood, emotional_scale, topics, objectives, techniques, evolution, next_steps, free_notes, created_at) VALUES ('be0906be-aa8d-422b-ade2-f83a1e3f303f', '00a53c0f-7baa-45b4-bea5-3159ed4e83ad', 'd151caeb-90ab-456a-8cda-5dc6e52d53f2', '3385bafd-2b52-4729-809f-54d2043545f2', 1782053890249, 45, 'Esperançoso(a)', 9, '["trabalho","ansiedade"]', 'Reorganizar a rotina e o autocuidado', 'Ativação comportamental', 'Paciente demonstrou boa adesão às tarefas propostas.', 'Trabalhar limites nos relacionamentos.', NULL, 1782053890249);
INSERT INTO sessions (id, clinic_id, patient_id, psychologist_id, occurred_at, duration_min, mood, emotional_scale, topics, objectives, techniques, evolution, next_steps, free_notes, created_at) VALUES ('de85696b-d340-477d-8a71-b03067b81e48', '00a53c0f-7baa-45b4-bea5-3159ed4e83ad', 'd151caeb-90ab-456a-8cda-5dc6e52d53f2', '3385bafd-2b52-4729-809f-54d2043545f2', 1782917890249, 60, 'Estável', 9, '["finanças","trabalho","sono","rotina"]', 'Fortalecer a autoestima', 'Ativação comportamental', 'Trouxe avanços na aplicação das técnicas no dia a dia.', 'Registrar pensamentos automáticos em situações de gatilho.', NULL, 1782917890249);
INSERT INTO timeline_events (id, clinic_id, patient_id, session_id, title, description, event_date, category, status, source, created_at) VALUES ('047b2569-4b82-47cf-84e7-aaad00701a99', '00a53c0f-7baa-45b4-bea5-3159ed4e83ad', 'd151caeb-90ab-456a-8cda-5dc6e52d53f2', NULL, 'Recaída pontual', 'Semana difícil, com aumento da sintomatologia ansiosa.', 1770908290249, 'família', 'confirmed', 'manual', 1766415490249);
INSERT INTO timeline_events (id, clinic_id, patient_id, session_id, title, description, event_date, category, status, source, created_at) VALUES ('c7aa3e80-9c38-4622-b481-f9753245ae28', '00a53c0f-7baa-45b4-bea5-3159ed4e83ad', 'd151caeb-90ab-456a-8cda-5dc6e52d53f2', NULL, 'Melhora significativa', 'Percebe-se maior consciência emocional e vocabulário afetivo.', 1782658690249, 'família', 'confirmed', 'ai', 1781017090249);
INSERT INTO timeline_events (id, clinic_id, patient_id, session_id, title, description, event_date, category, status, source, created_at) VALUES ('551cc805-2e54-4b3a-908c-cb76a23f1cc4', '00a53c0f-7baa-45b4-bea5-3159ed4e83ad', 'd151caeb-90ab-456a-8cda-5dc6e52d53f2', NULL, 'Mudança de emprego', 'Trouxe avanços na aplicação das técnicas no dia a dia.', 1769093890249, 'família', 'confirmed', 'manual', 1782745090249);
INSERT INTO timeline_events (id, clinic_id, patient_id, session_id, title, description, event_date, category, status, source, created_at) VALUES ('7361f77b-47ef-41b0-bfd1-d9a519cddbfc', '00a53c0f-7baa-45b4-bea5-3159ed4e83ad', 'd151caeb-90ab-456a-8cda-5dc6e52d53f2', 'de85696b-d340-477d-8a71-b03067b81e48', 'Melhora significativa', 'Paciente demonstrou boa adesão às tarefas propostas.', 1772204290249, 'família', 'confirmed', 'manual', 1775833090249);
INSERT INTO ai_summaries (id, clinic_id, patient_id, appointment_id, content, suggested_questions, model, status, approved_content, approved_by, approved_at, created_at) VALUES ('4e90ba1c-3764-48ae-8f75-975702264f44', '00a53c0f-7baa-45b4-bea5-3159ed4e83ad', 'd151caeb-90ab-456a-8cda-5dc6e52d53f2', NULL, 'Paciente em acompanhamento por luto pela perda de um familiar. Ao longo das sessões observa-se evolução gradual, com melhor manejo emocional e boa adesão às técnicas propostas. Recomenda-se manter o plano terapêutico atual.', '["Como você tem dormido esta semana?","O que funcionou melhor entre as estratégias que combinamos?","Houve algum gatilho importante desde a última sessão?"]', 'vinculo-ai', 'approved', NULL, '3385bafd-2b52-4729-809f-54d2043545f2', 1782399490249, 1781103490249);
INSERT INTO appointments (id, clinic_id, patient_id, psychologist_id, starts_at, ends_at, status, created_at) VALUES ('30bf8163-a79b-4f86-b5ff-9b06c51f888a', '00a53c0f-7baa-45b4-bea5-3159ed4e83ad', 'd151caeb-90ab-456a-8cda-5dc6e52d53f2', '3385bafd-2b52-4729-809f-54d2043545f2', 1782313090249, 1782316090249, 'done', 1781794690249);
INSERT INTO appointments (id, clinic_id, patient_id, psychologist_id, starts_at, ends_at, status, created_at) VALUES ('342da430-1430-4ea2-ae72-1dc17dc8d455', '00a53c0f-7baa-45b4-bea5-3159ed4e83ad', 'd151caeb-90ab-456a-8cda-5dc6e52d53f2', '3385bafd-2b52-4729-809f-54d2043545f2', 1782917890249, 1782920890249, 'no_show', 1782485890249);
INSERT INTO appointments (id, clinic_id, patient_id, psychologist_id, starts_at, ends_at, status, created_at) VALUES ('4bdfaeb3-39bb-4c68-98e1-a0b7c633d8c1', '00a53c0f-7baa-45b4-bea5-3159ed4e83ad', 'd151caeb-90ab-456a-8cda-5dc6e52d53f2', '3385bafd-2b52-4729-809f-54d2043545f2', 1783609090249, 1783698490249, 'scheduled', 1783349890249);
INSERT INTO consents (id, clinic_id, patient_id, type, version, granted_at, ip, revoked_at, created_at) VALUES ('29412e46-5b1e-4c49-90f3-220ff3f0bf52', '00a53c0f-7baa-45b4-bea5-3159ed4e83ad', 'd151caeb-90ab-456a-8cda-5dc6e52d53f2', 'general', '1.0', 1765292290248, '189.190.115.88', NULL, 1765292290248);
INSERT INTO consents (id, clinic_id, patient_id, type, version, granted_at, ip, revoked_at, created_at) VALUES ('da6522c6-3b9d-451c-9317-db3d79b9ad19', '00a53c0f-7baa-45b4-bea5-3159ed4e83ad', 'd151caeb-90ab-456a-8cda-5dc6e52d53f2', 'ai', '1.0', 1765292290248, '189.156.164.111', NULL, 1765292290248);
INSERT INTO consents (id, clinic_id, patient_id, type, version, granted_at, ip, revoked_at, created_at) VALUES ('f87d30f4-0c76-4963-9adb-088380dd73cf', '00a53c0f-7baa-45b4-bea5-3159ed4e83ad', 'd151caeb-90ab-456a-8cda-5dc6e52d53f2', 'recording', '1.0', 1765292290248, NULL, NULL, 1765292290248);
INSERT INTO patients (id, clinic_id, psychologist_id, full_name, social_name, cpf, email, phone, whatsapp, birth_date, status, photo, profile, deleted_at, created_at) VALUES ('47caef7f-441a-459d-a63e-9f2800785c2e', '00a53c0f-7baa-45b4-bea5-3159ed4e83ad', '1c2b3e6a-6d97-4ad5-9167-ccafd03a8006', 'Caio Moreira Cardoso', NULL, '713.538.330-59', 'caio.20@email.com', '(25) 96871-1027', '(42) 95238-5491', 1200322690249, 'active', 'data:image/svg+xml;base64,PHN2ZyB4bWxucz0iaHR0cDovL3d3dy53My5vcmcvMjAwMC9zdmciIHZpZXdCb3g9IjAgMCAyODAgMjgwIiBmaWxsPSJub25lIiBzaGFwZS1yZW5kZXJpbmc9ImF1dG8iPjxtZXRhZGF0YSB4bWxuczpyZGY9Imh0dHA6Ly93d3cudzMub3JnLzE5OTkvMDIvMjItcmRmLXN5bnRheC1ucyMiIHhtbG5zOnhzaT0iaHR0cDovL3d3dy53My5vcmcvMjAwMS9YTUxTY2hlbWEtaW5zdGFuY2UiIHhtbG5zOmRjPSJodHRwOi8vcHVybC5vcmcvZGMvZWxlbWVudHMvMS4xLyIgeG1sbnM6ZGN0ZXJtcz0iaHR0cDovL3B1cmwub3JnL2RjL3Rlcm1zLyI+PHJkZjpSREY+PHJkZjpEZXNjcmlwdGlvbj48ZGM6dGl0bGU+QXZhdGFhYXJzPC9kYzp0aXRsZT48ZGM6Y3JlYXRvcj5QYWJsbyBTdGFubGV5PC9kYzpjcmVhdG9yPjxkYzpzb3VyY2UgeHNpOnR5cGU9ImRjdGVybXM6VVJJIj5odHRwczovL2F2YXRhYWFycy5jb20vPC9kYzpzb3VyY2U+PGRjdGVybXM6bGljZW5zZSB4c2k6dHlwZT0iZGN0ZXJtczpVUkkiPmh0dHBzOi8vYXZhdGFhYXJzLmNvbS88L2RjdGVybXM6bGljZW5zZT48ZGM6cmlnaHRzPlJlbWl4IG9mIOKAnkF2YXRhYWFyc+KAnSAoaHR0cHM6Ly9hdmF0YWFhcnMuY29tLykgYnkg4oCeUGFibG8gU3RhbmxleeKAnSwgbGljZW5zZWQgdW5kZXIg4oCeRnJlZSBmb3IgcGVyc29uYWwgYW5kIGNvbW1lcmNpYWwgdXNl4oCdIChodHRwczovL2F2YXRhYWFycy5jb20vKTwvZGM6cmlnaHRzPjwvcmRmOkRlc2NyaXB0aW9uPjwvcmRmOlJERj48L21ldGFkYXRhPjxtYXNrIGlkPSJ2aWV3Ym94TWFzayI+PHJlY3Qgd2lkdGg9IjI4MCIgaGVpZ2h0PSIyODAiIHJ4PSIxNDAiIHJ5PSIxNDAiIHg9IjAiIHk9IjAiIGZpbGw9IiNmZmYiIC8+PC9tYXNrPjxnIG1hc2s9InVybCgjdmlld2JveE1hc2spIj48cmVjdCBmaWxsPSIjZmZkZmJmIiB3aWR0aD0iMjgwIiBoZWlnaHQ9IjI4MCIgeD0iMCIgeT0iMCIgLz48ZyB0cmFuc2Zvcm09InRyYW5zbGF0ZSg4KSI+PHBhdGggZD0iTTEzMiAzNmE1NiA1NiAwIDAgMC01NiA1NnY2LjE3QTEyIDEyIDAgMCAwIDY2IDExMHYxNGExMiAxMiAwIDAgMCAxMC4zIDExLjg4IDU2LjA0IDU2LjA0IDAgMCAwIDMxLjcgNDQuNzN2MTguNGgtNGE3MiA3MiAwIDAgMC03MiA3MnY5aDIwMHYtOWE3MiA3MiAwIDAgMC03Mi03MmgtNHYtMTguMzlhNTYuMDQgNTYuMDQgMCAwIDAgMzEuNy00NC43M0ExMiAxMiAwIDAgMCAxOTggMTI0di0xNGExMiAxMiAwIDAgMC0xMC0xMS44M1Y5MmE1NiA1NiAwIDAgMC01Ni01NloiIGZpbGw9IiNhZTVkMjkiLz48cGF0aCBkPSJNMTA4IDE4MC42MXY4YTU1Ljc5IDU1Ljc5IDAgMCAwIDI0IDUuMzljOC41OSAwIDE2LjczLTEuOTMgMjQtNS4zOXYtOGE1NS43OSA1NS43OSAwIDAgMS0yNCA1LjM5IDU1Ljc5IDU1Ljc5IDAgMCAxLTI0LTUuMzlaIiBmaWxsPSIjMDAwIiBmaWxsLW9wYWNpdHk9Ii4xIi8+PGcgdHJhbnNmb3JtPSJ0cmFuc2xhdGUoMCAxNzApIj48cGF0aCBkPSJNMTMyLjUgNTEuODNjMTguNSAwIDMzLjUtOS42MiAzMy41LTIxLjQ4IDAtLjM2LS4wMS0uNy0uMDQtMS4wNkE3MiA3MiAwIDAgMSAyMzIgMTAxLjA0VjExMEgzMnYtOC45NWE3MiA3MiAwIDAgMSA2Ny4wNS03MS44M2MtLjAzLjM3LS4wNS43NS0uMDUgMS4xMyAwIDExLjg2IDE1IDIxLjQ4IDMzLjUgMjEuNDhaIiBmaWxsPSIjZmY1YzVjIi8+PHBhdGggZD0iTTEzMi41IDU4Ljc2YzIxLjg5IDAgMzkuNjMtMTIuMDUgMzkuNjMtMjYuOTEgMC0uNi0uMDItMS4yLS4wOC0xLjgtMi0uMzMtNC4wMy0uNTktNi4xLS43Ni4wNC4zNS4wNS43LjA1IDEuMDYgMCAxMS44Ni0xNSAyMS40OC0zMy41IDIxLjQ4Uzk5IDQyLjIgOTkgMzAuMzVjMC0uMzguMDItLjc2LjA1LTEuMTMtMi4wNi4xNC00LjA4LjM2LTYuMDguNjctLjA3LjY1LS4xIDEuMy0uMSAxLjk2IDAgMTQuODYgMTcuNzQgMjYuOTEgMzkuNjMgMjYuOTFaIiBmaWxsPSIjMDAwIiBmaWxsLW9wYWNpdHk9Ii4wOCIvPjwvZz48ZyB0cmFuc2Zvcm09InRyYW5zbGF0ZSg3OCAxMzQpIj48cGF0aCBmaWxsLXJ1bGU9ImV2ZW5vZGQiIGNsaXAtcnVsZT0iZXZlbm9kZCIgZD0iTTM1LjEyIDE1LjEzYTE5IDE5IDAgMCAwIDM3Ljc3LS4wOWMuMDgtLjc3LS43Ny0yLjA0LTEuODUtMi4wNEgzNy4xQzM2IDEzIDM1IDE0LjE4IDM1LjEyIDE1LjEzWiIgZmlsbD0iIzAwMCIgZmlsbC1vcGFjaXR5PSIuNyIvPjxwYXRoIGQ9Ik03MCAxM0gzOWE1IDUgMCAwIDAgNSA1aDIxYTUgNSAwIDAgMCA1LTVaIiBmaWxsPSIjZmZmIi8+PHBhdGggZD0iTTY2LjcgMjcuMTRBMTAuOTYgMTAuOTYgMCAwIDAgNTQgMjUuMmExMC45NSAxMC45NSAwIDAgMC0xMi43IDEuOTRBMTguOTMgMTguOTMgMCAwIDAgNTQgMzJjNC44OCAwIDkuMzMtMS44NCAxMi43LTQuODZaIiBmaWxsPSIjRkY0RjZEIi8+PC9nPjxnIHRyYW5zZm9ybT0idHJhbnNsYXRlKDEwNCAxMjIpIj48cGF0aCBmaWxsLXJ1bGU9ImV2ZW5vZGQiIGNsaXAtcnVsZT0iZXZlbm9kZCIgZD0iTTE2IDhjMCA0LjQyIDUuMzcgOCAxMiA4czEyLTMuNTggMTItOCIgZmlsbD0iIzAwMCIgZmlsbC1vcGFjaXR5PSIuMTYiLz48L2c+PGcgdHJhbnNmb3JtPSJ0cmFuc2xhdGUoNzYgOTApIj48cGF0aCBkPSJNMzUuOTYgMTBjLTIuNTUgMC01LjA4IDEuOTgtNi40NiAzLjgyLTEuMzktMS44NC0zLjktMy44Mi02LjQ2LTMuODItNS40OSAwLTkuMDQgMy4zMy05LjA0IDcuNjQgMCA1LjczIDQuNDEgOS4xMyA5LjA0IDEyLjc0IDEuNjYgMS4yMyA0Ljc4IDQuNCA1LjE3IDUuMS4zOC42OCAyLjEuNyAyLjU4IDAgLjQ4LS43MyAzLjUxLTMuODcgNS4xNy01LjEgNC42My0zLjYgOS4wNC03IDkuMDQtMTIuNzQgMC00LjMtMy41NS03LjY0LTkuMDQtNy42NFpNODguOTYgMTBjLTIuNTUgMC01LjA4IDEuOTgtNi40NiAzLjgyLTEuMzktMS44NC0zLjktMy44Mi02LjQ2LTMuODItNS40OSAwLTkuMDQgMy4zMy05LjA0IDcuNjQgMCA1LjczIDQuNDEgOS4xMyA5LjA0IDEyLjc0IDEuNjUgMS4yMyA0Ljc4IDQuNCA1LjE3IDUuMS4zOC42OCAyLjEuNyAyLjU4IDAgLjQ4LS43MyAzLjUxLTMuODcgNS4xNy01LjEgNC42My0zLjYgOS4wNC03IDkuMDQtMTIuNzQgMC00LjMtMy41NS03LjY0LTkuMDQtNy42NFoiIGZpbGw9IiNGRjUzNTMiIGZpbGwtb3BhY2l0eT0iLjgiLz48L2c+PGcgdHJhbnNmb3JtPSJ0cmFuc2xhdGUoNzYgODIpIj48cGF0aCBkPSJNMjYuNTUgNi4xNWMtNS44LjI3LTE1LjIgNC40OS0xNC45NiAxMC4zNC4wMS4xOC4zLjI3LjQzLjEyIDIuNzYtMi45NiAyMi4zMi01Ljk1IDI5LjItNC4zNi42NC4xNCAxLjEyLS40OC43Mi0uOTMtMy40My0zLjg1LTEwLjItNS40My0xNS40LTUuMThaTTg2LjQ1IDYuMTVjNS44LjI3IDE1LjIgNC40OSAxNC45NiAxMC4zNC0uMDEuMTgtLjMuMjctLjQzLjEyLTIuNzYtMi45Ni0yMi4zMi01Ljk1LTI5LjItNC4zNi0uNjQuMTQtMS4xMi0uNDgtLjcyLS45MyAzLjQzLTMuODUgMTAuMi01LjQzIDE1LjQtNS4xOFoiIGZpbGwtcnVsZT0iZXZlbm9kZCIgY2xpcC1ydWxlPSJldmVub2RkIiBmaWxsPSIjMDAwIiBmaWxsLW9wYWNpdHk9Ii42Ii8+PC9nPjxnIHRyYW5zZm9ybT0idHJhbnNsYXRlKC0xKSI+PHBhdGggZD0iTTg2LjY3IDY4SDY0djExMi45MWE0LjA5IDQuMDkgMCAwIDAgNC4wOSA0LjEgMTguNTggMTguNTggMCAwIDAgMTguNTgtMTguNlY2OFpNMjAyIDY4aC0yMi42N3YxMTIuOTFhNC4wOSA0LjA5IDAgMCAwIDQuMDkgNC4xQTE4LjU4IDE4LjU4IDAgMCAwIDIwMiAxNjYuNFY2OFoiIGZpbGw9IiNGNEY0RjQiLz48cGF0aCBkPSJNNjMgNjRhNDQgNDQgMCAwIDEgNDQtNDRoNTJhNDQgNDQgMCAwIDEgNDQgNDR2MTA0LjZhMTYuNCAxNi40IDAgMCAxLTE2LjQgMTYuNGMtMS45OCAwLTMuNi0xLjYyLTMuNi0zLjZWNzRIODN2OTQuNkExNi40IDE2LjQgMCAwIDEgNjYuNiAxODVjLTEuOTkgMC0zLjYtMS42Mi0zLjYtMy42VjY0WiIgZmlsbD0iIzI2MmUzMyIvPjxyZWN0IHg9Ijc0IiB5PSI1MiIgd2lkdGg9IjExOCIgaGVpZ2h0PSIzNiIgcng9IjgiIGZpbGw9IiMwMDAiIGZpbGwtb3BhY2l0eT0iLjEiLz48cmVjdCB4PSI3NCIgeT0iNTAiIHdpZHRoPSIxMTgiIGhlaWdodD0iMzYiIHJ4PSI4IiBmaWxsPSIjRjRGNEY0Ii8+PC9nPjxnIHRyYW5zZm9ybT0idHJhbnNsYXRlKDQ5IDcyKSI+PC9nPjxnIHRyYW5zZm9ybT0idHJhbnNsYXRlKDYyIDQyKSI+PC9nPjwvZz48L2c+PC9zdmc+', '{"personal":{"isChild":false,"sex":"Masculino","gender":"Homem cisgênero","rg":"59.932.764-5","maritalStatus":"Solteiro(a)","profession":"Comerciante","company":"Órgão público","education":"Superior completo","address":"Rua Oliveira, 399","city":"Recife","state":"PE","zip":"85635-709"},"clinical":{"complaint":"Dificuldades no relacionamento conjugal","goals":"Fortalecer a autoestima","suffering":"Leve","history":"Histórico familiar de transtornos de humor. Acompanhamento psiquiátrico em paralelo.","priorDiagnoses":"Nenhum","priorTreatments":"Nenhum","psychiatric":"Não","referrals":"—"},"health":{"depression":false,"anxiety":false,"tdah":true,"tag":true,"bipolar":false,"medications":"Fluoxetina 20mg","diseases":"—","surgeries":"—","hospitalizations":"Não","familyHistory":"Histórico familiar de depressão/ansiedade"},"lifestyle":{"sleep":"Irregular","diet":"Irregular","sports":"Corrida","gym":"Sim","alcohol":"Não","smoking":"Ex-fumante","drugs":"Não","religion":"Sem religião","spirituality":"Pouco"},"financial":{"situation":"Em dificuldade","income":"4 a 8 salários","work":"Autônomo","ownHome":"Sim","rent":"Não","withFamily":"Sim","debt":"Alguma","car":"Não","motorcycle":"Não"},"interests":{"hobbies":"Fotografia","music":"Pop","movies":"Drama","books":"Ficção e autoajuda","games":"—","tech":"Baixo","social":"Instagram"},"personality":{"introvert":false,"extrovert":false,"communicative":false,"reserved":true,"organized":false,"creative":false,"impulsive":false,"notes":"Tende a evitar conflitos."},"relationships":{"family":"Muito próxima","friends":"Poucos amigos","romantic":"Estável","work":"Boa"}}', NULL, 1772463490249);
INSERT INTO sessions (id, clinic_id, patient_id, psychologist_id, occurred_at, duration_min, mood, emotional_scale, topics, objectives, techniques, evolution, next_steps, free_notes, created_at) VALUES ('60e3a243-1b24-462f-81e3-596527411686', '00a53c0f-7baa-45b4-bea5-3159ed4e83ad', '47caef7f-441a-459d-a63e-9f2800785c2e', '1c2b3e6a-6d97-4ad5-9167-ccafd03a8006', 1781449090249, 50, 'Cansado(a)', 6, '["finanças","saúde"]', 'Desenvolver estratégias de enfrentamento', 'Psicoeducação', 'Relatou leve melhora nos sintomas ao longo da semana.', 'Retomar atividade física gradualmente.', NULL, 1781449090249);
INSERT INTO sessions (id, clinic_id, patient_id, psychologist_id, occurred_at, duration_min, mood, emotional_scale, topics, objectives, techniques, evolution, next_steps, free_notes, created_at) VALUES ('91cdfa6a-ec75-4927-98ff-4688cb50ec00', '00a53c0f-7baa-45b4-bea5-3159ed4e83ad', '47caef7f-441a-459d-a63e-9f2800785c2e', '1c2b3e6a-6d97-4ad5-9167-ccafd03a8006', 1782140290249, 50, 'Ansioso(a)', 9, '["relacionamento","luto","autoestima","trabalho"]', 'Melhorar a qualidade do sono', 'Registro de pensamentos', 'Apresentou resistência inicial, mas engajou-se ao final da sessão.', 'Manter diário do sono.', NULL, 1782140290249);
INSERT INTO sessions (id, clinic_id, patient_id, psychologist_id, occurred_at, duration_min, mood, emotional_scale, topics, objectives, techniques, evolution, next_steps, free_notes, created_at) VALUES ('3c96c969-46ea-48c3-86fa-68762dcbb181', '00a53c0f-7baa-45b4-bea5-3159ed4e83ad', '47caef7f-441a-459d-a63e-9f2800785c2e', '1c2b3e6a-6d97-4ad5-9167-ccafd03a8006', 1782658690249, 45, 'Irritado(a)', 9, '["família","ansiedade","estudos","saúde"]', 'Aumentar a tolerância à frustração', 'Ativação comportamental', 'Relatou leve melhora nos sintomas ao longo da semana.', 'Trabalhar limites nos relacionamentos.', NULL, 1782658690249);
INSERT INTO timeline_events (id, clinic_id, patient_id, session_id, title, description, event_date, category, status, source, created_at) VALUES ('2dbe3576-2a7e-4503-8962-d2538d42766f', '00a53c0f-7baa-45b4-bea5-3159ed4e83ad', '47caef7f-441a-459d-a63e-9f2800785c2e', NULL, 'Ajuste de medicação', 'Percebe-se maior consciência emocional e vocabulário afetivo.', 1776956290249, 'família', 'confirmed', 'manual', 1767970690249);
INSERT INTO timeline_events (id, clinic_id, patient_id, session_id, title, description, event_date, category, status, source, created_at) VALUES ('2c309ac6-211e-465b-ac0d-4f9039bb5191', '00a53c0f-7baa-45b4-bea5-3159ed4e83ad', '47caef7f-441a-459d-a63e-9f2800785c2e', '60e3a243-1b24-462f-81e3-596527411686', 'Perda familiar', 'Relatou leve melhora nos sintomas ao longo da semana.', 1774105090249, 'clínico', 'suggested', 'ai', 1769353090249);
INSERT INTO timeline_events (id, clinic_id, patient_id, session_id, title, description, event_date, category, status, source, created_at) VALUES ('8362e8b3-27de-4375-b4eb-cc6b3ad54ea2', '00a53c0f-7baa-45b4-bea5-3159ed4e83ad', '47caef7f-441a-459d-a63e-9f2800785c2e', NULL, 'Melhora significativa', 'Paciente demonstrou boa adesão às tarefas propostas.', 1772117890249, 'família', 'confirmed', 'manual', 1783090690249);
INSERT INTO timeline_events (id, clinic_id, patient_id, session_id, title, description, event_date, category, status, source, created_at) VALUES ('cb25b8b9-6ac7-4baa-90d9-4a6467867474', '00a53c0f-7baa-45b4-bea5-3159ed4e83ad', '47caef7f-441a-459d-a63e-9f2800785c2e', NULL, 'Perda familiar', 'Relatou leve melhora nos sintomas ao longo da semana.', 1778597890249, 'pessoal', 'confirmed', 'manual', 1771426690249);
INSERT INTO timeline_events (id, clinic_id, patient_id, session_id, title, description, event_date, category, status, source, created_at) VALUES ('ef5593a7-ffc1-401f-b895-985cfda148a1', '00a53c0f-7baa-45b4-bea5-3159ed4e83ad', '47caef7f-441a-459d-a63e-9f2800785c2e', NULL, 'Mudança de emprego', 'Apresentou resistência inicial, mas engajou-se ao final da sessão.', 1776783490249, 'clínico', 'confirmed', 'manual', 1776956290249);
INSERT INTO ai_summaries (id, clinic_id, patient_id, appointment_id, content, suggested_questions, model, status, approved_content, approved_by, approved_at, created_at) VALUES ('6bdf45c8-823e-4500-abd0-88261d822f02', '00a53c0f-7baa-45b4-bea5-3159ed4e83ad', '47caef7f-441a-459d-a63e-9f2800785c2e', NULL, 'Paciente em acompanhamento por sintomas depressivos e desânimo. Ao longo das sessões observa-se evolução gradual, com melhor manejo emocional e boa adesão às técnicas propostas. Recomenda-se manter o plano terapêutico atual.', '["Como você tem dormido esta semana?","O que funcionou melhor entre as estratégias que combinamos?","Houve algum gatilho importante desde a última sessão?"]', 'vinculo-ai', 'ready', NULL, '1c2b3e6a-6d97-4ad5-9167-ccafd03a8006', NULL, 1783263490249);
INSERT INTO appointments (id, clinic_id, patient_id, psychologist_id, starts_at, ends_at, status, created_at) VALUES ('86c17bc1-bae7-43c8-9356-2b0460f8ed90', '00a53c0f-7baa-45b4-bea5-3159ed4e83ad', '47caef7f-441a-459d-a63e-9f2800785c2e', '1c2b3e6a-6d97-4ad5-9167-ccafd03a8006', 1782313090249, 1782316090249, 'done', 1781794690249);
INSERT INTO appointments (id, clinic_id, patient_id, psychologist_id, starts_at, ends_at, status, created_at) VALUES ('d2e7f85d-06c8-4a69-90da-adf838c948d3', '00a53c0f-7baa-45b4-bea5-3159ed4e83ad', '47caef7f-441a-459d-a63e-9f2800785c2e', '1c2b3e6a-6d97-4ad5-9167-ccafd03a8006', 1782917890249, 1782920890249, 'canceled', 1782485890249);
INSERT INTO appointments (id, clinic_id, patient_id, psychologist_id, starts_at, ends_at, status, created_at) VALUES ('f852fa5f-2e3e-4e51-958d-9eeadf32b4d0', '00a53c0f-7baa-45b4-bea5-3159ed4e83ad', '47caef7f-441a-459d-a63e-9f2800785c2e', '1c2b3e6a-6d97-4ad5-9167-ccafd03a8006', 1784213890249, 1783698490249, 'scheduled', 1783349890249);
INSERT INTO consents (id, clinic_id, patient_id, type, version, granted_at, ip, revoked_at, created_at) VALUES ('e0859471-4d1b-4dfa-9ba7-cdb13c248ab1', '00a53c0f-7baa-45b4-bea5-3159ed4e83ad', '47caef7f-441a-459d-a63e-9f2800785c2e', 'general', '1.0', 1772463490249, '189.62.141.25', NULL, 1772463490249);
INSERT INTO consents (id, clinic_id, patient_id, type, version, granted_at, ip, revoked_at, created_at) VALUES ('9e692716-4603-413c-bb1d-5cbfaa078eb9', '00a53c0f-7baa-45b4-bea5-3159ed4e83ad', '47caef7f-441a-459d-a63e-9f2800785c2e', 'ai', '1.0', 1772463490249, '189.173.119.198', NULL, 1772463490249);
INSERT INTO patients (id, clinic_id, psychologist_id, full_name, social_name, cpf, email, phone, whatsapp, birth_date, status, photo, profile, deleted_at, created_at) VALUES ('2f28ab63-6be4-4132-8284-dcd8afaad6b5', '00a53c0f-7baa-45b4-bea5-3159ed4e83ad', '8f2d9ad7-ffc1-478a-b00a-e56f0de21f98', 'Tainá Rodrigues Ferreira', NULL, '627.245.192-69', 'tainá.21@email.com', '(32) 91326-6685', '(86) 97919-9116', 915202690249, 'active', 'data:image/svg+xml;base64,PHN2ZyB4bWxucz0iaHR0cDovL3d3dy53My5vcmcvMjAwMC9zdmciIHZpZXdCb3g9IjAgMCAyODAgMjgwIiBmaWxsPSJub25lIiBzaGFwZS1yZW5kZXJpbmc9ImF1dG8iPjxtZXRhZGF0YSB4bWxuczpyZGY9Imh0dHA6Ly93d3cudzMub3JnLzE5OTkvMDIvMjItcmRmLXN5bnRheC1ucyMiIHhtbG5zOnhzaT0iaHR0cDovL3d3dy53My5vcmcvMjAwMS9YTUxTY2hlbWEtaW5zdGFuY2UiIHhtbG5zOmRjPSJodHRwOi8vcHVybC5vcmcvZGMvZWxlbWVudHMvMS4xLyIgeG1sbnM6ZGN0ZXJtcz0iaHR0cDovL3B1cmwub3JnL2RjL3Rlcm1zLyI+PHJkZjpSREY+PHJkZjpEZXNjcmlwdGlvbj48ZGM6dGl0bGU+QXZhdGFhYXJzPC9kYzp0aXRsZT48ZGM6Y3JlYXRvcj5QYWJsbyBTdGFubGV5PC9kYzpjcmVhdG9yPjxkYzpzb3VyY2UgeHNpOnR5cGU9ImRjdGVybXM6VVJJIj5odHRwczovL2F2YXRhYWFycy5jb20vPC9kYzpzb3VyY2U+PGRjdGVybXM6bGljZW5zZSB4c2k6dHlwZT0iZGN0ZXJtczpVUkkiPmh0dHBzOi8vYXZhdGFhYXJzLmNvbS88L2RjdGVybXM6bGljZW5zZT48ZGM6cmlnaHRzPlJlbWl4IG9mIOKAnkF2YXRhYWFyc+KAnSAoaHR0cHM6Ly9hdmF0YWFhcnMuY29tLykgYnkg4oCeUGFibG8gU3RhbmxleeKAnSwgbGljZW5zZWQgdW5kZXIg4oCeRnJlZSBmb3IgcGVyc29uYWwgYW5kIGNvbW1lcmNpYWwgdXNl4oCdIChodHRwczovL2F2YXRhYWFycy5jb20vKTwvZGM6cmlnaHRzPjwvcmRmOkRlc2NyaXB0aW9uPjwvcmRmOlJERj48L21ldGFkYXRhPjxtYXNrIGlkPSJ2aWV3Ym94TWFzayI+PHJlY3Qgd2lkdGg9IjI4MCIgaGVpZ2h0PSIyODAiIHJ4PSIxNDAiIHJ5PSIxNDAiIHg9IjAiIHk9IjAiIGZpbGw9IiNmZmYiIC8+PC9tYXNrPjxnIG1hc2s9InVybCgjdmlld2JveE1hc2spIj48cmVjdCBmaWxsPSIjZDFkNGY5IiB3aWR0aD0iMjgwIiBoZWlnaHQ9IjI4MCIgeD0iMCIgeT0iMCIgLz48ZyB0cmFuc2Zvcm09InRyYW5zbGF0ZSg4KSI+PHBhdGggZD0iTTEzMiAzNmE1NiA1NiAwIDAgMC01NiA1NnY2LjE3QTEyIDEyIDAgMCAwIDY2IDExMHYxNGExMiAxMiAwIDAgMCAxMC4zIDExLjg4IDU2LjA0IDU2LjA0IDAgMCAwIDMxLjcgNDQuNzN2MTguNGgtNGE3MiA3MiAwIDAgMC03MiA3MnY5aDIwMHYtOWE3MiA3MiAwIDAgMC03Mi03MmgtNHYtMTguMzlhNTYuMDQgNTYuMDQgMCAwIDAgMzEuNy00NC43M0ExMiAxMiAwIDAgMCAxOTggMTI0di0xNGExMiAxMiAwIDAgMC0xMC0xMS44M1Y5MmE1NiA1NiAwIDAgMC01Ni01NloiIGZpbGw9IiNhZTVkMjkiLz48cGF0aCBkPSJNMTA4IDE4MC42MXY4YTU1Ljc5IDU1Ljc5IDAgMCAwIDI0IDUuMzljOC41OSAwIDE2LjczLTEuOTMgMjQtNS4zOXYtOGE1NS43OSA1NS43OSAwIDAgMS0yNCA1LjM5IDU1Ljc5IDU1Ljc5IDAgMCAxLTI0LTUuMzlaIiBmaWxsPSIjMDAwIiBmaWxsLW9wYWNpdHk9Ii4xIi8+PGcgdHJhbnNmb3JtPSJ0cmFuc2xhdGUoMCAxNzApIj48cGF0aCBkPSJNMTMyLjUgNjUuODNjMjcuMzQgMCA0OS41LTEzLjIgNDkuNS0yOS40OCAwLTEuMzctLjE2LTIuNy0uNDYtNC4wMkE3Mi4wMyA3Mi4wMyAwIDAgMSAyMzIgMTAxLjA1VjExMEgzMnYtOC45NUE3Mi4wMyA3Mi4wMyAwIDAgMSA4My41MyAzMmExOCAxOCAwIDAgMC0uNTMgNC4zNWMwIDE2LjI4IDIyLjE2IDI5LjQ4IDQ5LjUgMjkuNDhaIiBmaWxsPSIjM2M0ZjVjIi8+PC9nPjxnIHRyYW5zZm9ybT0idHJhbnNsYXRlKDc4IDEzNCkiPjxwYXRoIGZpbGwtcnVsZT0iZXZlbm9kZCIgY2xpcC1ydWxlPSJldmVub2RkIiBkPSJNNDAuMDYgMjcuNzJDNDAuNyAyMC43IDQ2LjcgMTYgNTQgMTZjNy4zNCAwIDEzLjM2IDQuNzUgMTMuOTUgMTEuODUuMDMuMzgtLjg3LjY3LTEuMzIuNDUtNS41NC0yLjc3LTkuNzUtNC4xNi0xMi42My00LjE2LTIuODQgMC03IDEuMzYtMTIuNDUgNC4wNy0uNS4yNS0xLjUzLS4wNy0xLjUtLjQ5WiIgZmlsbD0iIzAwMCIgZmlsbC1vcGFjaXR5PSIuNyIvPjwvZz48ZyB0cmFuc2Zvcm09InRyYW5zbGF0ZSgxMDQgMTIyKSI+PHBhdGggZmlsbC1ydWxlPSJldmVub2RkIiBjbGlwLXJ1bGU9ImV2ZW5vZGQiIGQ9Ik0xNiA4YzAgNC40MiA1LjM3IDggMTIgOHMxMi0zLjU4IDEyLTgiIGZpbGw9IiMwMDAiIGZpbGwtb3BhY2l0eT0iLjE2Ii8+PC9nPjxnIHRyYW5zZm9ybT0idHJhbnNsYXRlKDc2IDkwKSI+PHBhdGggZD0iTTM2IDIyYTYgNiAwIDEgMS0xMiAwIDYgNiAwIDAgMSAxMiAwWk04OCAyMmE2IDYgMCAxIDEtMTIgMCA2IDYgMCAwIDEgMTIgMFoiIGZpbGw9IiMwMDAiIGZpbGwtb3BhY2l0eT0iLjYiLz48L2c+PGcgdHJhbnNmb3JtPSJ0cmFuc2xhdGUoNzYgODIpIj48ZyBmaWxsLXJ1bGU9ImV2ZW5vZGQiIGNsaXAtcnVsZT0iZXZlbm9kZCIgZmlsbD0iI0RBREFEQSI+PHBhdGggZD0iTTU3IDEyLjgyWk05Ni4xMiA3LjZjMS40Ni41NiA5LjE5IDYuNDMgNy44NiA5LjE2YS44LjggMCAwIDEtMS4yOS4yMiAxMC42MyAxMC42MyAwIDAgMC0xLjctMS4xOWMtNS4xLTIuODQtMTEuMy0xLjkzLTE2LjczLS45MS02LjEyIDEuMTQtMTIuMTEgMy40OC0xOC4zOSAyLjY3LTIuMDQtLjI2LTYuMDgtMS4yMi03LjYzLTIuOTYtLjQ3LS41My0uMDYtMS4zOC42NC0xLjQzIDEuNDQtLjExIDIuODYtLjg2IDQuMzMtMS4yOCAzLjY1LTEuMDMgNy40LTEuNTYgMTEuMTEtMi4yOSA2LjYyLTEuMyAxNS4xNy00LjUzIDIxLjgtMloiLz48cGF0aCBkPSJNNTguNzYgMTIuNzZjLTEuMTcuMDQtMi44IDMuNTYtLjU2IDMuNjggMi4yMy4xMSAxLjczLTMuNzIuNTYtMy42OFpNNTUgMTIuOGMwLS4wMSAwLS4wMSAwIDBaTTE1Ljg4IDcuNTZjLTEuNDYuNTYtOS4xOSA2LjQzLTcuODYgOS4xNi4yNC41Ljg5LjYgMS4yOS4yMi41NS0uNTIgMS41OC0xLjExIDEuNzEtMS4xOCA1LjEtMi44NCAxMS4zLTEuOTMgMTYuNzMtLjkxIDYuMTIgMS4xNCAxMi4xMSAzLjQ4IDE4LjM5IDIuNjcgMi4wNC0uMjYgNi4wOC0xLjIyIDcuNjMtMi45Ni40Ny0uNTMuMDYtMS4zOC0uNjQtMS40My0xLjQ0LS4xMS0yLjg2LS44Ni00LjMzLTEuMjgtMy42NS0xLjAzLTcuNC0xLjU2LTExLjExLTIuMjktNi42Mi0xLjMtMTUuMTctNC41My0yMS44LTJaIi8+PHBhdGggZD0iTTU0Ljk3IDExLjc5YzEuMTcuMDQgMi43NyA0LjUuNTMgNC42Ny0yLjI0LjE4LTEuNy00LjcxLS41My00LjY3WiIvPjwvZz48L2c+PGcgdHJhbnNmb3JtPSJ0cmFuc2xhdGUoLTEpIj48cGF0aCBkPSJNNjcgMTA1LjAyYzExLjM4LS43MiAyNC42OC0xNC40IDMxLjk4LTMzLjk0QzEwOC43OCA3Mi45NCAxMjAuMDQgNzQgMTMyIDc0YzEyLjU1IDAgMjQuMzEtMS4xNiAzNC40NS0zLjIgNy4zOCAxOS45NiAyMS4wMSAzMy44NyAzMi41NSAzNC4yNFY4OGE2NiA2NiAwIDAgMC0zOC01OS43OEExODMuNjQgMTgzLjY0IDAgMCAwIDEzMiAyNmMtOS4yIDAtMTcuOTkuNjMtMjYuMDIgMS43NkE2Ni4wMSA2Ni4wMSAwIDAgMCA2NyA4OHYxNy4wMloiIGZpbGw9IiMwMDAiIGZpbGwtb3BhY2l0eT0iLjE2Ii8+PHBhdGggZD0iTTczIDE5MmE0OCA0OCAwIDAgMCAxMy42LTEuOTUgNzIuMDggNzIuMDggMCAwIDAgMTMuNjggOS4xYzEuNTYtLjEgMy4xMy0uMTUgNC43Mi0uMTVoNHYtMTguMzlhNTYuMDMgNTYuMDMgMCAwIDEtMzEuOC00NS43NEExMiAxMiAwIDAgMSA2NyAxMjN2LTEzYTEyIDEyIDAgMCAxIDEwLTExLjgzdi0uNzVjOC40Ni01LjM4IDE2Ljc1LTE2LjM2IDIxLjk4LTMwLjM0QzEwOC43OCA2OC45NCAxMjAuMDQgNzAgMTMyIDcwYzEyLjU1IDAgMjQuMzEtMS4xNiAzNC40NS0zLjJDMTcxLjc2IDgxLjE3IDE4MC4zMiA5Mi40IDE4OSA5Ny43di40NmMuNDQuMDcuODcuMTcgMS4yOS4yOWEyNC40IDI0LjQgMCAwIDAgMy4yMyAxLjQ3QTExLjk5IDExLjk5IDAgMCAxIDE5OSAxMTB2MTNhMTIgMTIgMCAwIDEtMTAuMiAxMS44N0E1Ni4wMyA1Ni4wMyAwIDAgMSAxNTcgMTgwLjZWMTk5aDRjMS41OSAwIDMuMTYuMDUgNC43Mi4xNWE3Mi4wOCA3Mi4wOCAwIDAgMCAxMy42OS05LjEgNDggNDggMCAwIDAgNDUuMTktODIuMTggNDQuMDEgNDQuMDEgMCAwIDAtMjguMzctNjkuMjhBNDQuMDIgNDQuMDIgMCAwIDAgMTMzIDE1LjlhNDQuMDIgNDQuMDIgMCAwIDAtNjMuMjMgMjIuNyA0NC4wMSA0NC4wMSAwIDAgMC0yOC4zNyA2OS4yN0E0OCA0OCAwIDAgMCA3MyAxOTJaIiBmaWxsPSIjZWNkY2JmIi8+PC9nPjxnIHRyYW5zZm9ybT0idHJhbnNsYXRlKDQ5IDcyKSI+PC9nPjxnIHRyYW5zZm9ybT0idHJhbnNsYXRlKDYyIDQyKSI+PC9nPjwvZz48L2c+PC9zdmc+', '{"personal":{"isChild":false,"sex":"Feminino","gender":"Mulher cisgênero","rg":"58.272.763-7","maritalStatus":"União estável","profession":"Designer","company":"Autônomo","education":"Superior completo","address":"Rua Carvalho, 181","city":"Belo Horizonte","state":"MG","zip":"28495-222"},"clinical":{"complaint":"Luto pela perda de um familiar","goals":"Aumentar a tolerância à frustração","suffering":"Moderado","history":"Primeira experiência com terapia. Buscou ajuda por indicação médica.","priorDiagnoses":"Nenhum","priorTreatments":"Nenhum","psychiatric":"Em acompanhamento psiquiátrico","referrals":"—"},"health":{"depression":false,"anxiety":false,"tdah":false,"tag":false,"bipolar":false,"medications":"—","diseases":"Hipotireoidismo","surgeries":"—","hospitalizations":"Não","familyHistory":"Histórico familiar de depressão/ansiedade"},"lifestyle":{"sleep":"Sono não reparador","diet":"Equilibrada","sports":"Corrida","gym":"Não","alcohol":"Não","smoking":"Ex-fumante","drugs":"Não","religion":"Sem religião","spirituality":"Pouco"},"financial":{"situation":"Instável","income":"1 a 2 salários","work":"CLT","ownHome":"Não","rent":"Sim","withFamily":"Sim","debt":"Endividado","car":"Sim","motorcycle":"Não"},"interests":{"hobbies":"Música","music":"MPB","movies":"Drama","books":"—","games":"Jogos casuais","tech":"Baixo","social":"Pouco ativo"},"personality":{"introvert":false,"extrovert":false,"communicative":true,"reserved":true,"organized":true,"creative":false,"impulsive":false,"notes":"Perfeccionista e autocrítico(a)."},"relationships":{"family":"Distante","friends":"Rede sólida","romantic":"Estável","work":"Boa"}}', NULL, 1773673090249);
INSERT INTO sessions (id, clinic_id, patient_id, psychologist_id, occurred_at, duration_min, mood, emotional_scale, topics, objectives, techniques, evolution, next_steps, free_notes, created_at) VALUES ('81677a5f-7212-4863-a1ed-b957ca93f36f', '00a53c0f-7baa-45b4-bea5-3159ed4e83ad', '2f28ab63-6be4-4132-8284-dcd8afaad6b5', '8f2d9ad7-ffc1-478a-b00a-e56f0de21f98', 1779721090249, 50, 'Ansioso(a)', 4, '["rotina","lazer"]', 'Elaborar o processo de luto', 'Reestruturação cognitiva', 'Apresentou resistência inicial, mas engajou-se ao final da sessão.', 'Retomar atividade física gradualmente.', NULL, 1779721090249);
INSERT INTO sessions (id, clinic_id, patient_id, psychologist_id, occurred_at, duration_min, mood, emotional_scale, topics, objectives, techniques, evolution, next_steps, free_notes, created_at) VALUES ('df75a810-f8c4-463e-a806-e1a1894bda33', '00a53c0f-7baa-45b4-bea5-3159ed4e83ad', '2f28ab63-6be4-4132-8284-dcd8afaad6b5', '8f2d9ad7-ffc1-478a-b00a-e56f0de21f98', 1780412290249, 50, 'Estável', 8, '["rotina","família"]', 'Aumentar a tolerância à frustração', 'Ativação comportamental', 'Paciente demonstrou boa adesão às tarefas propostas.', 'Retomar atividade física gradualmente.', 'Sessão produtiva. Manter plano terapêutico.', 1780412290249);
INSERT INTO sessions (id, clinic_id, patient_id, psychologist_id, occurred_at, duration_min, mood, emotional_scale, topics, objectives, techniques, evolution, next_steps, free_notes, created_at) VALUES ('e423dadd-e6aa-4b0f-a280-2e45681d3607', '00a53c0f-7baa-45b4-bea5-3159ed4e83ad', '2f28ab63-6be4-4132-8284-dcd8afaad6b5', '8f2d9ad7-ffc1-478a-b00a-e56f0de21f98', 1781103490249, 45, 'Estável', 7, '["sono","saúde","autoestima"]', 'Reorganizar a rotina e o autocuidado', 'Respiração diafragmática', 'Relatou leve melhora nos sintomas ao longo da semana.', 'Trabalhar limites nos relacionamentos.', NULL, 1781103490249);
INSERT INTO sessions (id, clinic_id, patient_id, psychologist_id, occurred_at, duration_min, mood, emotional_scale, topics, objectives, techniques, evolution, next_steps, free_notes, created_at) VALUES ('8cc8de88-f69f-4adf-82dd-01908bb66073', '00a53c0f-7baa-45b4-bea5-3159ed4e83ad', '2f28ab63-6be4-4132-8284-dcd8afaad6b5', '8f2d9ad7-ffc1-478a-b00a-e56f0de21f98', 1781621890249, 50, 'Estável', 3, '["ansiedade","relacionamento","luto","sono"]', 'Aumentar a tolerância à frustração', 'Reestruturação cognitiva', 'Paciente demonstrou boa adesão às tarefas propostas.', 'Manter diário do sono.', 'Sessão produtiva. Manter plano terapêutico.', 1781621890249);
INSERT INTO sessions (id, clinic_id, patient_id, psychologist_id, occurred_at, duration_min, mood, emotional_scale, topics, objectives, techniques, evolution, next_steps, free_notes, created_at) VALUES ('2c12f184-e88c-4b3b-b2cf-c52cd63747d9', '00a53c0f-7baa-45b4-bea5-3159ed4e83ad', '2f28ab63-6be4-4132-8284-dcd8afaad6b5', '8f2d9ad7-ffc1-478a-b00a-e56f0de21f98', 1782053890249, 50, 'Irritado(a)', 5, '["rotina","luto","lazer","relacionamento"]', 'Reorganizar a rotina e o autocuidado', 'Treino de habilidades sociais', 'Paciente demonstrou boa adesão às tarefas propostas.', 'Praticar respiração diafragmática 2x ao dia.', NULL, 1782053890249);
INSERT INTO sessions (id, clinic_id, patient_id, psychologist_id, occurred_at, duration_min, mood, emotional_scale, topics, objectives, techniques, evolution, next_steps, free_notes, created_at) VALUES ('be19de0c-9cac-45da-8fcc-3d1d8acbba60', '00a53c0f-7baa-45b4-bea5-3159ed4e83ad', '2f28ab63-6be4-4132-8284-dcd8afaad6b5', '8f2d9ad7-ffc1-478a-b00a-e56f0de21f98', 1782745090249, 50, 'Cansado(a)', 3, '["ansiedade","sono"]', 'Reorganizar a rotina e o autocuidado', 'Respiração diafragmática', 'Trouxe avanços na aplicação das técnicas no dia a dia.', 'Praticar respiração diafragmática 2x ao dia.', NULL, 1782745090249);
INSERT INTO timeline_events (id, clinic_id, patient_id, session_id, title, description, event_date, category, status, source, created_at) VALUES ('35188501-8ed1-4b99-b073-2c817b3b0a57', '00a53c0f-7baa-45b4-bea5-3159ed4e83ad', '2f28ab63-6be4-4132-8284-dcd8afaad6b5', 'be19de0c-9cac-45da-8fcc-3d1d8acbba60', 'Viagem/afastamento', 'Trouxe avanços na aplicação das técnicas no dia a dia.', 1778425090249, 'trabalho', 'confirmed', 'manual', 1775919490249);
INSERT INTO timeline_events (id, clinic_id, patient_id, session_id, title, description, event_date, category, status, source, created_at) VALUES ('2d0be49a-a4a4-4315-a198-feadc080555a', '00a53c0f-7baa-45b4-bea5-3159ed4e83ad', '2f28ab63-6be4-4132-8284-dcd8afaad6b5', '81677a5f-7212-4863-a1ed-b957ca93f36f', 'Recaída pontual', 'Semana difícil, com aumento da sintomatologia ansiosa.', 1766588290249, 'família', 'confirmed', 'ai', 1777733890249);
INSERT INTO timeline_events (id, clinic_id, patient_id, session_id, title, description, event_date, category, status, source, created_at) VALUES ('fa78fb14-95c4-4bc6-87d2-c9c2106caaf4', '00a53c0f-7baa-45b4-bea5-3159ed4e83ad', '2f28ab63-6be4-4132-8284-dcd8afaad6b5', NULL, 'Perda familiar', 'Semana difícil, com aumento da sintomatologia ansiosa.', 1781621890249, 'trabalho', 'suggested', 'ai', 1772636290249);
INSERT INTO timeline_events (id, clinic_id, patient_id, session_id, title, description, event_date, category, status, source, created_at) VALUES ('42ee1841-c304-4c29-970e-0264f3d0756f', '00a53c0f-7baa-45b4-bea5-3159ed4e83ad', '2f28ab63-6be4-4132-8284-dcd8afaad6b5', NULL, 'Perda familiar', 'Trouxe avanços na aplicação das técnicas no dia a dia.', 1767538690249, 'trabalho', 'confirmed', 'ai', 1778338690249);
INSERT INTO ai_summaries (id, clinic_id, patient_id, appointment_id, content, suggested_questions, model, status, approved_content, approved_by, approved_at, created_at) VALUES ('6e9cff50-fdcc-47ff-9eeb-2ee411e986fd', '00a53c0f-7baa-45b4-bea5-3159ed4e83ad', '2f28ab63-6be4-4132-8284-dcd8afaad6b5', NULL, 'Paciente em acompanhamento por baixa autoestima e insegurança. Ao longo das sessões observa-se evolução gradual, com melhor manejo emocional e boa adesão às técnicas propostas. Recomenda-se manter o plano terapêutico atual.', '["Como você tem dormido esta semana?","O que funcionou melhor entre as estratégias que combinamos?","Houve algum gatilho importante desde a última sessão?"]', 'vinculo-ai', 'ready', NULL, NULL, NULL, 1782226690249);
INSERT INTO ai_alerts (id, clinic_id, patient_id, type, severity, message, status, created_at) VALUES ('9b558d6c-61da-4cd3-bee4-3450d0757b4d', '00a53c0f-7baa-45b4-bea5-3159ed4e83ad', '2f28ab63-6be4-4132-8284-dcd8afaad6b5', 'medication', 'medium', 'Relato de interrupção da medicação por conta própria.', 'reviewed', 1780671490249);
INSERT INTO appointments (id, clinic_id, patient_id, psychologist_id, starts_at, ends_at, status, created_at) VALUES ('9d615dfc-1641-46b5-be41-cb011ba2fa09', '00a53c0f-7baa-45b4-bea5-3159ed4e83ad', '2f28ab63-6be4-4132-8284-dcd8afaad6b5', '8f2d9ad7-ffc1-478a-b00a-e56f0de21f98', 1782313090249, 1782316090249, 'done', 1781794690249);
INSERT INTO appointments (id, clinic_id, patient_id, psychologist_id, starts_at, ends_at, status, created_at) VALUES ('76d1ad6e-18db-4b48-9296-d4f4c9b86296', '00a53c0f-7baa-45b4-bea5-3159ed4e83ad', '2f28ab63-6be4-4132-8284-dcd8afaad6b5', '8f2d9ad7-ffc1-478a-b00a-e56f0de21f98', 1782917890249, 1782920890249, 'no_show', 1782485890249);
INSERT INTO appointments (id, clinic_id, patient_id, psychologist_id, starts_at, ends_at, status, created_at) VALUES ('ff8f0d41-1531-4194-91e1-42294645c816', '00a53c0f-7baa-45b4-bea5-3159ed4e83ad', '2f28ab63-6be4-4132-8284-dcd8afaad6b5', '8f2d9ad7-ffc1-478a-b00a-e56f0de21f98', 1784300290249, 1784389690249, 'scheduled', 1783349890249);
INSERT INTO consents (id, clinic_id, patient_id, type, version, granted_at, ip, revoked_at, created_at) VALUES ('3e942db1-d7d5-41d3-8abf-2d9a3998550b', '00a53c0f-7baa-45b4-bea5-3159ed4e83ad', '2f28ab63-6be4-4132-8284-dcd8afaad6b5', 'general', '1.0', 1773673090249, '189.126.80.134', NULL, 1773673090249);
INSERT INTO consents (id, clinic_id, patient_id, type, version, granted_at, ip, revoked_at, created_at) VALUES ('1b8d0a81-0f0f-4aa0-9534-e0af2477954f', '00a53c0f-7baa-45b4-bea5-3159ed4e83ad', '2f28ab63-6be4-4132-8284-dcd8afaad6b5', 'ai', '1.0', 1773673090249, '189.131.9.105', NULL, 1773673090249);
INSERT INTO patients (id, clinic_id, psychologist_id, full_name, social_name, cpf, email, phone, whatsapp, birth_date, status, photo, profile, deleted_at, created_at) VALUES ('24fb8bf3-58fc-4caf-876c-aa654f58c43c', '00a53c0f-7baa-45b4-bea5-3159ed4e83ad', '1c2b3e6a-6d97-4ad5-9167-ccafd03a8006', 'Vitória Barbosa Lima', NULL, '739.173.178-63', 'vitória.22@email.com', '(59) 96555-4811', '(32) 91000-4771', -133174909751, 'active', 'data:image/svg+xml;base64,PHN2ZyB4bWxucz0iaHR0cDovL3d3dy53My5vcmcvMjAwMC9zdmciIHZpZXdCb3g9IjAgMCAyODAgMjgwIiBmaWxsPSJub25lIiBzaGFwZS1yZW5kZXJpbmc9ImF1dG8iPjxtZXRhZGF0YSB4bWxuczpyZGY9Imh0dHA6Ly93d3cudzMub3JnLzE5OTkvMDIvMjItcmRmLXN5bnRheC1ucyMiIHhtbG5zOnhzaT0iaHR0cDovL3d3dy53My5vcmcvMjAwMS9YTUxTY2hlbWEtaW5zdGFuY2UiIHhtbG5zOmRjPSJodHRwOi8vcHVybC5vcmcvZGMvZWxlbWVudHMvMS4xLyIgeG1sbnM6ZGN0ZXJtcz0iaHR0cDovL3B1cmwub3JnL2RjL3Rlcm1zLyI+PHJkZjpSREY+PHJkZjpEZXNjcmlwdGlvbj48ZGM6dGl0bGU+QXZhdGFhYXJzPC9kYzp0aXRsZT48ZGM6Y3JlYXRvcj5QYWJsbyBTdGFubGV5PC9kYzpjcmVhdG9yPjxkYzpzb3VyY2UgeHNpOnR5cGU9ImRjdGVybXM6VVJJIj5odHRwczovL2F2YXRhYWFycy5jb20vPC9kYzpzb3VyY2U+PGRjdGVybXM6bGljZW5zZSB4c2k6dHlwZT0iZGN0ZXJtczpVUkkiPmh0dHBzOi8vYXZhdGFhYXJzLmNvbS88L2RjdGVybXM6bGljZW5zZT48ZGM6cmlnaHRzPlJlbWl4IG9mIOKAnkF2YXRhYWFyc+KAnSAoaHR0cHM6Ly9hdmF0YWFhcnMuY29tLykgYnkg4oCeUGFibG8gU3RhbmxleeKAnSwgbGljZW5zZWQgdW5kZXIg4oCeRnJlZSBmb3IgcGVyc29uYWwgYW5kIGNvbW1lcmNpYWwgdXNl4oCdIChodHRwczovL2F2YXRhYWFycy5jb20vKTwvZGM6cmlnaHRzPjwvcmRmOkRlc2NyaXB0aW9uPjwvcmRmOlJERj48L21ldGFkYXRhPjxtYXNrIGlkPSJ2aWV3Ym94TWFzayI+PHJlY3Qgd2lkdGg9IjI4MCIgaGVpZ2h0PSIyODAiIHJ4PSIxNDAiIHJ5PSIxNDAiIHg9IjAiIHk9IjAiIGZpbGw9IiNmZmYiIC8+PC9tYXNrPjxnIG1hc2s9InVybCgjdmlld2JveE1hc2spIj48cmVjdCBmaWxsPSIjYjZlM2Y0IiB3aWR0aD0iMjgwIiBoZWlnaHQ9IjI4MCIgeD0iMCIgeT0iMCIgLz48ZyB0cmFuc2Zvcm09InRyYW5zbGF0ZSg4KSI+PHBhdGggZD0iTTEzMiAzNmE1NiA1NiAwIDAgMC01NiA1NnY2LjE3QTEyIDEyIDAgMCAwIDY2IDExMHYxNGExMiAxMiAwIDAgMCAxMC4zIDExLjg4IDU2LjA0IDU2LjA0IDAgMCAwIDMxLjcgNDQuNzN2MTguNGgtNGE3MiA3MiAwIDAgMC03MiA3MnY5aDIwMHYtOWE3MiA3MiAwIDAgMC03Mi03MmgtNHYtMTguMzlhNTYuMDQgNTYuMDQgMCAwIDAgMzEuNy00NC43M0ExMiAxMiAwIDAgMCAxOTggMTI0di0xNGExMiAxMiAwIDAgMC0xMC0xMS44M1Y5MmE1NiA1NiAwIDAgMC01Ni01NloiIGZpbGw9IiM2MTQzMzUiLz48cGF0aCBkPSJNMTA4IDE4MC42MXY4YTU1Ljc5IDU1Ljc5IDAgMCAwIDI0IDUuMzljOC41OSAwIDE2LjczLTEuOTMgMjQtNS4zOXYtOGE1NS43OSA1NS43OSAwIDAgMS0yNCA1LjM5IDU1Ljc5IDU1Ljc5IDAgMCAxLTI0LTUuMzlaIiBmaWxsPSIjMDAwIiBmaWxsLW9wYWNpdHk9Ii4xIi8+PGcgdHJhbnNmb3JtPSJ0cmFuc2xhdGUoMCAxNzApIj48cGF0aCBkPSJNMTk2IDM4LjYzVjExMEg2OFYzOC42M2E3MS41MiA3MS41MiAwIDAgMSAyNi04Ljk0djQ0LjNoNzZWMjkuNjlhNzEuNTIgNzEuNTIgMCAwIDEgMjYgOC45NFoiIGZpbGw9IiNmZmZmYjEiLz48cGF0aCBkPSJNODYgODNhNSA1IDAgMSAxLTEwIDAgNSA1IDAgMCAxIDEwIDBaTTE4OCA4M2E1IDUgMCAxIDEtMTAgMCA1IDUgMCAwIDEgMTAgMFoiIGZpbGw9IiNGNEY0RjQiLz48L2c+PGcgdHJhbnNmb3JtPSJ0cmFuc2xhdGUoNzggMTM0KSI+PHBhdGggZmlsbC1ydWxlPSJldmVub2RkIiBjbGlwLXJ1bGU9ImV2ZW5vZGQiIGQ9Ik0zNS4xMiAyOS44N2ExOSAxOSAwIDAgMSAzNy43Ny4wOWMuMDguNzctLjc3IDIuMDQtMS44NSAyLjA0SDM3LjFDMzYgMzIgMzUgMzAuODIgMzUuMTIgMjkuODdaIiBmaWxsPSIjMDAwIiBmaWxsLW9wYWNpdHk9Ii43Ii8+PHBhdGggZD0iTTY5LjU5IDMySDM4LjRhMTEgMTEgMCAwIDEgMTUuNi02LjhBMTEgMTEgMCAwIDEgNjkuNTkgMzJaIiBmaWxsPSIjRkY0RjZEIi8+PHBhdGggZD0iTTY2LjU3IDE3Ljc1QTUgNSAwIDAgMSA2NSAxOEg0NGMtLjggMC0xLjU3LS4yLTIuMjQtLjUzQTE4LjkyIDE4LjkyIDAgMCAxIDU0IDEzYzQuODIgMCA5LjIyIDEuOCAxMi41NyA0Ljc1WiIgZmlsbD0iI2ZmZiIvPjwvZz48ZyB0cmFuc2Zvcm09InRyYW5zbGF0ZSgxMDQgMTIyKSI+PHBhdGggZmlsbC1ydWxlPSJldmVub2RkIiBjbGlwLXJ1bGU9ImV2ZW5vZGQiIGQ9Ik0xNiA4YzAgNC40MiA1LjM3IDggMTIgOHMxMi0zLjU4IDEyLTgiIGZpbGw9IiMwMDAiIGZpbGwtb3BhY2l0eT0iLjE2Ii8+PC9nPjxnIHRyYW5zZm9ybT0idHJhbnNsYXRlKDc2IDkwKSI+PHBhdGggZD0iTTI3IDE2Yy00Ljg0IDAtOSAyLjY1LTEwLjg0IDYuNDUtLjU0IDEuMS4zOSAxLjg1IDEuMjggMS4xMmExNS4xMyAxNS4xMyAwIDAgMSA5LjgtMy4yMiA2IDYgMCAxIDAgMTAuNyAyLjggMiAyIDAgMCAwLS4xMi0uNzRsLS4xNS0uMzhhNiA2IDAgMCAwLTEuNjQtMi40OEMzMy45IDE3LjMyIDMwLjUgMTYgMjcgMTZaTTg1IDE2Yy00Ljg0IDAtOSAyLjY1LTEwLjg0IDYuNDUtLjU0IDEuMS4zOSAxLjg1IDEuMjggMS4xMmExNS4xMyAxNS4xMyAwIDAgMSA5LjgtMy4yMiA2IDYgMCAxIDAgMTAuNyAyLjggMiAyIDAgMCAwLS4xMi0uNzRsLS4xNS0uMzhhNiA2IDAgMCAwLTEuNjQtMi40OEM5MS45IDE3LjMyIDg4LjUgMTYgODUgMTZaIiBmaWxsPSIjMDAwIiBmaWxsLW9wYWNpdHk9Ii42Ii8+PC9nPjxnIHRyYW5zZm9ybT0idHJhbnNsYXRlKDc2IDgyKSI+PHBhdGggZD0iTTQ0LjEgMTcuMTJaTTE5LjI3IDUuMDFhNy4xNiA3LjE2IDAgMCAwLTYuNDIgMi40M2MtLjYuNzMtMS41NiAyLjQ4LTEuNTEgMy40Mi4wMi4zNS4yMi4zNyAxLjEyLjU5IDEuNjUuMzkgNC41LTEuMTIgNi4zNi0uOTggMi41OC4yIDUuMDQgMS40IDcuMjggMi42OCAzLjg0IDIuMiA4LjM1IDYuODQgMTMuMSA2LjYuMzUtLjAyIDUuNDEtMS43NCA0LjQtMi43Mi0uMzEtLjQ5LTMuMDMtMS4xMy0zLjUtMS4zNi0yLjE3LTEuMDktNC4zNy0yLjQ1LTYuNDQtMy43MkMyOS4xNCA5LjE4IDI0LjcyIDUuNiAxOS4yOCA1Wk02OC4wMyAxNy4xMlpNOTIuOTEgNS4wMWMyLjM2LS4yNyA0Ljg1LjUgNi40MiAyLjQzLjYuNzMgMS41NiAyLjQ4IDEuNTEgMy40Mi0uMDIuMzUtLjIyLjM3LTEuMTIuNTktMS42NS4zOS00LjUtMS4xMi02LjM2LS45OC0yLjU4LjItNS4wNCAxLjQtNy4yOCAyLjY4LTMuODQgMi4yLTguMzUgNi44NC0xMy4xIDYuNi0uMzUtLjAyLTUuNDEtMS43NC00LjQtMi43Mi4zMS0uNDkgMy4wMy0xLjEzIDMuNS0xLjM2IDIuMTctMS4wOSA0LjM2LTIuNDUgNi40NC0zLjcyQzgzLjA1IDkuMTggODcuNDYgNS42IDkyLjkxIDVaIiBmaWxsLXJ1bGU9ImV2ZW5vZGQiIGNsaXAtcnVsZT0iZXZlbm9kZCIgZmlsbD0iIzAwMCIgZmlsbC1vcGFjaXR5PSIuNiIvPjwvZz48ZyB0cmFuc2Zvcm09InRyYW5zbGF0ZSgtMSkiPjxwYXRoIGQ9Ik02NyAxMTNjMTAuODYtMjIuNyAzNC42Ny0zMS42IDU1LjQ0LTM5LjM2IDEzLjMyLTQuOTcgMjUuMzktOS40OCAzMi0xNi44NiAyLjIyIDIuMDIgNC43NSA0LjA1IDcuNDEgNi4yQzE3Mi4wNiA3MS4xNiAxODQuMjEgODAuOTEgMTg5IDk4di4xN2ExMiAxMiAwIDAgMSA5LjgxIDkuNzJWODYuMDRjMC0xLjMtLjA1LTIuNTctLjE1LTMuODQgNC41NC0xNy0zLjEtMzcuNzgtMTIuNjYtNDcuMi05LjQ4LTguODItMjIuMy0xMi4zMi0zMC45NS04LjQ4QzE0My40NSA4Ljk4IDEwOS45IDEzLjI0IDkwIDI4Yy0xMy4yMiA5LjgtMjQuNzkgMjUuNzItMjcuODQgNDUuNzVBNDYuMTggNDYuMTggMCAwIDAgNjEgODQuMDV2ODguNWMtLjIgMzEuNS03LjQgODIuNDktMjEgOTAuNDUgNjIuMzYgMTYuOCA3MS45My0zOC4xNSA2OS04MnYtLjM5YTU2LjAzIDU2LjAzIDAgMCAxLTMxLjgtNDUuNzRBMTIgMTIgMCAwIDEgNjcgMTIzdi0xMFpNMTU3IDE4MC42MWE1Ni4wMyA1Ni4wMyAwIDAgMCAzMS44LTQ1Ljc0IDEyIDEyIDAgMCAwIDEwLjAxLTkuNzZ2MS4zNkExMDAgMTAwIDAgMCAwIDIwOS43OCAxNzJsMjYuOTUgNTIuNzFhMzcuNzkgMzcuNzkgMCAwIDEtMy45NCA0MC43NkE3MiA3MiAwIDAgMCAxNjEgMTk5aC00di0xOC4zOVoiIGZpbGw9IiNlOGUxZTEiLz48cGF0aCBkPSJNNjcgMTEzYzEwLjg2LTIyLjcgMzQuNjctMzEuNiA1NS40NC0zOS4zNiAxMy4zMi00Ljk3IDI1LjM5LTkuNDggMzItMTYuODYgMi4yMiAyLjAyIDQuNzUgNC4wNSA3LjQxIDYuMiAxMC4xOSA4LjE3IDIyLjMgMTcuODkgMjcuMTEgMzQuOS00LjU3LTE0LjA0LTE1Ljc1LTIxLjIyLTI1LjYtMjcuNTUtMy4yMS0yLjA2LTYuMjgtNC4wMy04LjkzLTYuMTItNi42IDYuNC0xOC42NyAxMC4zMi0zMiAxNC42NEMxMDEuNjggODUuNTggNzcuODcgOTMuMyA2NyAxMTNaIiBmaWxsPSIjMDAwIiBmaWxsLW9wYWNpdHk9Ii4xNiIvPjwvZz48ZyB0cmFuc2Zvcm09InRyYW5zbGF0ZSg0OSA3MikiPjwvZz48ZyB0cmFuc2Zvcm09InRyYW5zbGF0ZSg2MiA0MikiPjwvZz48L2c+PC9nPjwvc3ZnPg==', '{"personal":{"isChild":false,"sex":"Feminino","gender":"Mulher cisgênero","rg":"36.618.543-6","maritalStatus":"Solteiro(a)","profession":"Enfermeiro","company":"—","education":"Superior completo","address":"Rua Costa, 662","city":"Recife","state":"PE","zip":"84159-776"},"clinical":{"complaint":"Sintomas depressivos e desânimo","goals":"Reorganizar a rotina e o autocuidado","suffering":"Moderado","history":"Já fez acompanhamento anterior por cerca de um ano. Retornou após recaída.","priorDiagnoses":"Nenhum","priorTreatments":"Psicoterapia anterior","psychiatric":"Não","referrals":"—"},"health":{"depression":false,"anxiety":true,"tdah":false,"tag":false,"bipolar":false,"medications":"Clonazepam (SOS)","diseases":"Hipertensão","surgeries":"—","hospitalizations":"Não","familyHistory":"Histórico familiar de depressão/ansiedade"},"lifestyle":{"sleep":"Irregular","diet":"Irregular","sports":"Corrida","gym":"Sim","alcohol":"Social","smoking":"Sim","drugs":"Não","religion":"Sem religião","spirituality":"Pouco"},"financial":{"situation":"Instável","income":"Acima de 8 salários","work":"Servidor público","ownHome":"Sim","rent":"Sim","withFamily":"Não","debt":"Endividado","car":"Sim","motorcycle":"Não"},"interests":{"hobbies":"Games","music":"MPB","movies":"Ficção científica","books":"—","games":"—","tech":"Médio","social":"Instagram"},"personality":{"introvert":false,"extrovert":true,"communicative":false,"reserved":true,"organized":true,"creative":false,"impulsive":true,"notes":"Dificuldade em pedir ajuda."},"relationships":{"family":"Conflituosa","friends":"Rede sólida","romantic":"Instável","work":"Tensa"}}', NULL, 1764946690249);
INSERT INTO sessions (id, clinic_id, patient_id, psychologist_id, occurred_at, duration_min, mood, emotional_scale, topics, objectives, techniques, evolution, next_steps, free_notes, created_at) VALUES ('f2bf73a8-bd5e-42ca-a9f6-161135a6b61f', '00a53c0f-7baa-45b4-bea5-3159ed4e83ad', '24fb8bf3-58fc-4caf-876c-aa654f58c43c', '1c2b3e6a-6d97-4ad5-9167-ccafd03a8006', 1781621890249, 50, 'Motivado(a)', 9, '["ansiedade","luto","relacionamento"]', 'Aumentar a tolerância à frustração', 'Psicoeducação', 'Paciente demonstrou boa adesão às tarefas propostas.', 'Manter diário do sono.', 'Sessão produtiva. Manter plano terapêutico.', 1781621890249);
INSERT INTO sessions (id, clinic_id, patient_id, psychologist_id, occurred_at, duration_min, mood, emotional_scale, topics, objectives, techniques, evolution, next_steps, free_notes, created_at) VALUES ('04410527-ed41-40cc-861b-afce8d22fddb', '00a53c0f-7baa-45b4-bea5-3159ed4e83ad', '24fb8bf3-58fc-4caf-876c-aa654f58c43c', '1c2b3e6a-6d97-4ad5-9167-ccafd03a8006', 1782313090249, 50, 'Esperançoso(a)', 6, '["ansiedade","trabalho","finanças","família"]', 'Aumentar a tolerância à frustração', 'Registro de pensamentos', 'Apresentou resistência inicial, mas engajou-se ao final da sessão.', 'Praticar respiração diafragmática 2x ao dia.', NULL, 1782313090249);
INSERT INTO sessions (id, clinic_id, patient_id, psychologist_id, occurred_at, duration_min, mood, emotional_scale, topics, objectives, techniques, evolution, next_steps, free_notes, created_at) VALUES ('45f6835c-a346-47df-b8d5-92daa91429f2', '00a53c0f-7baa-45b4-bea5-3159ed4e83ad', '24fb8bf3-58fc-4caf-876c-aa654f58c43c', '1c2b3e6a-6d97-4ad5-9167-ccafd03a8006', 1782831490249, 50, 'Estável', 7, '["rotina","autoestima","sono","estudos"]', 'Melhorar a qualidade do sono', 'Reestruturação cognitiva', 'Percebe-se maior consciência emocional e vocabulário afetivo.', 'Praticar respiração diafragmática 2x ao dia.', 'Sessão produtiva. Manter plano terapêutico.', 1782831490249);
INSERT INTO timeline_events (id, clinic_id, patient_id, session_id, title, description, event_date, category, status, source, created_at) VALUES ('9e2df808-f102-46c7-ba09-11a6fbcd3387', '00a53c0f-7baa-45b4-bea5-3159ed4e83ad', '24fb8bf3-58fc-4caf-876c-aa654f58c43c', '04410527-ed41-40cc-861b-afce8d22fddb', 'Perda familiar', 'Trouxe avanços na aplicação das técnicas no dia a dia.', 1774191490249, 'família', 'confirmed', 'ai', 1773154690249);
INSERT INTO timeline_events (id, clinic_id, patient_id, session_id, title, description, event_date, category, status, source, created_at) VALUES ('24ad8774-d4a7-4c12-ab76-d10ed7e2a7bb', '00a53c0f-7baa-45b4-bea5-3159ed4e83ad', '24fb8bf3-58fc-4caf-876c-aa654f58c43c', NULL, 'Início do acompanhamento', 'Semana difícil, com aumento da sintomatologia ansiosa.', 1769353090249, 'família', 'confirmed', 'ai', 1773068290249);
INSERT INTO timeline_events (id, clinic_id, patient_id, session_id, title, description, event_date, category, status, source, created_at) VALUES ('0f74bca2-d143-4335-bf85-3e08868dab68', '00a53c0f-7baa-45b4-bea5-3159ed4e83ad', '24fb8bf3-58fc-4caf-876c-aa654f58c43c', 'f2bf73a8-bd5e-42ca-a9f6-161135a6b61f', 'Conclusão de etapa', 'Paciente demonstrou boa adesão às tarefas propostas.', 1775314690249, 'clínico', 'confirmed', 'ai', 1769525890249);
INSERT INTO timeline_events (id, clinic_id, patient_id, session_id, title, description, event_date, category, status, source, created_at) VALUES ('bf0864af-f3cc-4188-ad20-ecd44378e14c', '00a53c0f-7baa-45b4-bea5-3159ed4e83ad', '24fb8bf3-58fc-4caf-876c-aa654f58c43c', NULL, 'Mudança de emprego', 'Trouxe avanços na aplicação das técnicas no dia a dia.', 1773932290249, 'clínico', 'confirmed', 'ai', 1775055490249);
INSERT INTO ai_summaries (id, clinic_id, patient_id, appointment_id, content, suggested_questions, model, status, approved_content, approved_by, approved_at, created_at) VALUES ('2d3b62da-5164-4176-bf5e-00f23a861349', '00a53c0f-7baa-45b4-bea5-3159ed4e83ad', '24fb8bf3-58fc-4caf-876c-aa654f58c43c', NULL, 'Paciente em acompanhamento por estresse e esgotamento no trabalho (burnout). Ao longo das sessões observa-se evolução gradual, com melhor manejo emocional e boa adesão às técnicas propostas. Recomenda-se manter o plano terapêutico atual.', '["Como você tem dormido esta semana?","O que funcionou melhor entre as estratégias que combinamos?","Houve algum gatilho importante desde a última sessão?"]', 'vinculo-ai', 'approved', NULL, '1c2b3e6a-6d97-4ad5-9167-ccafd03a8006', 1782658690249, 1781189890249);
INSERT INTO appointments (id, clinic_id, patient_id, psychologist_id, starts_at, ends_at, status, created_at) VALUES ('d46f68ff-59be-4a7c-bd9c-42a6056b6b23', '00a53c0f-7baa-45b4-bea5-3159ed4e83ad', '24fb8bf3-58fc-4caf-876c-aa654f58c43c', '1c2b3e6a-6d97-4ad5-9167-ccafd03a8006', 1782313090249, 1782316090249, 'done', 1781794690249);
INSERT INTO appointments (id, clinic_id, patient_id, psychologist_id, starts_at, ends_at, status, created_at) VALUES ('f0ed9c15-3432-4f56-bb53-79d7c96d274b', '00a53c0f-7baa-45b4-bea5-3159ed4e83ad', '24fb8bf3-58fc-4caf-876c-aa654f58c43c', '1c2b3e6a-6d97-4ad5-9167-ccafd03a8006', 1782917890249, 1782920890249, 'canceled', 1782485890249);
INSERT INTO appointments (id, clinic_id, patient_id, psychologist_id, starts_at, ends_at, status, created_at) VALUES ('e99d1bbe-f1b6-4423-8696-c06ea8bf1b8f', '00a53c0f-7baa-45b4-bea5-3159ed4e83ad', '24fb8bf3-58fc-4caf-876c-aa654f58c43c', '1c2b3e6a-6d97-4ad5-9167-ccafd03a8006', 1784041090249, 1783784890249, 'scheduled', 1783349890249);
INSERT INTO consents (id, clinic_id, patient_id, type, version, granted_at, ip, revoked_at, created_at) VALUES ('5030ea2a-7b04-4693-94ed-aba8ede86792', '00a53c0f-7baa-45b4-bea5-3159ed4e83ad', '24fb8bf3-58fc-4caf-876c-aa654f58c43c', 'general', '1.0', 1764946690249, '189.131.216.189', NULL, 1764946690249);
INSERT INTO consents (id, clinic_id, patient_id, type, version, granted_at, ip, revoked_at, created_at) VALUES ('6a2dc410-1c90-4b6e-8579-f794a3a20d3a', '00a53c0f-7baa-45b4-bea5-3159ed4e83ad', '24fb8bf3-58fc-4caf-876c-aa654f58c43c', 'ai', '1.0', 1764946690249, '189.235.48.73', NULL, 1764946690249);
INSERT INTO consents (id, clinic_id, patient_id, type, version, granted_at, ip, revoked_at, created_at) VALUES ('8d156813-b52b-4220-8d9c-3093a21d60be', '00a53c0f-7baa-45b4-bea5-3159ed4e83ad', '24fb8bf3-58fc-4caf-876c-aa654f58c43c', 'recording', '1.0', 1764946690249, NULL, 1782917890249, 1764946690249);
INSERT INTO patients (id, clinic_id, psychologist_id, full_name, social_name, cpf, email, phone, whatsapp, birth_date, status, photo, profile, deleted_at, created_at) VALUES ('9205f155-c8c0-4e06-be55-17061be8d0fd', '00a53c0f-7baa-45b4-bea5-3159ed4e83ad', '3385bafd-2b52-4729-809f-54d2043545f2', 'Davi Dias Carvalho', NULL, '272.839.804-27', 'davi.23@email.com', '(94) 95374-6670', '(99) 95121-8674', 563209090249, 'inactive', 'data:image/svg+xml;base64,PHN2ZyB4bWxucz0iaHR0cDovL3d3dy53My5vcmcvMjAwMC9zdmciIHZpZXdCb3g9IjAgMCAyODAgMjgwIiBmaWxsPSJub25lIiBzaGFwZS1yZW5kZXJpbmc9ImF1dG8iPjxtZXRhZGF0YSB4bWxuczpyZGY9Imh0dHA6Ly93d3cudzMub3JnLzE5OTkvMDIvMjItcmRmLXN5bnRheC1ucyMiIHhtbG5zOnhzaT0iaHR0cDovL3d3dy53My5vcmcvMjAwMS9YTUxTY2hlbWEtaW5zdGFuY2UiIHhtbG5zOmRjPSJodHRwOi8vcHVybC5vcmcvZGMvZWxlbWVudHMvMS4xLyIgeG1sbnM6ZGN0ZXJtcz0iaHR0cDovL3B1cmwub3JnL2RjL3Rlcm1zLyI+PHJkZjpSREY+PHJkZjpEZXNjcmlwdGlvbj48ZGM6dGl0bGU+QXZhdGFhYXJzPC9kYzp0aXRsZT48ZGM6Y3JlYXRvcj5QYWJsbyBTdGFubGV5PC9kYzpjcmVhdG9yPjxkYzpzb3VyY2UgeHNpOnR5cGU9ImRjdGVybXM6VVJJIj5odHRwczovL2F2YXRhYWFycy5jb20vPC9kYzpzb3VyY2U+PGRjdGVybXM6bGljZW5zZSB4c2k6dHlwZT0iZGN0ZXJtczpVUkkiPmh0dHBzOi8vYXZhdGFhYXJzLmNvbS88L2RjdGVybXM6bGljZW5zZT48ZGM6cmlnaHRzPlJlbWl4IG9mIOKAnkF2YXRhYWFyc+KAnSAoaHR0cHM6Ly9hdmF0YWFhcnMuY29tLykgYnkg4oCeUGFibG8gU3RhbmxleeKAnSwgbGljZW5zZWQgdW5kZXIg4oCeRnJlZSBmb3IgcGVyc29uYWwgYW5kIGNvbW1lcmNpYWwgdXNl4oCdIChodHRwczovL2F2YXRhYWFycy5jb20vKTwvZGM6cmlnaHRzPjwvcmRmOkRlc2NyaXB0aW9uPjwvcmRmOlJERj48L21ldGFkYXRhPjxtYXNrIGlkPSJ2aWV3Ym94TWFzayI+PHJlY3Qgd2lkdGg9IjI4MCIgaGVpZ2h0PSIyODAiIHJ4PSIxNDAiIHJ5PSIxNDAiIHg9IjAiIHk9IjAiIGZpbGw9IiNmZmYiIC8+PC9tYXNrPjxnIG1hc2s9InVybCgjdmlld2JveE1hc2spIj48cmVjdCBmaWxsPSIjZmZkZmJmIiB3aWR0aD0iMjgwIiBoZWlnaHQ9IjI4MCIgeD0iMCIgeT0iMCIgLz48ZyB0cmFuc2Zvcm09InRyYW5zbGF0ZSg4KSI+PHBhdGggZD0iTTEzMiAzNmE1NiA1NiAwIDAgMC01NiA1NnY2LjE3QTEyIDEyIDAgMCAwIDY2IDExMHYxNGExMiAxMiAwIDAgMCAxMC4zIDExLjg4IDU2LjA0IDU2LjA0IDAgMCAwIDMxLjcgNDQuNzN2MTguNGgtNGE3MiA3MiAwIDAgMC03MiA3MnY5aDIwMHYtOWE3MiA3MiAwIDAgMC03Mi03MmgtNHYtMTguMzlhNTYuMDQgNTYuMDQgMCAwIDAgMzEuNy00NC43M0ExMiAxMiAwIDAgMCAxOTggMTI0di0xNGExMiAxMiAwIDAgMC0xMC0xMS44M1Y5MmE1NiA1NiAwIDAgMC01Ni01NloiIGZpbGw9IiNlZGI5OGEiLz48cGF0aCBkPSJNMTA4IDE4MC42MXY4YTU1Ljc5IDU1Ljc5IDAgMCAwIDI0IDUuMzljOC41OSAwIDE2LjczLTEuOTMgMjQtNS4zOXYtOGE1NS43OSA1NS43OSAwIDAgMS0yNCA1LjM5IDU1Ljc5IDU1Ljc5IDAgMCAxLTI0LTUuMzlaIiBmaWxsPSIjMDAwIiBmaWxsLW9wYWNpdHk9Ii4xIi8+PGcgdHJhbnNmb3JtPSJ0cmFuc2xhdGUoMCAxNzApIj48cGF0aCBkPSJNOTIuNjggMjkuOTRBNzIuMDIgNzIuMDIgMCAwIDAgMzIgMTAxLjA1VjExMGgyMDB2LTguOTVhNzIuMDIgNzIuMDIgMCAwIDAtNjAuNjgtNzEuMTEgMjMuODcgMjMuODcgMCAwIDEtNy41NiAxMy42bC0yOS4wOCAyNi4yM2E0IDQgMCAwIDEtNS4zNiAwbC0yOS4wOC0yNi4yM2EyMy44NyAyMy44NyAwIDAgMS03LjU2LTEzLjZaIiBmaWxsPSIjM2M0ZjVjIi8+PC9nPjxnIHRyYW5zZm9ybT0idHJhbnNsYXRlKDc4IDEzNCkiPjxwYXRoIGZpbGwtcnVsZT0iZXZlbm9kZCIgY2xpcC1ydWxlPSJldmVub2RkIiBkPSJNNDAgMjlhMTQgMTQgMCAxIDEgMjggMCIgZmlsbD0iIzAwMCIgZmlsbC1vcGFjaXR5PSIuNyIvPjwvZz48ZyB0cmFuc2Zvcm09InRyYW5zbGF0ZSgxMDQgMTIyKSI+PHBhdGggZmlsbC1ydWxlPSJldmVub2RkIiBjbGlwLXJ1bGU9ImV2ZW5vZGQiIGQ9Ik0xNiA4YzAgNC40MiA1LjM3IDggMTIgOHMxMi0zLjU4IDEyLTgiIGZpbGw9IiMwMDAiIGZpbGwtb3BhY2l0eT0iLjE2Ii8+PC9nPjxnIHRyYW5zZm9ybT0idHJhbnNsYXRlKDc2IDkwKSI+PHBhdGggZD0iTTE2LjE2IDI3LjU1YzEuODUgMy44IDYgNi40NSAxMC44NCA2LjQ1IDQuODEgMCA4Ljk2LTIuNjMgMTAuODItNi40LjU1LTEuMTMtLjI0LTIuMDUtMS4wMy0xLjM3YTE1LjA1IDE1LjA1IDAgMCAxLTkuOCAzLjQzYy0zLjczIDAtNy4xMi0xLjI0LTkuNTUtMy4yMy0uOS0uNzMtMS44Mi4wMS0xLjI4IDEuMTJaTTc0LjE2IDI3LjU1YzEuODUgMy44IDYgNi40NSAxMC44NCA2LjQ1IDQuODEgMCA4Ljk2LTIuNjMgMTAuODItNi40LjU1LTEuMTMtLjI0LTIuMDUtMS4wMy0xLjM3YTE1LjA1IDE1LjA1IDAgMCAxLTkuOCAzLjQzYy0zLjc0IDAtNy4xMy0xLjI0LTkuNTYtMy4yMy0uOS0uNzMtMS44Mi4wMS0xLjI4IDEuMTJaIiBmaWxsLXJ1bGU9ImV2ZW5vZGQiIGNsaXAtcnVsZT0iZXZlbm9kZCIgZmlsbD0iIzAwMCIgZmlsbC1vcGFjaXR5PSIuNiIvPjwvZz48ZyB0cmFuc2Zvcm09InRyYW5zbGF0ZSg3NiA4MikiPjxwYXRoIGQ9Ik0xNS42MyAxNy4xNmMzLjkyLTUuNTEgMTQuNjUtOC42IDIzLjktNi4zM2EyIDIgMCAxIDAgLjk1LTMuODhjLTEwLjc0LTIuNjQtMjMuMTcuOTQtMjguMTEgNy45YTIgMiAwIDAgMCAzLjI2IDIuM1pNOTYuMzcgMTcuMTZjLTMuOTEtNS41MS0xNC42NS04LjYtMjMuOS02LjMzYTIgMiAwIDEgMS0uOTUtMy44OGMxMC43NC0yLjY0IDIzLjE3Ljk0IDI4LjExIDcuOWEyIDIgMCAwIDEtMy4yNiAyLjNaIiBmaWxsPSIjMDAwIiBmaWxsLW9wYWNpdHk9Ii42Ii8+PC9nPjxnIHRyYW5zZm9ybT0idHJhbnNsYXRlKC0xKSI+PHBhdGggZmlsbC1ydWxlPSJldmVub2RkIiBjbGlwLXJ1bGU9ImV2ZW5vZGQiIGQ9Ik0xODMuNjggMzguOTVjNS40LTQuOTUgNi43LTE0Ljk5IDMuNjQtMjEuNS0zLjc3LTgtMTEuNDItOS0xOC43NS01LjQ4LTYuOSAzLjMxLTEzLjA2IDQuNDItMjAuNjIgMi44MS03LjI2LTEuNTQtMTQuMTQtNC4yNi0yMS42NS00LjctMTIuMzItLjc0LTI0LjMgMy44My0zMi43IDEzLjA1YTM1Ljc1IDM1Ljc1IDAgMCAwLTQuMTEgNS44Yy0uOTggMS42My0yLjA4IDMuMzgtMi41IDUuMjYtLjIuOS4xOCAzLjEtLjI3IDMuODMtLjQ4LjgtMi4zIDEuNTItMy4wNyAyLjFhMjUuMDIgMjUuMDIgMCAwIDAtNC4xOCA0LjA1Yy0yLjY2IDMuMjItNC4xMyA2LjU5LTUuMzcgMTAuNTctNC4xIDEzLjI1LTQuNDUgMjkgLjg2IDQyIC43IDEuNzQgMi45IDUuMzYgNC4xOCAxLjY0LjI2LS43My0uMzMtMy4xOS0uMzMtMy45MyAwLTIuNzIgMS41LTIwLjczIDguMDUtMzAuODIgMi4xMy0zLjI4IDExLjk3LTE1LjU4IDEzLjk4LTE1LjY4IDEuMDcgMS43IDExLjg4IDEyLjUxIDM5Ljk0IDExLjI0IDEyLjY2LS41OCAyMi40LTYuMjcgMjQuNzQtOC43MyAxLjAzIDUuNTMgMTMgMTMuODEgMTQuODIgMTcuMjIgNS4yNiA5Ljg1IDYuNDMgMzAuMyA4LjQ0IDMwLjI3IDIuMDEtLjA0IDMuNDUtNS4yNCAzLjg3LTYuMjMgMy4wNy03LjM4IDMuNi0xNi42NCAzLjI2LTI0LjU2LS40Mi0xMC4yLTQuNjMtMjEuMjMtMTIuMjMtMjguMjJaIiBmaWxsPSIjZjU5Nzk3Ii8+PC9nPjxnIHRyYW5zZm9ybT0idHJhbnNsYXRlKDQ5IDcyKSI+PC9nPjxnIHRyYW5zZm9ybT0idHJhbnNsYXRlKDYyIDQyKSI+PC9nPjwvZz48L2c+PC9zdmc+', '{"personal":{"isChild":false,"sex":"Masculino","gender":"Homem cisgênero","rg":"15.865.670-4","maritalStatus":"Solteiro(a)","profession":"Vendedora","company":"Empresa privada","education":"Superior completo","address":"Rua Santos, 339","city":"Curitiba","state":"PR","zip":"86141-684"},"clinical":{"complaint":"Dificuldade em lidar com mudanças","goals":"Reorganizar a rotina e o autocuidado","suffering":"Intenso","history":"Histórico familiar de transtornos de humor. Acompanhamento psiquiátrico em paralelo.","priorDiagnoses":"Nenhum","priorTreatments":"Nenhum","psychiatric":"Não","referrals":"—"},"health":{"depression":true,"anxiety":true,"tdah":false,"tag":false,"bipolar":false,"medications":"—","diseases":"—","surgeries":"—","hospitalizations":"Não","familyHistory":"Histórico familiar de depressão/ansiedade"},"lifestyle":{"sleep":"Irregular","diet":"Restritiva","sports":"Sedentário","gym":"Sim","alcohol":"Social","smoking":"Sim","drugs":"Não","religion":"Sem religião","spirituality":"Muito presente"},"financial":{"situation":"Instável","income":"Acima de 8 salários","work":"Desempregado","ownHome":"Não","rent":"Não","withFamily":"Não","debt":"Alguma","car":"Sim","motorcycle":"Não"},"interests":{"hobbies":"Culinária","music":"Pop","movies":"Comédia","books":"Ficção e autoajuda","games":"Jogos casuais","tech":"Baixo","social":"Instagram"},"personality":{"introvert":true,"extrovert":false,"communicative":true,"reserved":true,"organized":true,"creative":true,"impulsive":true,"notes":"Tende a evitar conflitos."},"relationships":{"family":"Boa","friends":"Isolamento recente","romantic":"Em crise","work":"Boa"}}', NULL, 1775055490249);
INSERT INTO sessions (id, clinic_id, patient_id, psychologist_id, occurred_at, duration_min, mood, emotional_scale, topics, objectives, techniques, evolution, next_steps, free_notes, created_at) VALUES ('88560e95-0017-4ac2-a94f-ac0b5b864d03', '00a53c0f-7baa-45b4-bea5-3159ed4e83ad', '9205f155-c8c0-4e06-be55-17061be8d0fd', '3385bafd-2b52-4729-809f-54d2043545f2', 1779807490250, 60, 'Cansado(a)', 5, '["família","ansiedade","rotina"]', 'Fortalecer a autoestima', 'Respiração diafragmática', 'Percebe-se maior consciência emocional e vocabulário afetivo.', 'Manter diário do sono.', NULL, 1779807490250);
INSERT INTO sessions (id, clinic_id, patient_id, psychologist_id, occurred_at, duration_min, mood, emotional_scale, topics, objectives, techniques, evolution, next_steps, free_notes, created_at) VALUES ('36966366-9492-469b-b101-393c7e192452', '00a53c0f-7baa-45b4-bea5-3159ed4e83ad', '9205f155-c8c0-4e06-be55-17061be8d0fd', '3385bafd-2b52-4729-809f-54d2043545f2', 1780498690250, 45, 'Irritado(a)', 4, '["trabalho","estudos","finanças","rotina"]', 'Melhorar a qualidade do sono', 'Registro de pensamentos', 'Trouxe avanços na aplicação das técnicas no dia a dia.', 'Trabalhar limites nos relacionamentos.', 'Sessão produtiva. Manter plano terapêutico.', 1780498690250);
INSERT INTO sessions (id, clinic_id, patient_id, psychologist_id, occurred_at, duration_min, mood, emotional_scale, topics, objectives, techniques, evolution, next_steps, free_notes, created_at) VALUES ('c9382d09-ee17-4936-bd66-e955baf77f03', '00a53c0f-7baa-45b4-bea5-3159ed4e83ad', '9205f155-c8c0-4e06-be55-17061be8d0fd', '3385bafd-2b52-4729-809f-54d2043545f2', 1781103490250, 45, 'Motivado(a)', 4, '["trabalho","saúde","família","estudos"]', 'Aumentar a tolerância à frustração', 'Reestruturação cognitiva', 'Semana difícil, com aumento da sintomatologia ansiosa.', 'Manter diário do sono.', 'Sessão produtiva. Manter plano terapêutico.', 1781103490250);
INSERT INTO sessions (id, clinic_id, patient_id, psychologist_id, occurred_at, duration_min, mood, emotional_scale, topics, objectives, techniques, evolution, next_steps, free_notes, created_at) VALUES ('aacc5744-e016-4f94-a107-95c84728d8a8', '00a53c0f-7baa-45b4-bea5-3159ed4e83ad', '9205f155-c8c0-4e06-be55-17061be8d0fd', '3385bafd-2b52-4729-809f-54d2043545f2', 1781535490250, 45, 'Cansado(a)', 3, '["finanças","ansiedade","relacionamento"]', 'Elaborar o processo de luto', 'Reestruturação cognitiva', 'Percebe-se maior consciência emocional e vocabulário afetivo.', 'Trabalhar limites nos relacionamentos.', 'Sessão produtiva. Manter plano terapêutico.', 1781535490250);
INSERT INTO sessions (id, clinic_id, patient_id, psychologist_id, occurred_at, duration_min, mood, emotional_scale, topics, objectives, techniques, evolution, next_steps, free_notes, created_at) VALUES ('e016d4c9-39b0-45fe-96f5-fe8cc6dc34af', '00a53c0f-7baa-45b4-bea5-3159ed4e83ad', '9205f155-c8c0-4e06-be55-17061be8d0fd', '3385bafd-2b52-4729-809f-54d2043545f2', 1782053890250, 50, 'Esperançoso(a)', 7, '["sono","rotina"]', 'Desenvolver estratégias de enfrentamento', 'Ativação comportamental', 'Trouxe avanços na aplicação das técnicas no dia a dia.', 'Retomar atividade física gradualmente.', NULL, 1782053890250);
INSERT INTO sessions (id, clinic_id, patient_id, psychologist_id, occurred_at, duration_min, mood, emotional_scale, topics, objectives, techniques, evolution, next_steps, free_notes, created_at) VALUES ('98799787-26cc-4594-b509-49d688b327b2', '00a53c0f-7baa-45b4-bea5-3159ed4e83ad', '9205f155-c8c0-4e06-be55-17061be8d0fd', '3385bafd-2b52-4729-809f-54d2043545f2', 1782745090250, 45, 'Deprimido(a)', 4, '["trabalho","estudos","família","saúde"]', 'Melhorar a comunicação nos relacionamentos', 'Técnicas de mindfulness', 'Paciente demonstrou boa adesão às tarefas propostas.', 'Retomar atividade física gradualmente.', NULL, 1782745090250);
INSERT INTO timeline_events (id, clinic_id, patient_id, session_id, title, description, event_date, category, status, source, created_at) VALUES ('602572df-05f6-4666-8b3b-f67a92be81f2', '00a53c0f-7baa-45b4-bea5-3159ed4e83ad', '9205f155-c8c0-4e06-be55-17061be8d0fd', NULL, 'Conclusão de etapa', 'Percebe-se maior consciência emocional e vocabulário afetivo.', 1773327490250, 'pessoal', 'suggested', 'ai', 1779289090250);
INSERT INTO timeline_events (id, clinic_id, patient_id, session_id, title, description, event_date, category, status, source, created_at) VALUES ('919bc545-53eb-4a60-b459-bebac693ed71', '00a53c0f-7baa-45b4-bea5-3159ed4e83ad', '9205f155-c8c0-4e06-be55-17061be8d0fd', 'aacc5744-e016-4f94-a107-95c84728d8a8', 'Início do acompanhamento', 'Percebe-se maior consciência emocional e vocabulário afetivo.', 1769266690250, 'família', 'confirmed', 'manual', 1770908290250);
INSERT INTO timeline_events (id, clinic_id, patient_id, session_id, title, description, event_date, category, status, source, created_at) VALUES ('50a221f8-e46b-4958-ac46-2af172fcd777', '00a53c0f-7baa-45b4-bea5-3159ed4e83ad', '9205f155-c8c0-4e06-be55-17061be8d0fd', NULL, 'Recaída pontual', 'Apresentou resistência inicial, mas engajou-se ao final da sessão.', 1771340290250, 'trabalho', 'confirmed', 'manual', 1769180290250);
INSERT INTO timeline_events (id, clinic_id, patient_id, session_id, title, description, event_date, category, status, source, created_at) VALUES ('bf985b51-6d2f-4117-866d-9a0a8c55aaf0', '00a53c0f-7baa-45b4-bea5-3159ed4e83ad', '9205f155-c8c0-4e06-be55-17061be8d0fd', '98799787-26cc-4594-b509-49d688b327b2', 'Conclusão de etapa', 'Percebe-se maior consciência emocional e vocabulário afetivo.', 1782831490250, 'trabalho', 'confirmed', 'ai', 1773154690250);
INSERT INTO ai_summaries (id, clinic_id, patient_id, appointment_id, content, suggested_questions, model, status, approved_content, approved_by, approved_at, created_at) VALUES ('4260a5c1-a98a-474d-8c34-fc909132da2e', '00a53c0f-7baa-45b4-bea5-3159ed4e83ad', '9205f155-c8c0-4e06-be55-17061be8d0fd', NULL, 'Paciente em acompanhamento por insônia e alterações do sono. Ao longo das sessões observa-se evolução gradual, com melhor manejo emocional e boa adesão às técnicas propostas. Recomenda-se manter o plano terapêutico atual.', '["Como você tem dormido esta semana?","O que funcionou melhor entre as estratégias que combinamos?","Houve algum gatilho importante desde a última sessão?"]', 'vinculo-ai', 'approved', NULL, NULL, 1782399490250, 1782745090250);
INSERT INTO appointments (id, clinic_id, patient_id, psychologist_id, starts_at, ends_at, status, created_at) VALUES ('fdf5e65e-cd0a-45d1-a6af-1a0112302b68', '00a53c0f-7baa-45b4-bea5-3159ed4e83ad', '9205f155-c8c0-4e06-be55-17061be8d0fd', '3385bafd-2b52-4729-809f-54d2043545f2', 1782313090250, 1782316090250, 'done', 1781794690250);
INSERT INTO appointments (id, clinic_id, patient_id, psychologist_id, starts_at, ends_at, status, created_at) VALUES ('df33fe05-e79d-469a-9f9e-1011f98cbc91', '00a53c0f-7baa-45b4-bea5-3159ed4e83ad', '9205f155-c8c0-4e06-be55-17061be8d0fd', '3385bafd-2b52-4729-809f-54d2043545f2', 1782917890250, 1782920890250, 'no_show', 1782485890250);
INSERT INTO consents (id, clinic_id, patient_id, type, version, granted_at, ip, revoked_at, created_at) VALUES ('41c2fb32-fcf0-41bb-a40b-28609fcb1891', '00a53c0f-7baa-45b4-bea5-3159ed4e83ad', '9205f155-c8c0-4e06-be55-17061be8d0fd', 'general', '1.0', 1775055490249, '189.82.38.252', NULL, 1775055490249);
INSERT INTO consents (id, clinic_id, patient_id, type, version, granted_at, ip, revoked_at, created_at) VALUES ('90930d52-ce68-4cff-8318-22addb3f4a2b', '00a53c0f-7baa-45b4-bea5-3159ed4e83ad', '9205f155-c8c0-4e06-be55-17061be8d0fd', 'ai', '1.0', 1775055490249, '189.27.243.32', NULL, 1775055490249);
INSERT INTO consents (id, clinic_id, patient_id, type, version, granted_at, ip, revoked_at, created_at) VALUES ('f04ea346-8ddc-4531-9c67-7ddc258a41a0', '00a53c0f-7baa-45b4-bea5-3159ed4e83ad', '9205f155-c8c0-4e06-be55-17061be8d0fd', 'recording', '1.0', 1775055490249, NULL, 1781967490250, 1775055490249);
INSERT INTO patients (id, clinic_id, psychologist_id, full_name, social_name, cpf, email, phone, whatsapp, birth_date, status, photo, profile, deleted_at, created_at) VALUES ('94f8b73e-801c-4678-94f4-508011f35ece', '00a53c0f-7baa-45b4-bea5-3159ed4e83ad', '1c2b3e6a-6d97-4ad5-9167-ccafd03a8006', 'Aline Ferreira Carvalho', NULL, '372.784.384-37', 'aline.24@email.com', '(63) 92460-8710', '(26) 93158-6718', 1387205890251, 'active', 'data:image/svg+xml;base64,PHN2ZyB4bWxucz0iaHR0cDovL3d3dy53My5vcmcvMjAwMC9zdmciIHZpZXdCb3g9IjAgMCAyODAgMjgwIiBmaWxsPSJub25lIiBzaGFwZS1yZW5kZXJpbmc9ImF1dG8iPjxtZXRhZGF0YSB4bWxuczpyZGY9Imh0dHA6Ly93d3cudzMub3JnLzE5OTkvMDIvMjItcmRmLXN5bnRheC1ucyMiIHhtbG5zOnhzaT0iaHR0cDovL3d3dy53My5vcmcvMjAwMS9YTUxTY2hlbWEtaW5zdGFuY2UiIHhtbG5zOmRjPSJodHRwOi8vcHVybC5vcmcvZGMvZWxlbWVudHMvMS4xLyIgeG1sbnM6ZGN0ZXJtcz0iaHR0cDovL3B1cmwub3JnL2RjL3Rlcm1zLyI+PHJkZjpSREY+PHJkZjpEZXNjcmlwdGlvbj48ZGM6dGl0bGU+QXZhdGFhYXJzPC9kYzp0aXRsZT48ZGM6Y3JlYXRvcj5QYWJsbyBTdGFubGV5PC9kYzpjcmVhdG9yPjxkYzpzb3VyY2UgeHNpOnR5cGU9ImRjdGVybXM6VVJJIj5odHRwczovL2F2YXRhYWFycy5jb20vPC9kYzpzb3VyY2U+PGRjdGVybXM6bGljZW5zZSB4c2k6dHlwZT0iZGN0ZXJtczpVUkkiPmh0dHBzOi8vYXZhdGFhYXJzLmNvbS88L2RjdGVybXM6bGljZW5zZT48ZGM6cmlnaHRzPlJlbWl4IG9mIOKAnkF2YXRhYWFyc+KAnSAoaHR0cHM6Ly9hdmF0YWFhcnMuY29tLykgYnkg4oCeUGFibG8gU3RhbmxleeKAnSwgbGljZW5zZWQgdW5kZXIg4oCeRnJlZSBmb3IgcGVyc29uYWwgYW5kIGNvbW1lcmNpYWwgdXNl4oCdIChodHRwczovL2F2YXRhYWFycy5jb20vKTwvZGM6cmlnaHRzPjwvcmRmOkRlc2NyaXB0aW9uPjwvcmRmOlJERj48L21ldGFkYXRhPjxtYXNrIGlkPSJ2aWV3Ym94TWFzayI+PHJlY3Qgd2lkdGg9IjI4MCIgaGVpZ2h0PSIyODAiIHJ4PSIxNDAiIHJ5PSIxNDAiIHg9IjAiIHk9IjAiIGZpbGw9IiNmZmYiIC8+PC9tYXNrPjxnIG1hc2s9InVybCgjdmlld2JveE1hc2spIj48cmVjdCBmaWxsPSIjYjZlM2Y0IiB3aWR0aD0iMjgwIiBoZWlnaHQ9IjI4MCIgeD0iMCIgeT0iMCIgLz48ZyB0cmFuc2Zvcm09InRyYW5zbGF0ZSg4KSI+PHBhdGggZD0iTTEzMiAzNmE1NiA1NiAwIDAgMC01NiA1NnY2LjE3QTEyIDEyIDAgMCAwIDY2IDExMHYxNGExMiAxMiAwIDAgMCAxMC4zIDExLjg4IDU2LjA0IDU2LjA0IDAgMCAwIDMxLjcgNDQuNzN2MTguNGgtNGE3MiA3MiAwIDAgMC03MiA3MnY5aDIwMHYtOWE3MiA3MiAwIDAgMC03Mi03MmgtNHYtMTguMzlhNTYuMDQgNTYuMDQgMCAwIDAgMzEuNy00NC43M0ExMiAxMiAwIDAgMCAxOTggMTI0di0xNGExMiAxMiAwIDAgMC0xMC0xMS44M1Y5MmE1NiA1NiAwIDAgMC01Ni01NloiIGZpbGw9IiNhZTVkMjkiLz48cGF0aCBkPSJNMTA4IDE4MC42MXY4YTU1Ljc5IDU1Ljc5IDAgMCAwIDI0IDUuMzljOC41OSAwIDE2LjczLTEuOTMgMjQtNS4zOXYtOGE1NS43OSA1NS43OSAwIDAgMS0yNCA1LjM5IDU1Ljc5IDU1Ljc5IDAgMCAxLTI0LTUuMzlaIiBmaWxsPSIjMDAwIiBmaWxsLW9wYWNpdHk9Ii4xIi8+PGcgdHJhbnNmb3JtPSJ0cmFuc2xhdGUoMCAxNzApIj48cGF0aCBkPSJNMTMyIDU3LjA1YzE0LjkxIDAgMjctMTEuMiAyNy0yNSAwLTEuMDEtLjA2LTIuMDEtLjItM2gxLjJhNzIgNzIgMCAwIDEgNzIgNzJWMTEwSDMydi04Ljk1YTcyIDcyIDAgMCAxIDcyLTcyaDEuMmMtLjE0Ljk5LS4yIDEuOTktLjIgMyAwIDEzLjggMTIuMDkgMjUgMjcgMjVaIiBmaWxsPSIjRTZFNkU2Ii8+PHBhdGggZD0iTTEwMC43OCAyOS4xMiAxMDEgMjhjLTIuOTYuMDUtNiAxLTYgMWwtLjQyLjY2QTcyLjAxIDcyLjAxIDAgMCAwIDMyIDEwMS4wNlYxMTBoNzRzLTEwLjctNTEuNTYtNS4yNC04MC44bC4wMi0uMDhaTTE1OCAxMTBzMTEtNTMgNS04MmMyLjk2LjA1IDYgMSA2IDFsLjQyLjY2YTcyLjAxIDcyLjAxIDAgMCAxIDYyLjU4IDcxLjRWMTEwaC03NFoiIGZpbGw9IiNmZmFmYjkiLz48cGF0aCBkPSJNMTAxIDI4Yy02IDI5IDUgODIgNSA4Mkg5MEw3NiA3NGw2LTktNi02IDE5LTMwczMuMDQtLjk1IDYtMVpNMTYzIDI4YzYgMjktNSA4Mi01IDgyaDE2bDE0LTM2LTYtOSA2LTYtMTktMzBzLTMuMDQtLjk1LTYtMVoiIGZpbGwtcnVsZT0iZXZlbm9kZCIgY2xpcC1ydWxlPSJldmVub2RkIiBmaWxsPSIjMDAwIiBmaWxsLW9wYWNpdHk9Ii4xNSIvPjxwYXRoIGQ9Ik0xMDggMjEuNTRjLTYuNzcgNC42LTExIDExLjEyLTExIDE4LjM1IDAgNy40IDQuNDMgMTQuMDUgMTEuNDggMTguNjdsNS45NC00LjY4IDQuNTguMzMtMS0zLjE1LjA4LS4wNmMtNi4xLTMuMTUtMTAuMDgtOC4zLTEwLjA4LTE0LjEyVjIxLjU0Wk0xNTYgMzYuODhjMCA1LjgyLTMuOTggMTAuOTctMTAuMDggMTQuMTJsLjA4LjA2LTEgMy4xNSA0LjU4LS4zMyA1Ljk0IDQuNjhDMTYyLjU3IDUzLjk0IDE2NyA0Ny4yOSAxNjcgMzkuODljMC03LjIzLTQuMjMtMTMuNzUtMTEtMTguMzV2MTUuMzRaIiBmaWxsPSIjRjJGMkYyIi8+PHBhdGggZD0ibTE4My40MiA4NS43Ny44Ny0yLjI0IDYuMjctNC43YTQgNCAwIDAgMSA0Ljg1LjA1bDYuNiA1LjEyLTE4LjU5IDEuNzdaIiBmaWxsPSIjRTZFNkU2Ii8+PC9nPjxnIHRyYW5zZm9ybT0idHJhbnNsYXRlKDc4IDEzNCkiPjxwYXRoIGZpbGwtcnVsZT0iZXZlbm9kZCIgY2xpcC1ydWxlPSJldmVub2RkIiBkPSJNMjkgMTUuNkMzMC40MSAyNS4yNCA0MS4wNiAzMyA1NCAzM2MxMi45NyAwIDIzLjY1LTcuODIgMjUtMTguMjYuMS0uNC0uMjItMS43NC0yLjE3LTEuNzRIMzEuMTdjLTEuNzkgMC0yLjMgMS4yNC0yLjE3IDIuNloiIGZpbGw9IiMwMDAiIGZpbGwtb3BhY2l0eT0iLjciLz48cGF0aCBkPSJNNzAgMTNIMzlhNSA1IDAgMCAwIDUgNWgyMWE1IDUgMCAwIDAgNS01WiIgZmlsbD0iI2ZmZiIvPjxwYXRoIGQ9Ik00MyAyMy41YTEuODggMS44OCAwIDAgMCAwIC4xM3Y4Ljg3YTExLjUgMTEuNSAwIDEgMCAyMyAwdi04Ljg3YTEuNjIgMS42MiAwIDAgMCAwLS4xM2MwLTEuOTMtMi45MS0zLjUtNi41LTMuNS0yLjAxIDAtMy44LjUtNSAxLjI2YTkuNDUgOS40NSAwIDAgMC01LTEuMjZjLTMuNTkgMC02LjUgMS41Ny02LjUgMy41WiIgZmlsbD0iI0ZGNEY2RCIvPjwvZz48ZyB0cmFuc2Zvcm09InRyYW5zbGF0ZSgxMDQgMTIyKSI+PHBhdGggZmlsbC1ydWxlPSJldmVub2RkIiBjbGlwLXJ1bGU9ImV2ZW5vZGQiIGQ9Ik0xNiA4YzAgNC40MiA1LjM3IDggMTIgOHMxMi0zLjU4IDEyLTgiIGZpbGw9IiMwMDAiIGZpbGwtb3BhY2l0eT0iLjE2Ii8+PC9nPjxnIHRyYW5zZm9ybT0idHJhbnNsYXRlKDc2IDkwKSI+PHBhdGggZD0iTTQ0IDIwLjczYzAgNC4yNi02LjI3IDcuNzItMTQgNy43MlMxNiAyNSAxNiAyMC43M0MxNiAxNi40NiAyMi4yNyAxMyAzMCAxM3MxNCAzLjQ2IDE0IDcuNzNaTTk2IDIwLjczYzAgNC4yNi02LjI3IDcuNzItMTQgNy43MlM2OCAyNSA2OCAyMC43M0M2OCAxNi40NiA3NC4yNyAxMyA4MiAxM3MxNCAzLjQ2IDE0IDcuNzNaIiBmaWxsPSIjZmZmIi8+PHBhdGggZD0iTTMyLjgyIDI4LjNhMjUuMTUgMjUuMTUgMCAwIDEtNS42NCAwIDYgNiAwIDEgMSA1LjY0IDBaTTg0LjgyIDI4LjNhMjUuMTUgMjUuMTUgMCAwIDEtNS42NCAwIDYgNiAwIDEgMSA1LjY0IDBaIiBmaWxsPSIjMDAwIiBmaWxsLW9wYWNpdHk9Ii43Ii8+PC9nPjxnIHRyYW5zZm9ybT0idHJhbnNsYXRlKDc2IDgyKSI+PHBhdGggZD0ibTIyLjc3IDEuNTguOS0uNEMyOC45My0uOTEgMzYuODgtLjAzIDQxLjczIDIuM2MuNTcuMjcuMTggMS4xNS0uNCAxLjEtMTQuOTItMS4xNC0yNC45NiA4LjE1LTI4LjM3IDE0LjQ1LS4xLjE4LS40MS4yLS40OS4wMy0yLjMtNS4zMiA0LjQ1LTEzLjk4IDEwLjMtMTYuM1pNODkuMjMgMS41OGwtLjktLjRDODMuMDctLjkxIDc1LjEyLS4wMyA3MC4yNyAyLjNjLS41Ny4yNy0uMTggMS4xNS40IDEuMSAxNC45Mi0xLjE0IDI0Ljk2IDguMTUgMjguMzcgMTQuNDUuMS4xOC40MS4yLjQ5LjAzIDIuMy01LjMyLTQuNDUtMTMuOTgtMTAuMy0xNi4zWiIgZmlsbC1ydWxlPSJldmVub2RkIiBjbGlwLXJ1bGU9ImV2ZW5vZGQiIGZpbGw9IiMwMDAiIGZpbGwtb3BhY2l0eT0iLjYiLz48L2c+PGcgdHJhbnNmb3JtPSJ0cmFuc2xhdGUoLTEpIj48cGF0aCBkPSJNMTMzIDE4YTc0IDc0IDAgMCAwLTc0IDc0djk2YzAgOC41NiAxLjQ1IDE2Ljc4IDQuMTIgMjQuNDJBNzEuNjcgNzEuNjcgMCAwIDEgMTA1IDE5OWg0di0xOC4zOWE1Ni4wMyA1Ni4wMyAwIDAgMS0zMS44LTQ1Ljc0QTEyIDEyIDAgMCAxIDY3IDEyM3YtMTNhMTIgMTIgMCAwIDEgLjQ2LTMuM2MxNy4xMy02LjAyIDMzLjc1LTIxLjk0IDQzLjU5LTQ0LjA0LjQtLjkyLjgtMS44NCAxLjE4LTIuNzYgNC41OCAxMi4yMyAxMy4yMSAyMS4xMSAyNS44OSAyNi42M2E4Ny4zNiA4Ny4zNiAwIDAgMS0xMi40NS0yMC43OGM3Ljk4IDguNSAxOC4zNSAxNi43NCAzMC40OCAyMy43NSAxNC4zMyA4LjI3IDI4LjkxIDEzLjU2IDQxLjg3IDE1Ljc1LjYzIDEuNDUuOTggMy4wNi45OCA0Ljc1djEzYTEyIDEyIDAgMCAxLTEwLjIgMTEuODdBNTYuMDMgNTYuMDMgMCAwIDEgMTU3IDE4MC42VjE5OWg0YTcxLjY3IDcxLjY3IDAgMCAxIDQxLjg4IDEzLjQyQTczLjkgNzMuOSAwIDAgMCAyMDcgMTg4VjkyYTc0IDc0IDAgMCAwLTc0LTc0WiIgZmlsbD0iI2Y1OTc5NyIvPjxwYXRoIGQ9Ik0xMTEuMDUgNjIuNjZDOTkuNTkgODguMzkgNzguOTUgMTA1Ljc1IDU5IDEwOC44NHY0YzE5Ljk1LTMuMSA0MC41OS0yMC40NSA1Mi4wNS00Ni4xOC40LS45Mi44LTEuODQgMS4xOC0yLjc2IDQuNTggMTIuMjMgMTMuMjEgMjEuMTEgMjUuODkgMjYuNjNhNzguMTYgNzguMTYgMCAwIDEtNC42Mi02LjI2Yy0xMC4xOC01LjU2LTE3LjI3LTEzLjY5LTIxLjI3LTI0LjM3YTk4LjggOTguOCAwIDAgMS0xLjE4IDIuNzZaTTEyOS41IDczLjY0YTEzNy4zNCAxMzcuMzQgMCAwIDAgMjYuNjUgMTkuODZjMTcuNzUgMTAuMjUgMzUuOSAxNS45MSA1MC44NSAxNi43OHYtNGMtMTQuOTUtLjg3LTMzLjEtNi41NC01MC44NS0xNi43OC0xMi4xMy03LTIyLjUtMTUuMjQtMzAuNDgtMjMuNzVhOTguMyA5OC4zIDAgMCAwIDMuODMgNy44OVoiIGZpbGw9IiMwMDAiIGZpbGwtb3BhY2l0eT0iLjE2Ii8+PC9nPjxnIHRyYW5zZm9ybT0idHJhbnNsYXRlKDQ5IDcyKSI+PC9nPjxnIHRyYW5zZm9ybT0idHJhbnNsYXRlKDYyIDQyKSI+PC9nPjwvZz48L2c+PC9zdmc+', '{"personal":{"isChild":true,"sex":"Feminino","gender":"Mulher cisgênero","rg":"35.981.328-6","maritalStatus":"Solteiro(a)","profession":"Estudante","company":"Escola Municipal","education":"Ensino fundamental","address":"Rua Rodrigues, 815","city":"São Paulo","state":"SP","zip":"68573-871"},"clinical":{"complaint":"Dificuldade em lidar com mudanças","goals":"Reorganizar a rotina e o autocuidado","suffering":"Leve","history":"Primeira experiência com terapia. Buscou ajuda por indicação médica.","priorDiagnoses":"Nenhum","priorTreatments":"Psicoterapia anterior","psychiatric":"Em acompanhamento psiquiátrico","referrals":"—"},"health":{"depression":true,"anxiety":true,"tdah":false,"tag":false,"bipolar":false,"medications":"Sertralina 50mg","diseases":"—","surgeries":"—","hospitalizations":"Não","familyHistory":"Histórico familiar de depressão/ansiedade"},"lifestyle":{"sleep":"Insônia frequente","diet":"Restritiva","sports":"Sedentário","gym":"Sim","alcohol":"Frequente","smoking":"Não","drugs":"Não","religion":"Budista","spirituality":"Muito presente"},"financial":{"situation":"Instável","income":"2 a 4 salários","work":"Não se aplica","ownHome":"Sim","rent":"Sim","withFamily":"Sim","debt":"Endividado","car":"Não","motorcycle":"Não"},"interests":{"hobbies":"Leitura","music":"Clássica","movies":"Drama","books":"—","games":"—","tech":"Alto","social":"WhatsApp"},"personality":{"introvert":true,"extrovert":true,"communicative":true,"reserved":false,"organized":false,"creative":false,"impulsive":false,"notes":"Tende a evitar conflitos."},"relationships":{"family":"Distante","friends":"Rede sólida","romantic":"Estável","work":"Boa"}}', NULL, 1767020290251);
INSERT INTO sessions (id, clinic_id, patient_id, psychologist_id, occurred_at, duration_min, mood, emotional_scale, topics, objectives, techniques, evolution, next_steps, free_notes, created_at) VALUES ('c9323317-06f7-47e7-b855-9bcc40c0c78b', '00a53c0f-7baa-45b4-bea5-3159ed4e83ad', '94f8b73e-801c-4678-94f4-508011f35ece', '1c2b3e6a-6d97-4ad5-9167-ccafd03a8006', 1779893890251, 50, 'Cansado(a)', 5, '["trabalho","família"]', 'Melhorar a qualidade do sono', 'Respiração diafragmática', 'Paciente demonstrou boa adesão às tarefas propostas.', 'Trabalhar limites nos relacionamentos.', 'Sessão produtiva. Manter plano terapêutico.', 1779893890251);
INSERT INTO sessions (id, clinic_id, patient_id, psychologist_id, occurred_at, duration_min, mood, emotional_scale, topics, objectives, techniques, evolution, next_steps, free_notes, created_at) VALUES ('0a6ad782-be3e-4af9-9460-46ada8058696', '00a53c0f-7baa-45b4-bea5-3159ed4e83ad', '94f8b73e-801c-4678-94f4-508011f35ece', '1c2b3e6a-6d97-4ad5-9167-ccafd03a8006', 1780325890251, 50, 'Esperançoso(a)', 4, '["rotina","ansiedade","saúde","relacionamento"]', 'Desenvolver estratégias de enfrentamento', 'Reestruturação cognitiva', 'Trouxe avanços na aplicação das técnicas no dia a dia.', 'Manter diário do sono.', 'Sessão produtiva. Manter plano terapêutico.', 1780325890251);
INSERT INTO sessions (id, clinic_id, patient_id, psychologist_id, occurred_at, duration_min, mood, emotional_scale, topics, objectives, techniques, evolution, next_steps, free_notes, created_at) VALUES ('5f5be20c-71ed-40c5-a8c7-784960ecddea', '00a53c0f-7baa-45b4-bea5-3159ed4e83ad', '94f8b73e-801c-4678-94f4-508011f35ece', '1c2b3e6a-6d97-4ad5-9167-ccafd03a8006', 1781103490251, 50, 'Cansado(a)', 9, '["estudos","trabalho","ansiedade","lazer"]', 'Melhorar a comunicação nos relacionamentos', 'Registro de pensamentos', 'Relatou leve melhora nos sintomas ao longo da semana.', 'Praticar respiração diafragmática 2x ao dia.', NULL, 1781103490251);
INSERT INTO sessions (id, clinic_id, patient_id, psychologist_id, occurred_at, duration_min, mood, emotional_scale, topics, objectives, techniques, evolution, next_steps, free_notes, created_at) VALUES ('0caeecd9-8d25-449a-ab8e-f7960cd1b226', '00a53c0f-7baa-45b4-bea5-3159ed4e83ad', '94f8b73e-801c-4678-94f4-508011f35ece', '1c2b3e6a-6d97-4ad5-9167-ccafd03a8006', 1781535490251, 50, 'Ansioso(a)', 3, '["relacionamento","autoestima","saúde","família"]', 'Fortalecer a autoestima', 'Ativação comportamental', 'Percebe-se maior consciência emocional e vocabulário afetivo.', 'Praticar respiração diafragmática 2x ao dia.', 'Sessão produtiva. Manter plano terapêutico.', 1781535490251);
INSERT INTO sessions (id, clinic_id, patient_id, psychologist_id, occurred_at, duration_min, mood, emotional_scale, topics, objectives, techniques, evolution, next_steps, free_notes, created_at) VALUES ('5c9f01bc-5f06-4e69-b059-c62187f1cf4c', '00a53c0f-7baa-45b4-bea5-3159ed4e83ad', '94f8b73e-801c-4678-94f4-508011f35ece', '1c2b3e6a-6d97-4ad5-9167-ccafd03a8006', 1782053890251, 50, 'Cansado(a)', 4, '["família","saúde","relacionamento"]', 'Reduzir a frequência das crises de ansiedade', 'Exposição gradual', 'Apresentou resistência inicial, mas engajou-se ao final da sessão.', 'Registrar pensamentos automáticos em situações de gatilho.', 'Sessão produtiva. Manter plano terapêutico.', 1782053890251);
INSERT INTO sessions (id, clinic_id, patient_id, psychologist_id, occurred_at, duration_min, mood, emotional_scale, topics, objectives, techniques, evolution, next_steps, free_notes, created_at) VALUES ('a9692c04-2a44-411b-9c61-6b16f2ac2c2b', '00a53c0f-7baa-45b4-bea5-3159ed4e83ad', '94f8b73e-801c-4678-94f4-508011f35ece', '1c2b3e6a-6d97-4ad5-9167-ccafd03a8006', 1782745090251, 50, 'Angustiado(a)', 4, '["finanças","luto","lazer"]', 'Reduzir a frequência das crises de ansiedade', 'Reestruturação cognitiva', 'Percebe-se maior consciência emocional e vocabulário afetivo.', 'Trabalhar limites nos relacionamentos.', NULL, 1782745090251);
INSERT INTO timeline_events (id, clinic_id, patient_id, session_id, title, description, event_date, category, status, source, created_at) VALUES ('5dbfedef-f150-43e8-812b-75112cf815f4', '00a53c0f-7baa-45b4-bea5-3159ed4e83ad', '94f8b73e-801c-4678-94f4-508011f35ece', NULL, 'Viagem/afastamento', 'Semana difícil, com aumento da sintomatologia ansiosa.', 1767625090251, 'família', 'suggested', 'manual', 1778770690251);
INSERT INTO timeline_events (id, clinic_id, patient_id, session_id, title, description, event_date, category, status, source, created_at) VALUES ('fa1b09f1-d4f7-417f-b1a8-00660b353849', '00a53c0f-7baa-45b4-bea5-3159ed4e83ad', '94f8b73e-801c-4678-94f4-508011f35ece', NULL, 'Perda familiar', 'Relatou leve melhora nos sintomas ao longo da semana.', 1773500290251, 'pessoal', 'confirmed', 'ai', 1776178690251);
INSERT INTO timeline_events (id, clinic_id, patient_id, session_id, title, description, event_date, category, status, source, created_at) VALUES ('73caeb47-18a4-4a61-b688-5d58152e1425', '00a53c0f-7baa-45b4-bea5-3159ed4e83ad', '94f8b73e-801c-4678-94f4-508011f35ece', NULL, 'Conclusão de etapa', 'Trouxe avanços na aplicação das técnicas no dia a dia.', 1782831490251, 'pessoal', 'confirmed', 'manual', 1768402690251);
INSERT INTO timeline_events (id, clinic_id, patient_id, session_id, title, description, event_date, category, status, source, created_at) VALUES ('d981673b-d37b-4b94-a886-4793c91a01e7', '00a53c0f-7baa-45b4-bea5-3159ed4e83ad', '94f8b73e-801c-4678-94f4-508011f35ece', '5c9f01bc-5f06-4e69-b059-c62187f1cf4c', 'Recaída pontual', 'Paciente demonstrou boa adesão às tarefas propostas.', 1767106690251, 'família', 'confirmed', 'ai', 1771340290251);
INSERT INTO ai_summaries (id, clinic_id, patient_id, appointment_id, content, suggested_questions, model, status, approved_content, approved_by, approved_at, created_at) VALUES ('feb6ba66-2daf-4d7f-8990-91b5d0fe2d6d', '00a53c0f-7baa-45b4-bea5-3159ed4e83ad', '94f8b73e-801c-4678-94f4-508011f35ece', NULL, 'Paciente em acompanhamento por ansiedade e crises de pânico. Ao longo das sessões observa-se evolução gradual, com melhor manejo emocional e boa adesão às técnicas propostas. Recomenda-se manter o plano terapêutico atual.', '["Como você tem dormido esta semana?","O que funcionou melhor entre as estratégias que combinamos?","Houve algum gatilho importante desde a última sessão?"]', 'vinculo-ai', 'approved', NULL, '1c2b3e6a-6d97-4ad5-9167-ccafd03a8006', NULL, 1780930690251);
INSERT INTO appointments (id, clinic_id, patient_id, psychologist_id, starts_at, ends_at, status, created_at) VALUES ('d4b30865-e41a-47ee-a294-2ef42c57739a', '00a53c0f-7baa-45b4-bea5-3159ed4e83ad', '94f8b73e-801c-4678-94f4-508011f35ece', '1c2b3e6a-6d97-4ad5-9167-ccafd03a8006', 1782313090251, 1782316090251, 'done', 1781794690251);
INSERT INTO appointments (id, clinic_id, patient_id, psychologist_id, starts_at, ends_at, status, created_at) VALUES ('a2d91cf2-8355-441a-b140-ef6be1d09ec8', '00a53c0f-7baa-45b4-bea5-3159ed4e83ad', '94f8b73e-801c-4678-94f4-508011f35ece', '1c2b3e6a-6d97-4ad5-9167-ccafd03a8006', 1782917890251, 1782920890251, 'done', 1782485890251);
INSERT INTO appointments (id, clinic_id, patient_id, psychologist_id, starts_at, ends_at, status, created_at) VALUES ('bd3e9a49-aa62-424e-9218-9d068e6d971f', '00a53c0f-7baa-45b4-bea5-3159ed4e83ad', '94f8b73e-801c-4678-94f4-508011f35ece', '1c2b3e6a-6d97-4ad5-9167-ccafd03a8006', 1784213890251, 1783612090251, 'scheduled', 1783349890251);
INSERT INTO consents (id, clinic_id, patient_id, type, version, granted_at, ip, revoked_at, created_at) VALUES ('07d82adf-66d9-4f29-a452-54b4bf56caea', '00a53c0f-7baa-45b4-bea5-3159ed4e83ad', '94f8b73e-801c-4678-94f4-508011f35ece', 'general', '1.0', 1767020290251, '189.52.110.226', NULL, 1767020290251);
INSERT INTO consents (id, clinic_id, patient_id, type, version, granted_at, ip, revoked_at, created_at) VALUES ('ff414834-3d1d-405e-b1c8-ca69c2bf8bb0', '00a53c0f-7baa-45b4-bea5-3159ed4e83ad', '94f8b73e-801c-4678-94f4-508011f35ece', 'ai', '1.0', 1767020290251, '189.87.90.130', NULL, 1767020290251);
INSERT INTO clinics (id, name, company_code, plan, tax_id_type, tax_id, is_active, status, trial_ends_at, created_at) VALUES ('8bbe67c5-8a26-4bb3-93fa-274c02a8bdd2', 'Espaço Acolher Psicologia', 'VTX-5B2C5221', 'essencial', 'cpf', '14801715606', 1, 'active', NULL, 1757948290251);
INSERT INTO users (id, clinic_id, email, password_hash, name, role, patient_id, mfa_secret, mfa_enabled, mfa_recovery_codes, is_active, created_at) VALUES ('b55a3cfb-a65d-4540-8821-d20f7a3c8d56', '8bbe67c5-8a26-4bb3-93fa-274c02a8bdd2', 'v191005@hotmail.com', 'pbkdf2$100000$ArGZg2X5k9oYfiEV92ycAg==$qoJAgyM02GwbK7Q9HcsUezDPbylh++oUgAsT7rVZgXA=', 'Dr. Júlio Ramos', 'owner', NULL, NULL, 0, NULL, 1, 1773068290268);
INSERT INTO users (id, clinic_id, email, password_hash, name, role, patient_id, mfa_secret, mfa_enabled, mfa_recovery_codes, is_active, created_at) VALUES ('711ebe58-ac70-442a-9bea-ac22b9466d35', '8bbe67c5-8a26-4bb3-93fa-274c02a8bdd2', 'fernanda.acolher@gmail.com', 'pbkdf2$100000$j1xhMZ0U5hO0huukxvFoww==$ZUl9FEcFOKffh+bGuVP6TgG7zYrj4klENL82yt0c7d0=', 'Fernanda Lima', 'secretary', NULL, NULL, 0, NULL, 1, 1776265090285);
INSERT INTO patients (id, clinic_id, psychologist_id, full_name, social_name, cpf, email, phone, whatsapp, birth_date, status, photo, profile, deleted_at, created_at) VALUES ('f9e4bfde-4843-4783-8b47-81c7722490b2', '8bbe67c5-8a26-4bb3-93fa-274c02a8bdd2', 'b55a3cfb-a65d-4540-8821-d20f7a3c8d56', 'Maria Lima Rocha', NULL, '122.513.705-37', 'maria.0@email.com', '(75) 94305-7502', '(22) 92201-5191', 510073090285, 'active', 'data:image/svg+xml;base64,PHN2ZyB4bWxucz0iaHR0cDovL3d3dy53My5vcmcvMjAwMC9zdmciIHZpZXdCb3g9IjAgMCAyODAgMjgwIiBmaWxsPSJub25lIiBzaGFwZS1yZW5kZXJpbmc9ImF1dG8iPjxtZXRhZGF0YSB4bWxuczpyZGY9Imh0dHA6Ly93d3cudzMub3JnLzE5OTkvMDIvMjItcmRmLXN5bnRheC1ucyMiIHhtbG5zOnhzaT0iaHR0cDovL3d3dy53My5vcmcvMjAwMS9YTUxTY2hlbWEtaW5zdGFuY2UiIHhtbG5zOmRjPSJodHRwOi8vcHVybC5vcmcvZGMvZWxlbWVudHMvMS4xLyIgeG1sbnM6ZGN0ZXJtcz0iaHR0cDovL3B1cmwub3JnL2RjL3Rlcm1zLyI+PHJkZjpSREY+PHJkZjpEZXNjcmlwdGlvbj48ZGM6dGl0bGU+QXZhdGFhYXJzPC9kYzp0aXRsZT48ZGM6Y3JlYXRvcj5QYWJsbyBTdGFubGV5PC9kYzpjcmVhdG9yPjxkYzpzb3VyY2UgeHNpOnR5cGU9ImRjdGVybXM6VVJJIj5odHRwczovL2F2YXRhYWFycy5jb20vPC9kYzpzb3VyY2U+PGRjdGVybXM6bGljZW5zZSB4c2k6dHlwZT0iZGN0ZXJtczpVUkkiPmh0dHBzOi8vYXZhdGFhYXJzLmNvbS88L2RjdGVybXM6bGljZW5zZT48ZGM6cmlnaHRzPlJlbWl4IG9mIOKAnkF2YXRhYWFyc+KAnSAoaHR0cHM6Ly9hdmF0YWFhcnMuY29tLykgYnkg4oCeUGFibG8gU3RhbmxleeKAnSwgbGljZW5zZWQgdW5kZXIg4oCeRnJlZSBmb3IgcGVyc29uYWwgYW5kIGNvbW1lcmNpYWwgdXNl4oCdIChodHRwczovL2F2YXRhYWFycy5jb20vKTwvZGM6cmlnaHRzPjwvcmRmOkRlc2NyaXB0aW9uPjwvcmRmOlJERj48L21ldGFkYXRhPjxtYXNrIGlkPSJ2aWV3Ym94TWFzayI+PHJlY3Qgd2lkdGg9IjI4MCIgaGVpZ2h0PSIyODAiIHJ4PSIxNDAiIHJ5PSIxNDAiIHg9IjAiIHk9IjAiIGZpbGw9IiNmZmYiIC8+PC9tYXNrPjxnIG1hc2s9InVybCgjdmlld2JveE1hc2spIj48cmVjdCBmaWxsPSIjZDFkNGY5IiB3aWR0aD0iMjgwIiBoZWlnaHQ9IjI4MCIgeD0iMCIgeT0iMCIgLz48ZyB0cmFuc2Zvcm09InRyYW5zbGF0ZSg4KSI+PHBhdGggZD0iTTEzMiAzNmE1NiA1NiAwIDAgMC01NiA1NnY2LjE3QTEyIDEyIDAgMCAwIDY2IDExMHYxNGExMiAxMiAwIDAgMCAxMC4zIDExLjg4IDU2LjA0IDU2LjA0IDAgMCAwIDMxLjcgNDQuNzN2MTguNGgtNGE3MiA3MiAwIDAgMC03MiA3MnY5aDIwMHYtOWE3MiA3MiAwIDAgMC03Mi03MmgtNHYtMTguMzlhNTYuMDQgNTYuMDQgMCAwIDAgMzEuNy00NC43M0ExMiAxMiAwIDAgMCAxOTggMTI0di0xNGExMiAxMiAwIDAgMC0xMC0xMS44M1Y5MmE1NiA1NiAwIDAgMC01Ni01NloiIGZpbGw9IiM2MTQzMzUiLz48cGF0aCBkPSJNMTA4IDE4MC42MXY4YTU1Ljc5IDU1Ljc5IDAgMCAwIDI0IDUuMzljOC41OSAwIDE2LjczLTEuOTMgMjQtNS4zOXYtOGE1NS43OSA1NS43OSAwIDAgMS0yNCA1LjM5IDU1Ljc5IDU1Ljc5IDAgMCAxLTI0LTUuMzlaIiBmaWxsPSIjMDAwIiBmaWxsLW9wYWNpdHk9Ii4xIi8+PGcgdHJhbnNmb3JtPSJ0cmFuc2xhdGUoMCAxNzApIj48cGF0aCBkPSJNMTAwLjM3IDI5LjE0YTI3LjYgMjcuNiAwIDAgMSA3LjYzLTcuNTd2MTUuM2MwIDUuODMgMy45OCAxMC45OCAxMC4wOCAxNC4xM2wtLjA4LjA2LjkgMi44NmMzLjg5IDIgOC4zNSAzLjEzIDEzLjEgMy4xM3M5LjIxLTEuMTMgMTMuMS0zLjEzbC45LTIuODYtLjA4LS4wNmM2LjEtMy4xNSAxMC4wOC04LjMgMTAuMDgtMTQuMTJ2LTE0LjZhMjcuMSAyNy4xIDAgMCAxIDYuNiA2LjgyIDcyIDcyIDAgMCAxIDY5LjQgNzEuOTVWMTEwSDMydi04Ljk1YTcyIDcyIDAgMCAxIDY4LjM3LTcxLjlaIiBmaWxsPSIjM2M0ZjVjIi8+PHBhdGggZD0iTTEwOCAyMS41N2MtNi43NyA0LjYtMTEgMTEuMTctMTEgMTguNDYgMCA3LjQgNC4zNiAxNC4wNSAxMS4zIDE4LjY2bDYuMTItNC44MSA0LjU4LjMzLTEtMy4xNS4wOC0uMDZjLTYuMS0zLjE1LTEwLjA4LTguMy0xMC4wOC0xNC4xMnYtMTUuM1pNMTU2IDM2Ljg4YzAgNS44Mi0zLjk4IDEwLjk3LTEwLjA4IDE0LjEybC4wOC4wNi0xIDMuMTUgNC41OC0uMzMgNS42NSA0LjQ1YzYuNjMtNC42IDEwLjc3LTExLjEgMTAuNzctMTguMyAwLTYuOTItMy44Mi0xMy4yLTEwLTE3Ljc1djE0LjZaIiBmaWxsPSIjZmZmIiBmaWxsLW9wYWNpdHk9Ii43NSIvPjwvZz48ZyB0cmFuc2Zvcm09InRyYW5zbGF0ZSg3OCAxMzQpIj48cmVjdCB4PSIyMiIgeT0iNyIgd2lkdGg9IjY0IiBoZWlnaHQ9IjI2IiByeD0iMTMiIGZpbGw9IiMwMDAiIGZpbGwtb3BhY2l0eT0iLjYiLz48cmVjdCB4PSIyNCIgeT0iOSIgd2lkdGg9IjYwIiBoZWlnaHQ9IjIyIiByeD0iMTEiIGZpbGw9IiNmZmYiLz48cGF0aCBkPSJNMjQuMTggMThIMzJWOS40MUExMSAxMSAwIDAgMSAzNSA5aDF2OWg5VjloNHY5aDlWOWg0djloOVY5aDJjLjY4IDAgMS4zNS4wNiAyIC4xOFYxOGg4LjgybC4wNS4yOHYzLjQ0bC0uMDUuMjhINzV2OC44MmMtLjY1LjEyLTEuMzIuMTgtMiAuMThoLTJ2LTloLTl2OWgtNHYtOWgtOXY5aC00di05aC05djloLTFhMTEgMTEgMCAwIDEtMy0uNDFWMjJoLTcuODJhMTEuMDYgMTEuMDYgMCAwIDEgMC00WiIgZmlsbD0iI0U2RTZFNiIvPjwvZz48ZyB0cmFuc2Zvcm09InRyYW5zbGF0ZSgxMDQgMTIyKSI+PHBhdGggZmlsbC1ydWxlPSJldmVub2RkIiBjbGlwLXJ1bGU9ImV2ZW5vZGQiIGQ9Ik0xNiA4YzAgNC40MiA1LjM3IDggMTIgOHMxMi0zLjU4IDEyLTgiIGZpbGw9IiMwMDAiIGZpbGwtb3BhY2l0eT0iLjE2Ii8+PC9nPjxnIHRyYW5zZm9ybT0idHJhbnNsYXRlKDc2IDkwKSI+PHBhdGggZD0iTTQ0IDIyYTE0IDE0IDAgMSAxLTI4IDAgMTQgMTQgMCAwIDEgMjggMFpNOTYgMjJhMTQgMTQgMCAxIDEtMjggMCAxNCAxNCAwIDAgMSAyOCAwWiIgZmlsbD0iI2ZmZiIvPjxwYXRoIGQ9Ik0zNiAxNGE2IDYgMCAxIDEtMTIgMCA2IDYgMCAwIDEgMTIgMFpNODggMTRhNiA2IDAgMSAxLTEyIDAgNiA2IDAgMCAxIDEyIDBaIiBmaWxsPSIjMDAwIiBmaWxsLW9wYWNpdHk9Ii43Ii8+PC9nPjxnIHRyYW5zZm9ybT0idHJhbnNsYXRlKDc2IDgyKSI+PHBhdGggZD0iTTE1LjYzIDE3LjE2YzMuOTItNS41MSAxNC42NS04LjYgMjMuOS02LjMzYTIgMiAwIDEgMCAuOTUtMy44OGMtMTAuNzQtMi42NC0yMy4xNy45NC0yOC4xMSA3LjlhMiAyIDAgMCAwIDMuMjYgMi4zWk05Ni4zNyAxNy4xNmMtMy45MS01LjUxLTE0LjY1LTguNi0yMy45LTYuMzNhMiAyIDAgMSAxLS45NS0zLjg4YzEwLjc0LTIuNjQgMjMuMTcuOTQgMjguMTEgNy45YTIgMiAwIDAgMS0zLjI2IDIuM1oiIGZpbGw9IiMwMDAiIGZpbGwtb3BhY2l0eT0iLjYiLz48L2c+PGcgdHJhbnNmb3JtPSJ0cmFuc2xhdGUoLTEpIj48cGF0aCBkPSJNNDQuODMgMTA1LjZjLS4zOS0xLjYxLS43Ny0zLjI0LTEuMTMtNC45Mi0xLjk1LTkuMjMtMi45NS0yMC4yMiAyLjg5LTM5LjY3LTYuOSAyMi45OS00LjI1IDM0LjE1LTEuNzYgNDQuNTggMS4yMyA1LjIgMi40MyAxMC4yIDIuMzcgMTYuNGExNS40NCAxNS40NCAwIDAgMCAwIDBjLjA2LTYuMi0xLjE0LTExLjIxLTIuMzctMTYuNFpNMjE4LjM4IDExNC4yM2MtLjEzLjQtLjE2LjgtLjE4IDEuMjNsLjE4LTEuMjNaTTIxOC4wNSAxMTYuODFjLS4xMSAxLjA5LS4yIDIuMi0uMjMgMy4zNS0yOS4wNC0xMC43Ni01NC45NC0yOS42Mi03MC4zMi01MS41NS0xMi4xIDE1LjYyLTMxLjk2IDIzLjA0LTUxLjYzIDMwLjQtMTcuMzggNi41LTM0LjYyIDEyLjk0LTQ2LjIgMjQuOTRsMS4wOS0xLjVjMTEtMTQuNiAyOC43Ni0yMS44OCA0Ni43LTI5LjI0IDE4LjgyLTcuNzEgMzcuODItMTUuNSA0OS4zOS0zMS45IDE1LjQgMjQuMSA0MS44MSA0NC42NSA3MS4xNiA1NS42M2wuMDQtLjEyWiIgZmlsbD0iIzAwMCIgZmlsbC1vcGFjaXR5PSIuMTYiLz48cGF0aCBkPSJNMzIgMjgwaDF2LTlhNzIgNzIgMCAwIDEgNzItNzJoNHYtMTguMzlhNTYuMDMgNTYuMDMgMCAwIDEtMzEuOC00NS43NEExMiAxMiAwIDAgMSA2NyAxMjN2LTEzYzAtLjguMDgtMS41Ny4yMi0yLjMyIDkuMTItNS44MiAxOS42NS0xMC4xMyAzMC4yNC0xNC40OCAxOC44MS03LjcxIDM3LjgyLTE1LjUgNDkuMzktMzEuOUMxNTguOCA4MCAxNzcuNCA5Ni42IDE5OC44NyAxMDguMmMuMDguNTkuMTMgMS4xOS4xMyAxLjh2MTNhMTIgMTIgMCAwIDEtMTAuMiAxMS44N0E1Ni4wMyA1Ni4wMyAwIDAgMSAxNTcgMTgwLjZWMTk5aDRhNzIgNzIgMCAwIDEgNzIgNzJ2OWMyNC40MS0xMy45NCAxNS44Ni0zMy4yMSA2LjI4LTQ4LjQ2YTMwMy4xNyAzMDMuMTcgMCAwIDAtNC4wNy02LjI3Yy0zLjQ4LTUuMjUtNi40NS05Ljc0LTcuMi0xMi45Ny0uMS0uNDYtLjE3LS45LS4xOC0xLjMtLjE0LTQuNjIgMy4xNC03Ljg0IDcuMTYtMTEuNzggNi4yMi02LjA4IDE0LjE4LTEzLjg5IDE0LjAxLTMxLjIyLS41MS0xNS44My05LjgtMjIuMjUtMTguMS0yOC02LjkzLTQuNzgtMTMuMTctOS4xLTEzLjEtMTgtLjAxLTEuODIuMDgtMy41NC4yNS01LjE5LjExLS40LjEzLS44My4xNS0xLjI1di0uMWMuNDUtMy40NCAxLjItNi42MiAxLjk4LTkuODcgMi41NS0xMC43MiA1LjMtMjIuMjMtMi4zOC00Ni41OS0yLjktOS4xMi02Ljk3LTE2LjUtMTIuMS0yMi40Ni0xNC4xMi0xNi40Mi0zNi4zNS0yMi4wNC02NC45LTIzLjI5LTIuNTUtLjExLTUuMTUtLjE5LTcuOC0uMjNWMTNoLTFjLTQzLjA4Ljc3LTczLjE2IDkuNTQtODQuOCA0Ni03LjY3IDI0LjM2LTQuOTMgMzUuODctMi4zNyA0Ni42IDEuMjMgNS4xOSAyLjQzIDEwLjIgMi4zNyAxNi40LjAzIDMuNzUtMS4wNiA2LjctMi44NSA5LjItMi40NiAzLjQzLTYuMjMgNi4wNC0xMC4yNCA4LjgtOC4zIDUuNzUtMTcuNiAxMi4xNy0xOC4xIDI4LS4xNyAxNy4zMyA3LjggMjUuMTQgMTQuMDEgMzEuMjIgNC4wMyAzLjk0IDcuMzIgNy4xNiA3LjE3IDExLjc4LS4wOCAzLjI2LTMuNCA4LjI3LTcuMzggMTQuMjctMTAuNTQgMTUuOS0yNS43IDM4LjggMi4yIDU0LjczWiIgZmlsbD0iI2VjZGNiZiIvPjxwYXRoIGZpbGwtcnVsZT0iZXZlbm9kZCIgY2xpcC1ydWxlPSJldmVub2RkIiBkPSJNNTAuNTggMTIyLjQ1YzIyLjU0LTI5LjkyIDczLjQ5LTI5LjEzIDk2LjA5LTYxLjE1IDE1LjQgMjQuMSA0MS44MiA0NC42NSA3MS4xNiA1NS42My4zLS44Ni4wOC0xLjg1LjM3LTIuNyAyLjE1LTE0LjE0IDkuMTQtMjQuMzctLjU4LTU1LjIzLTExLjYzLTM2LjQ2LTQxLjcxLTQ1LjIzLTg0LjgtNDUuOThsLTEtLjAyYy00My4wOC43Ny03My4xNiA5LjU0LTg0LjggNDYtMTEuMzggMzYuMTYuMTcgNDQgMCA2MyAuMDQgMy43NS0xLjA1IDYuNy0yLjg1IDkuMi4xOS40IDQuMTYtNS43NiA2LjQxLTguNzVaIiBmaWxsPSIjZmZmIiBmaWxsLW9wYWNpdHk9Ii4yIi8+PC9nPjxnIHRyYW5zZm9ybT0idHJhbnNsYXRlKDQ5IDcyKSI+PC9nPjxnIHRyYW5zZm9ybT0idHJhbnNsYXRlKDYyIDQyKSI+PC9nPjwvZz48L2c+PC9zdmc+', '{"personal":{"isChild":false,"sex":"Feminino","gender":"Mulher cisgênero","rg":"14.474.450-3","maritalStatus":"Casado(a)","profession":"Designer","company":"—","education":"Superior incompleto","address":"Rua Souza, 47","city":"Belo Horizonte","state":"MG","zip":"77653-246"},"clinical":{"complaint":"Conflitos familiares","goals":"Elaborar o processo de luto","suffering":"Moderado","history":"Procurou a clínica de forma espontânea, motivado(a) por autoconhecimento.","priorDiagnoses":"Episódio depressivo","priorTreatments":"Nenhum","psychiatric":"Não","referrals":"—"},"health":{"depression":false,"anxiety":true,"tdah":false,"tag":false,"bipolar":false,"medications":"—","diseases":"—","surgeries":"—","hospitalizations":"Não","familyHistory":"Histórico familiar de depressão/ansiedade"},"lifestyle":{"sleep":"Insônia frequente","diet":"Restritiva","sports":"Sedentário","gym":"Não","alcohol":"Não","smoking":"Ex-fumante","drugs":"Não","religion":"Católica","spirituality":"Pouco"},"financial":{"situation":"Em dificuldade","income":"4 a 8 salários","work":"Desempregado","ownHome":"Sim","rent":"Sim","withFamily":"Não","debt":"Alguma","car":"Sim","motorcycle":"Não"},"interests":{"hobbies":"Leitura","music":"Rock","movies":"Ficção científica","books":"—","games":"Jogos casuais","tech":"Baixo","social":"Instagram"},"personality":{"introvert":true,"extrovert":true,"communicative":true,"reserved":true,"organized":false,"creative":true,"impulsive":false,"notes":"Perfeccionista e autocrítico(a)."},"relationships":{"family":"Muito próxima","friends":"Poucos amigos","romantic":"Em crise","work":"Neutra"}}', NULL, 1773845890286);
INSERT INTO sessions (id, clinic_id, patient_id, psychologist_id, occurred_at, duration_min, mood, emotional_scale, topics, objectives, techniques, evolution, next_steps, free_notes, created_at) VALUES ('abaef686-9e0d-4b56-ad94-83249f4dab31', '8bbe67c5-8a26-4bb3-93fa-274c02a8bdd2', 'f9e4bfde-4843-4783-8b47-81c7722490b2', 'b55a3cfb-a65d-4540-8821-d20f7a3c8d56', 1780930690286, 60, 'Cansado(a)', 7, '["lazer","ansiedade","finanças"]', 'Fortalecer a autoestima', 'Técnicas de mindfulness', 'Paciente demonstrou boa adesão às tarefas propostas.', 'Manter diário do sono.', 'Sessão produtiva. Manter plano terapêutico.', 1780930690286);
INSERT INTO sessions (id, clinic_id, patient_id, psychologist_id, occurred_at, duration_min, mood, emotional_scale, topics, objectives, techniques, evolution, next_steps, free_notes, created_at) VALUES ('3f194dc4-7e26-4f38-86c0-0d5ab1b271f7', '8bbe67c5-8a26-4bb3-93fa-274c02a8bdd2', 'f9e4bfde-4843-4783-8b47-81c7722490b2', 'b55a3cfb-a65d-4540-8821-d20f7a3c8d56', 1781535490286, 45, 'Estável', 5, '["ansiedade","saúde"]', 'Reorganizar a rotina e o autocuidado', 'Exposição gradual', 'Paciente demonstrou boa adesão às tarefas propostas.', 'Retomar atividade física gradualmente.', 'Sessão produtiva. Manter plano terapêutico.', 1781535490286);
INSERT INTO sessions (id, clinic_id, patient_id, psychologist_id, occurred_at, duration_min, mood, emotional_scale, topics, objectives, techniques, evolution, next_steps, free_notes, created_at) VALUES ('132117ca-b064-45ef-9710-5f482b9f5919', '8bbe67c5-8a26-4bb3-93fa-274c02a8bdd2', 'f9e4bfde-4843-4783-8b47-81c7722490b2', 'b55a3cfb-a65d-4540-8821-d20f7a3c8d56', 1782140290286, 50, 'Irritado(a)', 7, '["sono","trabalho","autoestima","saúde"]', 'Desenvolver estratégias de enfrentamento', 'Exposição gradual', 'Relatou leve melhora nos sintomas ao longo da semana.', 'Registrar pensamentos automáticos em situações de gatilho.', NULL, 1782140290286);
INSERT INTO sessions (id, clinic_id, patient_id, psychologist_id, occurred_at, duration_min, mood, emotional_scale, topics, objectives, techniques, evolution, next_steps, free_notes, created_at) VALUES ('6dfa5dad-35e5-4188-9e7e-68dbf6835cca', '8bbe67c5-8a26-4bb3-93fa-274c02a8bdd2', 'f9e4bfde-4843-4783-8b47-81c7722490b2', 'b55a3cfb-a65d-4540-8821-d20f7a3c8d56', 1782831490286, 60, 'Deprimido(a)', 4, '["trabalho","família"]', 'Melhorar a qualidade do sono', 'Treino de habilidades sociais', 'Semana difícil, com aumento da sintomatologia ansiosa.', 'Retomar atividade física gradualmente.', NULL, 1782831490286);
INSERT INTO timeline_events (id, clinic_id, patient_id, session_id, title, description, event_date, category, status, source, created_at) VALUES ('59fc6b42-7f24-4748-bdb6-dc25e3183abc', '8bbe67c5-8a26-4bb3-93fa-274c02a8bdd2', 'f9e4bfde-4843-4783-8b47-81c7722490b2', NULL, 'Conclusão de etapa', 'Trouxe avanços na aplicação das técnicas no dia a dia.', 1775228290286, 'família', 'confirmed', 'manual', 1774018690286);
INSERT INTO timeline_events (id, clinic_id, patient_id, session_id, title, description, event_date, category, status, source, created_at) VALUES ('1fd6aa3b-b7e0-4426-a07b-1029261b7ab5', '8bbe67c5-8a26-4bb3-93fa-274c02a8bdd2', 'f9e4bfde-4843-4783-8b47-81c7722490b2', '6dfa5dad-35e5-4188-9e7e-68dbf6835cca', 'Perda familiar', 'Paciente demonstrou boa adesão às tarefas propostas.', 1766847490286, 'trabalho', 'confirmed', 'manual', 1777820290286);
INSERT INTO timeline_events (id, clinic_id, patient_id, session_id, title, description, event_date, category, status, source, created_at) VALUES ('0ea57836-e482-4711-a01e-6dd4627222dd', '8bbe67c5-8a26-4bb3-93fa-274c02a8bdd2', 'f9e4bfde-4843-4783-8b47-81c7722490b2', NULL, 'Ajuste de medicação', 'Trouxe avanços na aplicação das técnicas no dia a dia.', 1779461890286, 'trabalho', 'confirmed', 'manual', 1777301890286);
INSERT INTO timeline_events (id, clinic_id, patient_id, session_id, title, description, event_date, category, status, source, created_at) VALUES ('276d8fea-00e1-4c39-9bc4-9112ca9a4fbc', '8bbe67c5-8a26-4bb3-93fa-274c02a8bdd2', 'f9e4bfde-4843-4783-8b47-81c7722490b2', 'abaef686-9e0d-4b56-ad94-83249f4dab31', 'Melhora significativa', 'Paciente demonstrou boa adesão às tarefas propostas.', 1776610690286, 'família', 'confirmed', 'ai', 1780757890286);
INSERT INTO ai_summaries (id, clinic_id, patient_id, appointment_id, content, suggested_questions, model, status, approved_content, approved_by, approved_at, created_at) VALUES ('3153db59-ac6b-4e3f-ac66-e4131bf3fad4', '8bbe67c5-8a26-4bb3-93fa-274c02a8bdd2', 'f9e4bfde-4843-4783-8b47-81c7722490b2', NULL, 'Paciente em acompanhamento por ansiedade e crises de pânico. Ao longo das sessões observa-se evolução gradual, com melhor manejo emocional e boa adesão às técnicas propostas. Recomenda-se manter o plano terapêutico atual.', '["Como você tem dormido esta semana?","O que funcionou melhor entre as estratégias que combinamos?","Houve algum gatilho importante desde a última sessão?"]', 'vinculo-ai', 'approved', NULL, NULL, NULL, 1782572290286);
INSERT INTO ai_alerts (id, clinic_id, patient_id, type, severity, message, status, created_at) VALUES ('21e6d87c-af1b-4d95-b99e-9b0e82a94685', '8bbe67c5-8a26-4bb3-93fa-274c02a8bdd2', 'f9e4bfde-4843-4783-8b47-81c7722490b2', 'engagement', 'low', 'Queda no engajamento com as tarefas terapêuticas.', 'reviewed', 1781276290286);
INSERT INTO ai_alerts (id, clinic_id, patient_id, type, severity, message, status, created_at) VALUES ('bee9090d-dddd-4a5d-91bd-597331c1db93', '8bbe67c5-8a26-4bb3-93fa-274c02a8bdd2', 'f9e4bfde-4843-4783-8b47-81c7722490b2', 'risk', 'critical', 'Ideação com conteúdo de autolesão — atenção prioritária.', 'active', 1781189890286);
INSERT INTO appointments (id, clinic_id, patient_id, psychologist_id, starts_at, ends_at, status, created_at) VALUES ('6fac2e15-69da-4509-bbd1-21019d530beb', '8bbe67c5-8a26-4bb3-93fa-274c02a8bdd2', 'f9e4bfde-4843-4783-8b47-81c7722490b2', 'b55a3cfb-a65d-4540-8821-d20f7a3c8d56', 1782313090286, 1782316090286, 'done', 1781794690286);
INSERT INTO appointments (id, clinic_id, patient_id, psychologist_id, starts_at, ends_at, status, created_at) VALUES ('8acda687-6f2f-468b-99ff-909967b5ae1c', '8bbe67c5-8a26-4bb3-93fa-274c02a8bdd2', 'f9e4bfde-4843-4783-8b47-81c7722490b2', 'b55a3cfb-a65d-4540-8821-d20f7a3c8d56', 1782917890286, 1782920890286, 'done', 1782485890286);
INSERT INTO appointments (id, clinic_id, patient_id, psychologist_id, starts_at, ends_at, status, created_at) VALUES ('fd29267d-c72d-4149-97e8-1a19339b8237', '8bbe67c5-8a26-4bb3-93fa-274c02a8bdd2', 'f9e4bfde-4843-4783-8b47-81c7722490b2', 'b55a3cfb-a65d-4540-8821-d20f7a3c8d56', 1783954690286, 1783957690286, 'scheduled', 1783349890286);
INSERT INTO consents (id, clinic_id, patient_id, type, version, granted_at, ip, revoked_at, created_at) VALUES ('668d1221-e0da-48b6-b6a3-24c6d65dc95f', '8bbe67c5-8a26-4bb3-93fa-274c02a8bdd2', 'f9e4bfde-4843-4783-8b47-81c7722490b2', 'general', '1.0', 1773845890286, '189.17.185.9', NULL, 1773845890286);
INSERT INTO consents (id, clinic_id, patient_id, type, version, granted_at, ip, revoked_at, created_at) VALUES ('ec5c1023-d191-4143-a050-95f19f2ee9ba', '8bbe67c5-8a26-4bb3-93fa-274c02a8bdd2', 'f9e4bfde-4843-4783-8b47-81c7722490b2', 'ai', '1.0', 1773845890286, '189.221.123.42', NULL, 1773845890286);
INSERT INTO consents (id, clinic_id, patient_id, type, version, granted_at, ip, revoked_at, created_at) VALUES ('5a0b3485-764b-4d53-bf00-c3e2c4bf5f07', '8bbe67c5-8a26-4bb3-93fa-274c02a8bdd2', 'f9e4bfde-4843-4783-8b47-81c7722490b2', 'recording', '1.0', 1773845890286, NULL, NULL, 1773845890286);
INSERT INTO patients (id, clinic_id, psychologist_id, full_name, social_name, cpf, email, phone, whatsapp, birth_date, status, photo, profile, deleted_at, created_at) VALUES ('7d0fd505-785d-411b-87ef-da7e2f56a2d6', '8bbe67c5-8a26-4bb3-93fa-274c02a8bdd2', 'b55a3cfb-a65d-4540-8821-d20f7a3c8d56', 'Ana Pereira Ferreira', NULL, '737.697.690-50', 'ana.1@email.com', '(90) 96673-2637', '(26) 95378-9938', 887727490286, 'active', 'data:image/svg+xml;base64,PHN2ZyB4bWxucz0iaHR0cDovL3d3dy53My5vcmcvMjAwMC9zdmciIHZpZXdCb3g9IjAgMCAyODAgMjgwIiBmaWxsPSJub25lIiBzaGFwZS1yZW5kZXJpbmc9ImF1dG8iPjxtZXRhZGF0YSB4bWxuczpyZGY9Imh0dHA6Ly93d3cudzMub3JnLzE5OTkvMDIvMjItcmRmLXN5bnRheC1ucyMiIHhtbG5zOnhzaT0iaHR0cDovL3d3dy53My5vcmcvMjAwMS9YTUxTY2hlbWEtaW5zdGFuY2UiIHhtbG5zOmRjPSJodHRwOi8vcHVybC5vcmcvZGMvZWxlbWVudHMvMS4xLyIgeG1sbnM6ZGN0ZXJtcz0iaHR0cDovL3B1cmwub3JnL2RjL3Rlcm1zLyI+PHJkZjpSREY+PHJkZjpEZXNjcmlwdGlvbj48ZGM6dGl0bGU+QXZhdGFhYXJzPC9kYzp0aXRsZT48ZGM6Y3JlYXRvcj5QYWJsbyBTdGFubGV5PC9kYzpjcmVhdG9yPjxkYzpzb3VyY2UgeHNpOnR5cGU9ImRjdGVybXM6VVJJIj5odHRwczovL2F2YXRhYWFycy5jb20vPC9kYzpzb3VyY2U+PGRjdGVybXM6bGljZW5zZSB4c2k6dHlwZT0iZGN0ZXJtczpVUkkiPmh0dHBzOi8vYXZhdGFhYXJzLmNvbS88L2RjdGVybXM6bGljZW5zZT48ZGM6cmlnaHRzPlJlbWl4IG9mIOKAnkF2YXRhYWFyc+KAnSAoaHR0cHM6Ly9hdmF0YWFhcnMuY29tLykgYnkg4oCeUGFibG8gU3RhbmxleeKAnSwgbGljZW5zZWQgdW5kZXIg4oCeRnJlZSBmb3IgcGVyc29uYWwgYW5kIGNvbW1lcmNpYWwgdXNl4oCdIChodHRwczovL2F2YXRhYWFycy5jb20vKTwvZGM6cmlnaHRzPjwvcmRmOkRlc2NyaXB0aW9uPjwvcmRmOlJERj48L21ldGFkYXRhPjxtYXNrIGlkPSJ2aWV3Ym94TWFzayI+PHJlY3Qgd2lkdGg9IjI4MCIgaGVpZ2h0PSIyODAiIHJ4PSIxNDAiIHJ5PSIxNDAiIHg9IjAiIHk9IjAiIGZpbGw9IiNmZmYiIC8+PC9tYXNrPjxnIG1hc2s9InVybCgjdmlld2JveE1hc2spIj48cmVjdCBmaWxsPSIjYzBhZWRlIiB3aWR0aD0iMjgwIiBoZWlnaHQ9IjI4MCIgeD0iMCIgeT0iMCIgLz48ZyB0cmFuc2Zvcm09InRyYW5zbGF0ZSg4KSI+PHBhdGggZD0iTTEzMiAzNmE1NiA1NiAwIDAgMC01NiA1NnY2LjE3QTEyIDEyIDAgMCAwIDY2IDExMHYxNGExMiAxMiAwIDAgMCAxMC4zIDExLjg4IDU2LjA0IDU2LjA0IDAgMCAwIDMxLjcgNDQuNzN2MTguNGgtNGE3MiA3MiAwIDAgMC03MiA3MnY5aDIwMHYtOWE3MiA3MiAwIDAgMC03Mi03MmgtNHYtMTguMzlhNTYuMDQgNTYuMDQgMCAwIDAgMzEuNy00NC43M0ExMiAxMiAwIDAgMCAxOTggMTI0di0xNGExMiAxMiAwIDAgMC0xMC0xMS44M1Y5MmE1NiA1NiAwIDAgMC01Ni01NloiIGZpbGw9IiNmZDk4NDEiLz48cGF0aCBkPSJNMTA4IDE4MC42MXY4YTU1Ljc5IDU1Ljc5IDAgMCAwIDI0IDUuMzljOC41OSAwIDE2LjczLTEuOTMgMjQtNS4zOXYtOGE1NS43OSA1NS43OSAwIDAgMS0yNCA1LjM5IDU1Ljc5IDU1Ljc5IDAgMCAxLTI0LTUuMzlaIiBmaWxsPSIjMDAwIiBmaWxsLW9wYWNpdHk9Ii4xIi8+PGcgdHJhbnNmb3JtPSJ0cmFuc2xhdGUoMCAxNzApIj48cGF0aCBkPSJNMTMyLjUgNjUuODNjMjcuMzQgMCA0OS41LTEzLjIgNDkuNS0yOS40OCAwLTEuMzctLjE2LTIuNy0uNDYtNC4wMkE3Mi4wMyA3Mi4wMyAwIDAgMSAyMzIgMTAxLjA1VjExMEgzMnYtOC45NUE3Mi4wMyA3Mi4wMyAwIDAgMSA4My41MyAzMmExOCAxOCAwIDAgMC0uNTMgNC4zNWMwIDE2LjI4IDIyLjE2IDI5LjQ4IDQ5LjUgMjkuNDhaIiBmaWxsPSIjYTdmZmM0Ii8+PC9nPjxnIHRyYW5zZm9ybT0idHJhbnNsYXRlKDc4IDEzNCkiPjxwYXRoIGZpbGwtcnVsZT0iZXZlbm9kZCIgY2xpcC1ydWxlPSJldmVub2RkIiBkPSJNMzUuMTIgMjkuODdhMTkgMTkgMCAwIDEgMzcuNzcuMDljLjA4Ljc3LS43NyAyLjA0LTEuODUgMi4wNEgzNy4xQzM2IDMyIDM1IDMwLjgyIDM1LjEyIDI5Ljg3WiIgZmlsbD0iIzAwMCIgZmlsbC1vcGFjaXR5PSIuNyIvPjxwYXRoIGQ9Ik02OS41OSAzMkgzOC40YTExIDExIDAgMCAxIDE1LjYtNi44QTExIDExIDAgMCAxIDY5LjU5IDMyWiIgZmlsbD0iI0ZGNEY2RCIvPjxwYXRoIGQ9Ik02Ni41NyAxNy43NUE1IDUgMCAwIDEgNjUgMThINDRjLS44IDAtMS41Ny0uMi0yLjI0LS41M0ExOC45MiAxOC45MiAwIDAgMSA1NCAxM2M0LjgyIDAgOS4yMiAxLjggMTIuNTcgNC43NVoiIGZpbGw9IiNmZmYiLz48L2c+PGcgdHJhbnNmb3JtPSJ0cmFuc2xhdGUoMTA0IDEyMikiPjxwYXRoIGZpbGwtcnVsZT0iZXZlbm9kZCIgY2xpcC1ydWxlPSJldmVub2RkIiBkPSJNMTYgOGMwIDQuNDIgNS4zNyA4IDEyIDhzMTItMy41OCAxMi04IiBmaWxsPSIjMDAwIiBmaWxsLW9wYWNpdHk9Ii4xNiIvPjwvZz48ZyB0cmFuc2Zvcm09InRyYW5zbGF0ZSg3NiA5MCkiPjxwYXRoIGQ9Ik00NCAyMmExNCAxNCAwIDEgMS0yOCAwIDE0IDE0IDAgMCAxIDI4IDBaTTk2IDIyYTE0IDE0IDAgMSAxLTI4IDAgMTQgMTQgMCAwIDEgMjggMFoiIGZpbGw9IiNmZmYiLz48cGF0aCBkPSJNMzYgMTRhNiA2IDAgMSAxLTEyIDAgNiA2IDAgMCAxIDEyIDBaTTg4IDE0YTYgNiAwIDEgMS0xMiAwIDYgNiAwIDAgMSAxMiAwWiIgZmlsbD0iIzAwMCIgZmlsbC1vcGFjaXR5PSIuNyIvPjwvZz48ZyB0cmFuc2Zvcm09InRyYW5zbGF0ZSg3NiA4MikiPjxwYXRoIGQ9Im0yMi43NyAxLjU4LjktLjRDMjguOTMtLjkxIDM2Ljg4LS4wMyA0MS43MyAyLjNjLjU3LjI3LjE4IDEuMTUtLjQgMS4xLTE0LjkyLTEuMTQtMjQuOTYgOC4xNS0yOC4zNyAxNC40NS0uMS4xOC0uNDEuMi0uNDkuMDMtMi4zLTUuMzIgNC40NS0xMy45OCAxMC4zLTE2LjNaTTg5LjIzIDEuNThsLS45LS40QzgzLjA3LS45MSA3NS4xMi0uMDMgNzAuMjcgMi4zYy0uNTcuMjctLjE4IDEuMTUuNCAxLjEgMTQuOTItMS4xNCAyNC45NiA4LjE1IDI4LjM3IDE0LjQ1LjEuMTguNDEuMi40OS4wMyAyLjMtNS4zMi00LjQ1LTEzLjk4LTEwLjMtMTYuM1oiIGZpbGwtcnVsZT0iZXZlbm9kZCIgY2xpcC1ydWxlPSJldmVub2RkIiBmaWxsPSIjMDAwIiBmaWxsLW9wYWNpdHk9Ii42Ii8+PC9nPjxnIHRyYW5zZm9ybT0idHJhbnNsYXRlKC0xKSI+PGNpcmNsZSBjeD0iMTMzIiBjeT0iMjAiIHI9IjIwIiBmaWxsPSIjRjRGNEY0Ii8+PHBhdGggZmlsbC1ydWxlPSJldmVub2RkIiBjbGlwLXJ1bGU9ImV2ZW5vZGQiIGQ9Ik02NyA3OGE2NiA2NiAwIDEgMSAxMzIgMHY1SDY3di01WiIgZmlsbD0iI2IxZTJmZiIvPjxwYXRoIGZpbGwtcnVsZT0iZXZlbm9kZCIgY2xpcC1ydWxlPSJldmVub2RkIiBkPSJNNjQgNjkuNzdhNy4wNSA3LjA1IDAgMCAxIDMuMDUtNS45NmM3LjgtNS4xOCAzMC40Mi0xNy44IDY2LjAyLTE3LjggMzUuNiAwIDU4LjE0IDEyLjYyIDY1LjkgMTcuODFhNy4wNCA3LjA0IDAgMCAxIDMuMDMgNS45NXYzMC4yYzAgMy4zLTMuOSA1LjM4LTYuNzggMy43NUMxODQuODQgOTcuODMgMTYzLjEgODggMTMzLjggODhhMTMzLjU3IDEzMy41NyAwIDAgMC02My4xNyAxNS45OGMtMi44NSAxLjU2LTYuNjMtLjUtNi42My0zLjc1VjY5Ljc3WiIgZmlsbD0iIzAwMCIgZmlsbC1vcGFjaXR5PSIuMSIvPjxwYXRoIGZpbGwtcnVsZT0iZXZlbm9kZCIgY2xpcC1ydWxlPSJldmVub2RkIiBkPSJNNjQgNjcuNzdhNy4wNSA3LjA1IDAgMCAxIDMuMDUtNS45NmM3LjgtNS4xOCAzMC40Mi0xNy44IDY2LjAyLTE3LjggMzUuNiAwIDU4LjE0IDEyLjYyIDY1LjkgMTcuODFhNy4wNCA3LjA0IDAgMCAxIDMuMDMgNS45NXYzMC4yYzAgMy4zLTMuOSA1LjM4LTYuNzggMy43NUMxODQuODQgOTUuODMgMTYzLjEgODYgMTMzLjggODZhMTMzLjU3IDEzMy41NyAwIDAgMC02My4xNyAxNS45OGMtMi44NSAxLjU2LTYuNjMtLjUtNi42My0zLjc1VjY3Ljc3WiIgZmlsbD0iI0Y0RjRGNCIvPjwvZz48ZyB0cmFuc2Zvcm09InRyYW5zbGF0ZSg0OSA3MikiPjwvZz48ZyB0cmFuc2Zvcm09InRyYW5zbGF0ZSg2MiA0MikiPjwvZz48L2c+PC9nPjwvc3ZnPg==', '{"personal":{"isChild":false,"sex":"Feminino","gender":"Mulher cisgênero","rg":"31.944.449-7","maritalStatus":"Divorciado(a)","profession":"Vendedora","company":"Empresa privada","education":"Pós-graduação","address":"Rua Araújo, 85","city":"Campinas","state":"SP","zip":"15541-293"},"clinical":{"complaint":"Dificuldade em lidar com mudanças","goals":"Elaborar o processo de luto","suffering":"Leve","history":"Encaminhado(a) pelo clínico geral devido a queixas somáticas.","priorDiagnoses":"Nenhum","priorTreatments":"Nenhum","psychiatric":"Não","referrals":"—"},"health":{"depression":false,"anxiety":true,"tdah":false,"tag":false,"bipolar":false,"medications":"—","diseases":"—","surgeries":"—","hospitalizations":"Não","familyHistory":"Sem histórico relevante"},"lifestyle":{"sleep":"Insônia frequente","diet":"Restritiva","sports":"Yoga","gym":"Sim","alcohol":"Não","smoking":"Não","drugs":"Não","religion":"Espírita","spirituality":"Moderada"},"financial":{"situation":"Em dificuldade","income":"4 a 8 salários","work":"Desempregado","ownHome":"Sim","rent":"Não","withFamily":"Não","debt":"Alguma","car":"Sim","motorcycle":"Não"},"interests":{"hobbies":"Games","music":"Clássica","movies":"Comédia","books":"Ficção e autoajuda","games":"Jogos casuais","tech":"Alto","social":"Pouco ativo"},"personality":{"introvert":false,"extrovert":true,"communicative":false,"reserved":true,"organized":false,"creative":true,"impulsive":false,"notes":"Perfeccionista e autocrítico(a)."},"relationships":{"family":"Distante","friends":"Poucos amigos","romantic":"Em crise","work":"Tensa"}}', NULL, 1767106690286);
INSERT INTO sessions (id, clinic_id, patient_id, psychologist_id, occurred_at, duration_min, mood, emotional_scale, topics, objectives, techniques, evolution, next_steps, free_notes, created_at) VALUES ('f166f5ed-1de4-4753-bba1-7e9782303ea3', '8bbe67c5-8a26-4bb3-93fa-274c02a8bdd2', '7d0fd505-785d-411b-87ef-da7e2f56a2d6', 'b55a3cfb-a65d-4540-8821-d20f7a3c8d56', 1780325890286, 50, 'Ansioso(a)', 6, '["família","ansiedade","autoestima","lazer"]', 'Reorganizar a rotina e o autocuidado', 'Reestruturação cognitiva', 'Trouxe avanços na aplicação das técnicas no dia a dia.', 'Praticar respiração diafragmática 2x ao dia.', NULL, 1780325890286);
INSERT INTO sessions (id, clinic_id, patient_id, psychologist_id, occurred_at, duration_min, mood, emotional_scale, topics, objectives, techniques, evolution, next_steps, free_notes, created_at) VALUES ('0be03b22-eda2-48a1-b71b-69ec0c7b669f', '8bbe67c5-8a26-4bb3-93fa-274c02a8bdd2', '7d0fd505-785d-411b-87ef-da7e2f56a2d6', 'b55a3cfb-a65d-4540-8821-d20f7a3c8d56', 1781017090286, 50, 'Motivado(a)', 9, '["lazer","rotina","trabalho"]', 'Reduzir a frequência das crises de ansiedade', 'Técnicas de mindfulness', 'Percebe-se maior consciência emocional e vocabulário afetivo.', 'Manter diário do sono.', 'Sessão produtiva. Manter plano terapêutico.', 1781017090286);
INSERT INTO sessions (id, clinic_id, patient_id, psychologist_id, occurred_at, duration_min, mood, emotional_scale, topics, objectives, techniques, evolution, next_steps, free_notes, created_at) VALUES ('1015e0e2-8cbb-45a2-989d-465e99e53920', '8bbe67c5-8a26-4bb3-93fa-274c02a8bdd2', '7d0fd505-785d-411b-87ef-da7e2f56a2d6', 'b55a3cfb-a65d-4540-8821-d20f7a3c8d56', 1781535490286, 50, 'Estável', 3, '["sono","trabalho","lazer","relacionamento"]', 'Reduzir a frequência das crises de ansiedade', 'Ativação comportamental', 'Apresentou resistência inicial, mas engajou-se ao final da sessão.', 'Manter diário do sono.', NULL, 1781535490286);
INSERT INTO sessions (id, clinic_id, patient_id, psychologist_id, occurred_at, duration_min, mood, emotional_scale, topics, objectives, techniques, evolution, next_steps, free_notes, created_at) VALUES ('be4c50d9-2f1c-4b54-a80a-f6f05ba4cfc0', '8bbe67c5-8a26-4bb3-93fa-274c02a8bdd2', '7d0fd505-785d-411b-87ef-da7e2f56a2d6', 'b55a3cfb-a65d-4540-8821-d20f7a3c8d56', 1782226690286, 50, 'Estável', 8, '["trabalho","ansiedade","estudos","rotina"]', 'Reduzir a frequência das crises de ansiedade', 'Exposição gradual', 'Apresentou resistência inicial, mas engajou-se ao final da sessão.', 'Praticar respiração diafragmática 2x ao dia.', 'Sessão produtiva. Manter plano terapêutico.', 1782226690286);
INSERT INTO sessions (id, clinic_id, patient_id, psychologist_id, occurred_at, duration_min, mood, emotional_scale, topics, objectives, techniques, evolution, next_steps, free_notes, created_at) VALUES ('485b92b9-8dd9-4f7f-86c5-1c663649f78a', '8bbe67c5-8a26-4bb3-93fa-274c02a8bdd2', '7d0fd505-785d-411b-87ef-da7e2f56a2d6', 'b55a3cfb-a65d-4540-8821-d20f7a3c8d56', 1782831490286, 60, 'Ansioso(a)', 3, '["ansiedade","trabalho","saúde"]', 'Melhorar a qualidade do sono', 'Registro de pensamentos', 'Paciente demonstrou boa adesão às tarefas propostas.', 'Retomar atividade física gradualmente.', NULL, 1782831490286);
INSERT INTO timeline_events (id, clinic_id, patient_id, session_id, title, description, event_date, category, status, source, created_at) VALUES ('9dca00e5-e0bb-45d0-804f-ace29131fb52', '8bbe67c5-8a26-4bb3-93fa-274c02a8bdd2', '7d0fd505-785d-411b-87ef-da7e2f56a2d6', '0be03b22-eda2-48a1-b71b-69ec0c7b669f', 'Ajuste de medicação', 'Semana difícil, com aumento da sintomatologia ansiosa.', 1770217090286, 'clínico', 'confirmed', 'ai', 1767884290286);
INSERT INTO timeline_events (id, clinic_id, patient_id, session_id, title, description, event_date, category, status, source, created_at) VALUES ('1a28e321-b22f-4c49-966e-cbb4e54f19ec', '8bbe67c5-8a26-4bb3-93fa-274c02a8bdd2', '7d0fd505-785d-411b-87ef-da7e2f56a2d6', '0be03b22-eda2-48a1-b71b-69ec0c7b669f', 'Viagem/afastamento', 'Trouxe avanços na aplicação das técnicas no dia a dia.', 1766761090286, 'clínico', 'suggested', 'manual', 1776783490286);
INSERT INTO timeline_events (id, clinic_id, patient_id, session_id, title, description, event_date, category, status, source, created_at) VALUES ('0006018e-1be1-4d3c-9d58-6bc3840ebce3', '8bbe67c5-8a26-4bb3-93fa-274c02a8bdd2', '7d0fd505-785d-411b-87ef-da7e2f56a2d6', 'be4c50d9-2f1c-4b54-a80a-f6f05ba4cfc0', 'Viagem/afastamento', 'Apresentou resistência inicial, mas engajou-se ao final da sessão.', 1766588290286, 'trabalho', 'confirmed', 'manual', 1772636290286);
INSERT INTO timeline_events (id, clinic_id, patient_id, session_id, title, description, event_date, category, status, source, created_at) VALUES ('81b1fab1-0c61-4a54-94f5-bb994543599f', '8bbe67c5-8a26-4bb3-93fa-274c02a8bdd2', '7d0fd505-785d-411b-87ef-da7e2f56a2d6', '1015e0e2-8cbb-45a2-989d-465e99e53920', 'Ajuste de medicação', 'Trouxe avanços na aplicação das técnicas no dia a dia.', 1767106690286, 'trabalho', 'confirmed', 'manual', 1770562690286);
INSERT INTO timeline_events (id, clinic_id, patient_id, session_id, title, description, event_date, category, status, source, created_at) VALUES ('06050032-de0f-4fe4-ae22-d5355b56c839', '8bbe67c5-8a26-4bb3-93fa-274c02a8bdd2', '7d0fd505-785d-411b-87ef-da7e2f56a2d6', 'f166f5ed-1de4-4753-bba1-7e9782303ea3', 'Conclusão de etapa', 'Trouxe avanços na aplicação das técnicas no dia a dia.', 1780153090286, 'clínico', 'confirmed', 'manual', 1768921090286);
INSERT INTO ai_summaries (id, clinic_id, patient_id, appointment_id, content, suggested_questions, model, status, approved_content, approved_by, approved_at, created_at) VALUES ('2d07add3-3312-4407-9ce5-d58f83e1d726', '8bbe67c5-8a26-4bb3-93fa-274c02a8bdd2', '7d0fd505-785d-411b-87ef-da7e2f56a2d6', NULL, 'Paciente em acompanhamento por dificuldade em lidar com mudanças. Ao longo das sessões observa-se evolução gradual, com melhor manejo emocional e boa adesão às técnicas propostas. Recomenda-se manter o plano terapêutico atual.', '["Como você tem dormido esta semana?","O que funcionou melhor entre as estratégias que combinamos?","Houve algum gatilho importante desde a última sessão?"]', 'vinculo-ai', 'ready', NULL, NULL, 1782313090286, 1781189890286);
INSERT INTO ai_alerts (id, clinic_id, patient_id, type, severity, message, status, created_at) VALUES ('05f1c5a5-27f2-43a3-acf9-34dbb933d020', '8bbe67c5-8a26-4bb3-93fa-274c02a8bdd2', '7d0fd505-785d-411b-87ef-da7e2f56a2d6', 'pattern', 'low', 'Padrão recorrente de faltas às sextas-feiras.', 'reviewed', 1783349890286);
INSERT INTO appointments (id, clinic_id, patient_id, psychologist_id, starts_at, ends_at, status, created_at) VALUES ('70f40d8f-db6e-4a33-963d-6a47539c5333', '8bbe67c5-8a26-4bb3-93fa-274c02a8bdd2', '7d0fd505-785d-411b-87ef-da7e2f56a2d6', 'b55a3cfb-a65d-4540-8821-d20f7a3c8d56', 1782313090286, 1782316090286, 'done', 1781794690286);
INSERT INTO appointments (id, clinic_id, patient_id, psychologist_id, starts_at, ends_at, status, created_at) VALUES ('99b59fab-a325-474d-8e6c-57119c9f1f6f', '8bbe67c5-8a26-4bb3-93fa-274c02a8bdd2', '7d0fd505-785d-411b-87ef-da7e2f56a2d6', 'b55a3cfb-a65d-4540-8821-d20f7a3c8d56', 1782917890286, 1782920890286, 'canceled', 1782485890286);
INSERT INTO appointments (id, clinic_id, patient_id, psychologist_id, starts_at, ends_at, status, created_at) VALUES ('aa99f851-d9fb-4569-b72e-992b385d4531', '8bbe67c5-8a26-4bb3-93fa-274c02a8bdd2', '7d0fd505-785d-411b-87ef-da7e2f56a2d6', 'b55a3cfb-a65d-4540-8821-d20f7a3c8d56', 1784473090286, 1783871290286, 'scheduled', 1783349890286);
INSERT INTO consents (id, clinic_id, patient_id, type, version, granted_at, ip, revoked_at, created_at) VALUES ('f01a9fcd-b904-471e-9c55-edef039f953f', '8bbe67c5-8a26-4bb3-93fa-274c02a8bdd2', '7d0fd505-785d-411b-87ef-da7e2f56a2d6', 'general', '1.0', 1767106690286, '189.69.99.235', NULL, 1767106690286);
INSERT INTO consents (id, clinic_id, patient_id, type, version, granted_at, ip, revoked_at, created_at) VALUES ('be83c77a-41b8-4880-ade5-e998f881ec99', '8bbe67c5-8a26-4bb3-93fa-274c02a8bdd2', '7d0fd505-785d-411b-87ef-da7e2f56a2d6', 'ai', '1.0', 1767106690286, '189.39.18.124', NULL, 1767106690286);
INSERT INTO patients (id, clinic_id, psychologist_id, full_name, social_name, cpf, email, phone, whatsapp, birth_date, status, photo, profile, deleted_at, created_at) VALUES ('10071050-1ad7-4ee5-91b4-da1453d206fe', '8bbe67c5-8a26-4bb3-93fa-274c02a8bdd2', 'b55a3cfb-a65d-4540-8821-d20f7a3c8d56', 'Beatriz Dias Dias', NULL, '835.151.798-34', 'beatriz.2@email.com', '(97) 98222-2119', '(35) 92964-1243', 1330700290286, 'inactive', 'data:image/svg+xml;base64,PHN2ZyB4bWxucz0iaHR0cDovL3d3dy53My5vcmcvMjAwMC9zdmciIHZpZXdCb3g9IjAgMCAyODAgMjgwIiBmaWxsPSJub25lIiBzaGFwZS1yZW5kZXJpbmc9ImF1dG8iPjxtZXRhZGF0YSB4bWxuczpyZGY9Imh0dHA6Ly93d3cudzMub3JnLzE5OTkvMDIvMjItcmRmLXN5bnRheC1ucyMiIHhtbG5zOnhzaT0iaHR0cDovL3d3dy53My5vcmcvMjAwMS9YTUxTY2hlbWEtaW5zdGFuY2UiIHhtbG5zOmRjPSJodHRwOi8vcHVybC5vcmcvZGMvZWxlbWVudHMvMS4xLyIgeG1sbnM6ZGN0ZXJtcz0iaHR0cDovL3B1cmwub3JnL2RjL3Rlcm1zLyI+PHJkZjpSREY+PHJkZjpEZXNjcmlwdGlvbj48ZGM6dGl0bGU+QXZhdGFhYXJzPC9kYzp0aXRsZT48ZGM6Y3JlYXRvcj5QYWJsbyBTdGFubGV5PC9kYzpjcmVhdG9yPjxkYzpzb3VyY2UgeHNpOnR5cGU9ImRjdGVybXM6VVJJIj5odHRwczovL2F2YXRhYWFycy5jb20vPC9kYzpzb3VyY2U+PGRjdGVybXM6bGljZW5zZSB4c2k6dHlwZT0iZGN0ZXJtczpVUkkiPmh0dHBzOi8vYXZhdGFhYXJzLmNvbS88L2RjdGVybXM6bGljZW5zZT48ZGM6cmlnaHRzPlJlbWl4IG9mIOKAnkF2YXRhYWFyc+KAnSAoaHR0cHM6Ly9hdmF0YWFhcnMuY29tLykgYnkg4oCeUGFibG8gU3RhbmxleeKAnSwgbGljZW5zZWQgdW5kZXIg4oCeRnJlZSBmb3IgcGVyc29uYWwgYW5kIGNvbW1lcmNpYWwgdXNl4oCdIChodHRwczovL2F2YXRhYWFycy5jb20vKTwvZGM6cmlnaHRzPjwvcmRmOkRlc2NyaXB0aW9uPjwvcmRmOlJERj48L21ldGFkYXRhPjxtYXNrIGlkPSJ2aWV3Ym94TWFzayI+PHJlY3Qgd2lkdGg9IjI4MCIgaGVpZ2h0PSIyODAiIHJ4PSIxNDAiIHJ5PSIxNDAiIHg9IjAiIHk9IjAiIGZpbGw9IiNmZmYiIC8+PC9tYXNrPjxnIG1hc2s9InVybCgjdmlld2JveE1hc2spIj48cmVjdCBmaWxsPSIjZDFkNGY5IiB3aWR0aD0iMjgwIiBoZWlnaHQ9IjI4MCIgeD0iMCIgeT0iMCIgLz48ZyB0cmFuc2Zvcm09InRyYW5zbGF0ZSg4KSI+PHBhdGggZD0iTTEzMiAzNmE1NiA1NiAwIDAgMC01NiA1NnY2LjE3QTEyIDEyIDAgMCAwIDY2IDExMHYxNGExMiAxMiAwIDAgMCAxMC4zIDExLjg4IDU2LjA0IDU2LjA0IDAgMCAwIDMxLjcgNDQuNzN2MTguNGgtNGE3MiA3MiAwIDAgMC03MiA3MnY5aDIwMHYtOWE3MiA3MiAwIDAgMC03Mi03MmgtNHYtMTguMzlhNTYuMDQgNTYuMDQgMCAwIDAgMzEuNy00NC43M0ExMiAxMiAwIDAgMCAxOTggMTI0di0xNGExMiAxMiAwIDAgMC0xMC0xMS44M1Y5MmE1NiA1NiAwIDAgMC01Ni01NloiIGZpbGw9IiM2MTQzMzUiLz48cGF0aCBkPSJNMTA4IDE4MC42MXY4YTU1Ljc5IDU1Ljc5IDAgMCAwIDI0IDUuMzljOC41OSAwIDE2LjczLTEuOTMgMjQtNS4zOXYtOGE1NS43OSA1NS43OSAwIDAgMS0yNCA1LjM5IDU1Ljc5IDU1Ljc5IDAgMCAxLTI0LTUuMzlaIiBmaWxsPSIjMDAwIiBmaWxsLW9wYWNpdHk9Ii4xIi8+PGcgdHJhbnNmb3JtPSJ0cmFuc2xhdGUoMCAxNzApIj48cGF0aCBkPSJNMTAwLjM3IDI5LjE0YTI3LjYgMjcuNiAwIDAgMSA3LjYzLTcuNTd2MTUuM2MwIDUuODMgMy45OCAxMC45OCAxMC4wOCAxNC4xM2wtLjA4LjA2LjkgMi44NmMzLjg5IDIgOC4zNSAzLjEzIDEzLjEgMy4xM3M5LjIxLTEuMTMgMTMuMS0zLjEzbC45LTIuODYtLjA4LS4wNmM2LjEtMy4xNSAxMC4wOC04LjMgMTAuMDgtMTQuMTJ2LTE0LjZhMjcuMSAyNy4xIDAgMCAxIDYuNiA2LjgyIDcyIDcyIDAgMCAxIDY5LjQgNzEuOTVWMTEwSDMydi04Ljk1YTcyIDcyIDAgMCAxIDY4LjM3LTcxLjlaIiBmaWxsPSIjM2M0ZjVjIi8+PHBhdGggZD0iTTEwOCAyMS41N2MtNi43NyA0LjYtMTEgMTEuMTctMTEgMTguNDYgMCA3LjQgNC4zNiAxNC4wNSAxMS4zIDE4LjY2bDYuMTItNC44MSA0LjU4LjMzLTEtMy4xNS4wOC0uMDZjLTYuMS0zLjE1LTEwLjA4LTguMy0xMC4wOC0xNC4xMnYtMTUuM1pNMTU2IDM2Ljg4YzAgNS44Mi0zLjk4IDEwLjk3LTEwLjA4IDE0LjEybC4wOC4wNi0xIDMuMTUgNC41OC0uMzMgNS42NSA0LjQ1YzYuNjMtNC42IDEwLjc3LTExLjEgMTAuNzctMTguMyAwLTYuOTItMy44Mi0xMy4yLTEwLTE3Ljc1djE0LjZaIiBmaWxsPSIjZmZmIiBmaWxsLW9wYWNpdHk9Ii43NSIvPjwvZz48ZyB0cmFuc2Zvcm09InRyYW5zbGF0ZSg3OCAxMzQpIj48cGF0aCBmaWxsLXJ1bGU9ImV2ZW5vZGQiIGNsaXAtcnVsZT0iZXZlbm9kZCIgZD0iTTQwIDE1YTE0IDE0IDAgMSAwIDI4IDAiIGZpbGw9IiMwMDAiIGZpbGwtb3BhY2l0eT0iLjciLz48L2c+PGcgdHJhbnNmb3JtPSJ0cmFuc2xhdGUoMTA0IDEyMikiPjxwYXRoIGZpbGwtcnVsZT0iZXZlbm9kZCIgY2xpcC1ydWxlPSJldmVub2RkIiBkPSJNMTYgOGMwIDQuNDIgNS4zNyA4IDEyIDhzMTItMy41OCAxMi04IiBmaWxsPSIjMDAwIiBmaWxsLW9wYWNpdHk9Ii4xNiIvPjwvZz48ZyB0cmFuc2Zvcm09InRyYW5zbGF0ZSg3NiA5MCkiPjxwYXRoIGQ9Ik00NCAyMC43M2MwIDQuMjYtNi4yNyA3LjcyLTE0IDcuNzJTMTYgMjUgMTYgMjAuNzNDMTYgMTYuNDYgMjIuMjcgMTMgMzAgMTNzMTQgMy40NiAxNCA3LjczWk05NiAyMC43M2MwIDQuMjYtNi4yNyA3LjcyLTE0IDcuNzJTNjggMjUgNjggMjAuNzNDNjggMTYuNDYgNzQuMjcgMTMgODIgMTNzMTQgMy40NiAxNCA3LjczWiIgZmlsbD0iI2ZmZiIvPjxwYXRoIGQ9Ik0zMi44MiAyOC4zYTI1LjE1IDI1LjE1IDAgMCAxLTUuNjQgMCA2IDYgMCAxIDEgNS42NCAwWk04NC44MiAyOC4zYTI1LjE1IDI1LjE1IDAgMCAxLTUuNjQgMCA2IDYgMCAxIDEgNS42NCAwWiIgZmlsbD0iIzAwMCIgZmlsbC1vcGFjaXR5PSIuNyIvPjwvZz48ZyB0cmFuc2Zvcm09InRyYW5zbGF0ZSg3NiA4MikiPjxwYXRoIGQ9Ik0zNi4zNyA2Ljg4Yy0xLjk3IDIuOS01LjU1IDQuNjQtOC43NCA1LjY4LTMuOTQgMS4yOS0xOC41NSAzLjM4LTE1LjExIDExLjM1LjA1LjEyLjIyLjEyLjI3IDAgMS4xNS0yLjY1IDE3LjQ3LTUuMTIgMTguOTctNS43IDQuNDUtMS43MSA4LjQtNS41IDkuMTctMTAuNTUuMzUtMi4zMS0uNjQtNi4wNS0xLjU1LTcuNTUtLjExLS4xOC0uMzctLjEzLS40My4wNy0uMzYgMS4zMy0xLjQxIDQuOTctMi41OCA2LjdaTTc1LjYzIDYuODhjMS45NyAyLjkgNS41NSA0LjY0IDguNzQgNS42OCAzLjk0IDEuMjkgMTguNTUgMy4zOCAxNS4xMSAxMS4zNWEuMTUuMTUgMCAwIDEtLjI3IDBjLTEuMTUtMi42NS0xNy40Ny01LjEyLTE4Ljk3LTUuNy00LjQ1LTEuNzEtOC40LTUuNS05LjE3LTEwLjU1LS4zNS0yLjMxLjY0LTYuMDUgMS41NS03LjU1LjExLS4xOC4zNy0uMTMuNDMuMDcuMzYgMS4zMyAxLjQxIDQuOTcgMi41OCA2LjdaIiBmaWxsLXJ1bGU9ImV2ZW5vZGQiIGNsaXAtcnVsZT0iZXZlbm9kZCIgZmlsbD0iIzAwMCIgZmlsbC1vcGFjaXR5PSIuNiIvPjwvZz48ZyB0cmFuc2Zvcm09InRyYW5zbGF0ZSgtMSkiPjxwYXRoIGQ9Ik04Ni42NyA2OEg2NHYxMTIuOTFhNC4wOSA0LjA5IDAgMCAwIDQuMDkgNC4xIDE4LjU4IDE4LjU4IDAgMCAwIDE4LjU4LTE4LjZWNjhaTTIwMiA2OGgtMjIuNjd2MTEyLjkxYTQuMDkgNC4wOSAwIDAgMCA0LjA5IDQuMUExOC41OCAxOC41OCAwIDAgMCAyMDIgMTY2LjRWNjhaIiBmaWxsPSIjRjRGNEY0Ii8+PHBhdGggZD0iTTYzIDY0YTQ0IDQ0IDAgMCAxIDQ0LTQ0aDUyYTQ0IDQ0IDAgMCAxIDQ0IDQ0djEwNC42YTE2LjQgMTYuNCAwIDAgMS0xNi40IDE2LjRjLTEuOTggMC0zLjYtMS42Mi0zLjYtMy42Vjc0SDgzdjk0LjZBMTYuNCAxNi40IDAgMCAxIDY2LjYgMTg1Yy0xLjk5IDAtMy42LTEuNjItMy42LTMuNlY2NFoiIGZpbGw9IiMyNjJlMzMiLz48cmVjdCB4PSI3NCIgeT0iNTIiIHdpZHRoPSIxMTgiIGhlaWdodD0iMzYiIHJ4PSI4IiBmaWxsPSIjMDAwIiBmaWxsLW9wYWNpdHk9Ii4xIi8+PHJlY3QgeD0iNzQiIHk9IjUwIiB3aWR0aD0iMTE4IiBoZWlnaHQ9IjM2IiByeD0iOCIgZmlsbD0iI0Y0RjRGNCIvPjwvZz48ZyB0cmFuc2Zvcm09InRyYW5zbGF0ZSg0OSA3MikiPjwvZz48ZyB0cmFuc2Zvcm09InRyYW5zbGF0ZSg2MiA0MikiPjwvZz48L2c+PC9nPjwvc3ZnPg==', '{"personal":{"isChild":true,"sex":"Feminino","gender":"Mulher cisgênero","rg":"57.845.560-6","maritalStatus":"Solteiro(a)","profession":"Estudante","company":"Escola Municipal","education":"Ensino fundamental","address":"Rua Costa, 740","city":"Curitiba","state":"PR","zip":"56255-202"},"clinical":{"complaint":"Dificuldades no relacionamento conjugal","goals":"Fortalecer a autoestima","suffering":"Intenso","history":"Primeira experiência com terapia. Buscou ajuda por indicação médica.","priorDiagnoses":"Transtorno de ansiedade generalizada","priorTreatments":"Psicoterapia anterior","psychiatric":"Em acompanhamento psiquiátrico","referrals":"—"},"health":{"depression":true,"anxiety":false,"tdah":false,"tag":true,"bipolar":false,"medications":"—","diseases":"—","surgeries":"—","hospitalizations":"Não","familyHistory":"Sem histórico relevante"},"lifestyle":{"sleep":"Sono não reparador","diet":"Irregular","sports":"Yoga","gym":"Sim","alcohol":"Não","smoking":"Sim","drugs":"Não","religion":"Sem religião","spirituality":"Muito presente"},"financial":{"situation":"Instável","income":"4 a 8 salários","work":"Não se aplica","ownHome":"Não","rent":"Não","withFamily":"Sim","debt":"Alguma","car":"Não","motorcycle":"Não"},"interests":{"hobbies":"Fotografia","music":"Sertanejo","movies":"Documentários","books":"Ficção e autoajuda","games":"—","tech":"Médio","social":"Instagram"},"personality":{"introvert":false,"extrovert":false,"communicative":true,"reserved":true,"organized":false,"creative":false,"impulsive":false,"notes":"Tende a evitar conflitos."},"relationships":{"family":"Boa","friends":"Isolamento recente","romantic":"Solteiro(a)","work":"Neutra"}}', NULL, 1770649090286);
INSERT INTO sessions (id, clinic_id, patient_id, psychologist_id, occurred_at, duration_min, mood, emotional_scale, topics, objectives, techniques, evolution, next_steps, free_notes, created_at) VALUES ('36ac833b-d32f-42c6-8cd2-c9c609b49f26', '8bbe67c5-8a26-4bb3-93fa-274c02a8bdd2', '10071050-1ad7-4ee5-91b4-da1453d206fe', 'b55a3cfb-a65d-4540-8821-d20f7a3c8d56', 1779634690286, 50, 'Irritado(a)', 7, '["trabalho","família","autoestima"]', 'Fortalecer a autoestima', 'Psicoeducação', 'Apresentou resistência inicial, mas engajou-se ao final da sessão.', 'Retomar atividade física gradualmente.', 'Sessão produtiva. Manter plano terapêutico.', 1779634690286);
INSERT INTO sessions (id, clinic_id, patient_id, psychologist_id, occurred_at, duration_min, mood, emotional_scale, topics, objectives, techniques, evolution, next_steps, free_notes, created_at) VALUES ('a114d031-3366-41be-b6a5-fee696f7d173', '8bbe67c5-8a26-4bb3-93fa-274c02a8bdd2', '10071050-1ad7-4ee5-91b4-da1453d206fe', 'b55a3cfb-a65d-4540-8821-d20f7a3c8d56', 1780325890286, 50, 'Cansado(a)', 7, '["trabalho","saúde","lazer","luto"]', 'Aumentar a tolerância à frustração', 'Técnicas de mindfulness', 'Trouxe avanços na aplicação das técnicas no dia a dia.', 'Trabalhar limites nos relacionamentos.', NULL, 1780325890286);
INSERT INTO sessions (id, clinic_id, patient_id, psychologist_id, occurred_at, duration_min, mood, emotional_scale, topics, objectives, techniques, evolution, next_steps, free_notes, created_at) VALUES ('8481f34f-1272-4b12-bc42-573338bbb849', '8bbe67c5-8a26-4bb3-93fa-274c02a8bdd2', '10071050-1ad7-4ee5-91b4-da1453d206fe', 'b55a3cfb-a65d-4540-8821-d20f7a3c8d56', 1781103490286, 50, 'Cansado(a)', 5, '["estudos","ansiedade","finanças"]', 'Fortalecer a autoestima', 'Registro de pensamentos', 'Paciente demonstrou boa adesão às tarefas propostas.', 'Praticar respiração diafragmática 2x ao dia.', NULL, 1781103490286);
INSERT INTO sessions (id, clinic_id, patient_id, psychologist_id, occurred_at, duration_min, mood, emotional_scale, topics, objectives, techniques, evolution, next_steps, free_notes, created_at) VALUES ('5f8b4aae-a436-454b-b88f-9fce8ec8c2b6', '8bbe67c5-8a26-4bb3-93fa-274c02a8bdd2', '10071050-1ad7-4ee5-91b4-da1453d206fe', 'b55a3cfb-a65d-4540-8821-d20f7a3c8d56', 1781535490286, 45, 'Irritado(a)', 7, '["sono","ansiedade"]', 'Melhorar a comunicação nos relacionamentos', 'Respiração diafragmática', 'Paciente demonstrou boa adesão às tarefas propostas.', 'Trabalhar limites nos relacionamentos.', NULL, 1781535490286);
INSERT INTO sessions (id, clinic_id, patient_id, psychologist_id, occurred_at, duration_min, mood, emotional_scale, topics, objectives, techniques, evolution, next_steps, free_notes, created_at) VALUES ('33cbc78c-e573-434f-bff5-2ba4095272f1', '8bbe67c5-8a26-4bb3-93fa-274c02a8bdd2', '10071050-1ad7-4ee5-91b4-da1453d206fe', 'b55a3cfb-a65d-4540-8821-d20f7a3c8d56', 1782226690286, 50, 'Irritado(a)', 5, '["rotina","luto"]', 'Aumentar a tolerância à frustração', 'Registro de pensamentos', 'Semana difícil, com aumento da sintomatologia ansiosa.', 'Registrar pensamentos automáticos em situações de gatilho.', NULL, 1782226690286);
INSERT INTO sessions (id, clinic_id, patient_id, psychologist_id, occurred_at, duration_min, mood, emotional_scale, topics, objectives, techniques, evolution, next_steps, free_notes, created_at) VALUES ('6010b2b1-aba0-4f2d-aa0a-baca1f4a24a4', '8bbe67c5-8a26-4bb3-93fa-274c02a8bdd2', '10071050-1ad7-4ee5-91b4-da1453d206fe', 'b55a3cfb-a65d-4540-8821-d20f7a3c8d56', 1782831490286, 50, 'Angustiado(a)', 3, '["trabalho","ansiedade","autoestima","estudos"]', 'Reduzir a frequência das crises de ansiedade', 'Técnicas de mindfulness', 'Relatou leve melhora nos sintomas ao longo da semana.', 'Trabalhar limites nos relacionamentos.', 'Sessão produtiva. Manter plano terapêutico.', 1782831490286);
INSERT INTO timeline_events (id, clinic_id, patient_id, session_id, title, description, event_date, category, status, source, created_at) VALUES ('2060e9c0-af95-4dae-8637-fe5a2237726b', '8bbe67c5-8a26-4bb3-93fa-274c02a8bdd2', '10071050-1ad7-4ee5-91b4-da1453d206fe', NULL, 'Início do acompanhamento', 'Percebe-se maior consciência emocional e vocabulário afetivo.', 1772809090286, 'família', 'suggested', 'ai', 1768143490286);
INSERT INTO timeline_events (id, clinic_id, patient_id, session_id, title, description, event_date, category, status, source, created_at) VALUES ('8711e13e-35fc-4c91-8781-0dc551cf5f90', '8bbe67c5-8a26-4bb3-93fa-274c02a8bdd2', '10071050-1ad7-4ee5-91b4-da1453d206fe', NULL, 'Mudança de emprego', 'Semana difícil, com aumento da sintomatologia ansiosa.', 1778338690286, 'pessoal', 'suggested', 'ai', 1782831490286);
INSERT INTO timeline_events (id, clinic_id, patient_id, session_id, title, description, event_date, category, status, source, created_at) VALUES ('2e615ea7-383a-4b91-bb44-3c5cefe29fc3', '8bbe67c5-8a26-4bb3-93fa-274c02a8bdd2', '10071050-1ad7-4ee5-91b4-da1453d206fe', '36ac833b-d32f-42c6-8cd2-c9c609b49f26', 'Início do acompanhamento', 'Apresentou resistência inicial, mas engajou-se ao final da sessão.', 1770303490286, 'clínico', 'confirmed', 'manual', 1771253890286);
INSERT INTO timeline_events (id, clinic_id, patient_id, session_id, title, description, event_date, category, status, source, created_at) VALUES ('50a6d017-6bb7-4716-b2a3-a07b76fe4486', '8bbe67c5-8a26-4bb3-93fa-274c02a8bdd2', '10071050-1ad7-4ee5-91b4-da1453d206fe', '33cbc78c-e573-434f-bff5-2ba4095272f1', 'Viagem/afastamento', 'Apresentou resistência inicial, mas engajou-se ao final da sessão.', 1766501890286, 'trabalho', 'confirmed', 'manual', 1777215490286);
INSERT INTO timeline_events (id, clinic_id, patient_id, session_id, title, description, event_date, category, status, source, created_at) VALUES ('a255f669-54bd-498a-b36b-d9fee96a4db1', '8bbe67c5-8a26-4bb3-93fa-274c02a8bdd2', '10071050-1ad7-4ee5-91b4-da1453d206fe', NULL, 'Ajuste de medicação', 'Apresentou resistência inicial, mas engajou-se ao final da sessão.', 1774969090286, 'família', 'confirmed', 'ai', 1782485890286);
INSERT INTO ai_summaries (id, clinic_id, patient_id, appointment_id, content, suggested_questions, model, status, approved_content, approved_by, approved_at, created_at) VALUES ('a730663b-303d-4e27-8355-a1a196cc187e', '8bbe67c5-8a26-4bb3-93fa-274c02a8bdd2', '10071050-1ad7-4ee5-91b4-da1453d206fe', NULL, 'Paciente em acompanhamento por dificuldades no relacionamento conjugal. Ao longo das sessões observa-se evolução gradual, com melhor manejo emocional e boa adesão às técnicas propostas. Recomenda-se manter o plano terapêutico atual.', '["Como você tem dormido esta semana?","O que funcionou melhor entre as estratégias que combinamos?","Houve algum gatilho importante desde a última sessão?"]', 'vinculo-ai', 'ready', NULL, NULL, NULL, 1782399490286);
INSERT INTO ai_alerts (id, clinic_id, patient_id, type, severity, message, status, created_at) VALUES ('57eff9b6-5a01-4f2e-9643-e90f909d8020', '8bbe67c5-8a26-4bb3-93fa-274c02a8bdd2', '10071050-1ad7-4ee5-91b4-da1453d206fe', 'engagement', 'low', 'Queda no engajamento com as tarefas terapêuticas.', 'active', 1781967490286);
INSERT INTO appointments (id, clinic_id, patient_id, psychologist_id, starts_at, ends_at, status, created_at) VALUES ('ce306450-3267-4ee9-a67e-07832695affc', '8bbe67c5-8a26-4bb3-93fa-274c02a8bdd2', '10071050-1ad7-4ee5-91b4-da1453d206fe', 'b55a3cfb-a65d-4540-8821-d20f7a3c8d56', 1782313090286, 1782316090286, 'done', 1781794690286);
INSERT INTO appointments (id, clinic_id, patient_id, psychologist_id, starts_at, ends_at, status, created_at) VALUES ('9dd7920b-00ee-43ca-95c0-aa58a1bb40d1', '8bbe67c5-8a26-4bb3-93fa-274c02a8bdd2', '10071050-1ad7-4ee5-91b4-da1453d206fe', 'b55a3cfb-a65d-4540-8821-d20f7a3c8d56', 1782917890286, 1782920890286, 'done', 1782485890286);
INSERT INTO consents (id, clinic_id, patient_id, type, version, granted_at, ip, revoked_at, created_at) VALUES ('966c0da1-7743-4d02-a748-e727965ae727', '8bbe67c5-8a26-4bb3-93fa-274c02a8bdd2', '10071050-1ad7-4ee5-91b4-da1453d206fe', 'general', '1.0', 1770649090286, '189.35.99.107', NULL, 1770649090286);
INSERT INTO consents (id, clinic_id, patient_id, type, version, granted_at, ip, revoked_at, created_at) VALUES ('127bd530-5e40-453a-8c5f-f754f708001d', '8bbe67c5-8a26-4bb3-93fa-274c02a8bdd2', '10071050-1ad7-4ee5-91b4-da1453d206fe', 'ai', '1.0', 1770649090286, '189.126.219.173', NULL, 1770649090286);
INSERT INTO patients (id, clinic_id, psychologist_id, full_name, social_name, cpf, email, phone, whatsapp, birth_date, status, photo, profile, deleted_at, created_at) VALUES ('7e644cc4-7da7-4563-8e06-8b91754c9740', '8bbe67c5-8a26-4bb3-93fa-274c02a8bdd2', 'b55a3cfb-a65d-4540-8821-d20f7a3c8d56', 'Gabriel Barbosa Rodrigues', NULL, '765.842.389-01', 'gabriel.3@email.com', '(84) 94458-1960', '(33) 91365-8660', 876236290287, 'inactive', 'data:image/svg+xml;base64,PHN2ZyB4bWxucz0iaHR0cDovL3d3dy53My5vcmcvMjAwMC9zdmciIHZpZXdCb3g9IjAgMCAyODAgMjgwIiBmaWxsPSJub25lIiBzaGFwZS1yZW5kZXJpbmc9ImF1dG8iPjxtZXRhZGF0YSB4bWxuczpyZGY9Imh0dHA6Ly93d3cudzMub3JnLzE5OTkvMDIvMjItcmRmLXN5bnRheC1ucyMiIHhtbG5zOnhzaT0iaHR0cDovL3d3dy53My5vcmcvMjAwMS9YTUxTY2hlbWEtaW5zdGFuY2UiIHhtbG5zOmRjPSJodHRwOi8vcHVybC5vcmcvZGMvZWxlbWVudHMvMS4xLyIgeG1sbnM6ZGN0ZXJtcz0iaHR0cDovL3B1cmwub3JnL2RjL3Rlcm1zLyI+PHJkZjpSREY+PHJkZjpEZXNjcmlwdGlvbj48ZGM6dGl0bGU+QXZhdGFhYXJzPC9kYzp0aXRsZT48ZGM6Y3JlYXRvcj5QYWJsbyBTdGFubGV5PC9kYzpjcmVhdG9yPjxkYzpzb3VyY2UgeHNpOnR5cGU9ImRjdGVybXM6VVJJIj5odHRwczovL2F2YXRhYWFycy5jb20vPC9kYzpzb3VyY2U+PGRjdGVybXM6bGljZW5zZSB4c2k6dHlwZT0iZGN0ZXJtczpVUkkiPmh0dHBzOi8vYXZhdGFhYXJzLmNvbS88L2RjdGVybXM6bGljZW5zZT48ZGM6cmlnaHRzPlJlbWl4IG9mIOKAnkF2YXRhYWFyc+KAnSAoaHR0cHM6Ly9hdmF0YWFhcnMuY29tLykgYnkg4oCeUGFibG8gU3RhbmxleeKAnSwgbGljZW5zZWQgdW5kZXIg4oCeRnJlZSBmb3IgcGVyc29uYWwgYW5kIGNvbW1lcmNpYWwgdXNl4oCdIChodHRwczovL2F2YXRhYWFycy5jb20vKTwvZGM6cmlnaHRzPjwvcmRmOkRlc2NyaXB0aW9uPjwvcmRmOlJERj48L21ldGFkYXRhPjxtYXNrIGlkPSJ2aWV3Ym94TWFzayI+PHJlY3Qgd2lkdGg9IjI4MCIgaGVpZ2h0PSIyODAiIHJ4PSIxNDAiIHJ5PSIxNDAiIHg9IjAiIHk9IjAiIGZpbGw9IiNmZmYiIC8+PC9tYXNrPjxnIG1hc2s9InVybCgjdmlld2JveE1hc2spIj48cmVjdCBmaWxsPSIjYjZlM2Y0IiB3aWR0aD0iMjgwIiBoZWlnaHQ9IjI4MCIgeD0iMCIgeT0iMCIgLz48ZyB0cmFuc2Zvcm09InRyYW5zbGF0ZSg4KSI+PHBhdGggZD0iTTEzMiAzNmE1NiA1NiAwIDAgMC01NiA1NnY2LjE3QTEyIDEyIDAgMCAwIDY2IDExMHYxNGExMiAxMiAwIDAgMCAxMC4zIDExLjg4IDU2LjA0IDU2LjA0IDAgMCAwIDMxLjcgNDQuNzN2MTguNGgtNGE3MiA3MiAwIDAgMC03MiA3MnY5aDIwMHYtOWE3MiA3MiAwIDAgMC03Mi03MmgtNHYtMTguMzlhNTYuMDQgNTYuMDQgMCAwIDAgMzEuNy00NC43M0ExMiAxMiAwIDAgMCAxOTggMTI0di0xNGExMiAxMiAwIDAgMC0xMC0xMS44M1Y5MmE1NiA1NiAwIDAgMC01Ni01NloiIGZpbGw9IiNhZTVkMjkiLz48cGF0aCBkPSJNMTA4IDE4MC42MXY4YTU1Ljc5IDU1Ljc5IDAgMCAwIDI0IDUuMzljOC41OSAwIDE2LjczLTEuOTMgMjQtNS4zOXYtOGE1NS43OSA1NS43OSAwIDAgMS0yNCA1LjM5IDU1Ljc5IDU1Ljc5IDAgMCAxLTI0LTUuMzlaIiBmaWxsPSIjMDAwIiBmaWxsLW9wYWNpdHk9Ii4xIi8+PGcgdHJhbnNmb3JtPSJ0cmFuc2xhdGUoMCAxNzApIj48cGF0aCBkPSJNMTMyLjUgNTEuODNjMTguNSAwIDMzLjUtOS42MiAzMy41LTIxLjQ4IDAtLjM2LS4wMS0uNy0uMDQtMS4wNkE3MiA3MiAwIDAgMSAyMzIgMTAxLjA0VjExMEgzMnYtOC45NWE3MiA3MiAwIDAgMSA2Ny4wNS03MS44M2MtLjAzLjM3LS4wNS43NS0uMDUgMS4xMyAwIDExLjg2IDE1IDIxLjQ4IDMzLjUgMjEuNDhaIiBmaWxsPSIjZmZmZmZmIi8+PHBhdGggZD0iTTEzMi41IDU4Ljc2YzIxLjg5IDAgMzkuNjMtMTIuMDUgMzkuNjMtMjYuOTEgMC0uNi0uMDItMS4yLS4wOC0xLjgtMi0uMzMtNC4wMy0uNTktNi4xLS43Ni4wNC4zNS4wNS43LjA1IDEuMDYgMCAxMS44Ni0xNSAyMS40OC0zMy41IDIxLjQ4Uzk5IDQyLjIgOTkgMzAuMzVjMC0uMzguMDItLjc2LjA1LTEuMTMtMi4wNi4xNC00LjA4LjM2LTYuMDguNjctLjA3LjY1LS4xIDEuMy0uMSAxLjk2IDAgMTQuODYgMTcuNzQgMjYuOTEgMzkuNjMgMjYuOTFaIiBmaWxsPSIjMDAwIiBmaWxsLW9wYWNpdHk9Ii4wOCIvPjwvZz48ZyB0cmFuc2Zvcm09InRyYW5zbGF0ZSg3OCAxMzQpIj48cmVjdCB4PSI0MiIgeT0iMTgiIHdpZHRoPSIyNCIgaGVpZ2h0PSI2IiByeD0iMyIgZmlsbD0iIzAwMCIgZmlsbC1vcGFjaXR5PSIuNyIvPjwvZz48ZyB0cmFuc2Zvcm09InRyYW5zbGF0ZSgxMDQgMTIyKSI+PHBhdGggZmlsbC1ydWxlPSJldmVub2RkIiBjbGlwLXJ1bGU9ImV2ZW5vZGQiIGQ9Ik0xNiA4YzAgNC40MiA1LjM3IDggMTIgOHMxMi0zLjU4IDEyLTgiIGZpbGw9IiMwMDAiIGZpbGwtb3BhY2l0eT0iLjE2Ii8+PC9nPjxnIHRyYW5zZm9ybT0idHJhbnNsYXRlKDc2IDkwKSI+PHBhdGggZD0iTTM0LjUgMzAuNyAyOSAyNS4ybC01LjUgNS41Yy0uNC40LTEuMS40LTEuNiAwbC0xLjYtMS42Yy0uNC0uNC0uNC0xLjEgMC0xLjZsNS41LTUuNS01LjUtNS41Yy0uNC0uNS0uNC0xLjIgMC0xLjZsMS42LTEuNmMuNC0uNCAxLjEtLjQgMS42IDBsNS41IDUuNSA1LjUtNS41Yy40LS40IDEuMS0uNCAxLjYgMGwxLjYgMS42Yy40LjQuNCAxLjEgMCAxLjZMMzIuMiAyMmw1LjUgNS41Yy40LjQuNCAxLjEgMCAxLjZsLTEuNiAxLjZjLS40LjQtMS4xLjQtMS42IDBaTTg4LjUgMzAuNyA4MyAyNS4ybC01LjUgNS41Yy0uNC40LTEuMS40LTEuNiAwbC0xLjYtMS42Yy0uNC0uNC0uNC0xLjEgMC0xLjZsNS41LTUuNS01LjUtNS41Yy0uNC0uNS0uNC0xLjIgMC0xLjZsMS42LTEuNmMuNC0uNCAxLjEtLjQgMS42IDBsNS41IDUuNSA1LjUtNS41Yy40LS40IDEuMS0uNCAxLjYgMGwxLjYgMS42Yy40LjQuNCAxLjEgMCAxLjZMODYuMiAyMmw1LjUgNS41Yy40LjQuNCAxLjEgMCAxLjZsLTEuNiAxLjZjLS40LjQtMS4xLjQtMS42IDBaIiBmaWxsPSIjMDAwIiBmaWxsLW9wYWNpdHk9Ii42Ii8+PC9nPjxnIHRyYW5zZm9ybT0idHJhbnNsYXRlKDc2IDgyKSI+PHBhdGggZD0iTTM4LjAzIDUuNmMtMS40OCA4LjM4LTE0LjEgMTQuMTctMjMuMjQgMTAuNDJhMi4wNCAyLjA0IDAgMCAwLTIuNjQgMWMtLjQzLjk3LjA0IDIuMSAxLjA1IDIuNSAxMS40NSA0LjcgMjYuODQtMi4zNyAyOC43Ni0xMy4zYTEuOTIgMS45MiAwIDAgMC0xLjY0LTIuMiAyIDIgMCAwIDAtMi4zIDEuNTdaTTczLjk3IDUuNmMxLjQ4IDguMzggMTQuMSAxNC4xNyAyMy4yNCAxMC40MiAxLjAyLS40MSAyLjIuMDMgMi42MyAxIC40My45Ny0uMDQgMi4xLTEuMDUgMi41LTExLjQ0IDQuNy0yNi44NC0yLjM3LTI4Ljc2LTEzLjNhMS45MiAxLjkyIDAgMCAxIDEuNjQtMi4yIDIgMiAwIDAgMSAyLjMgMS41N1oiIGZpbGw9IiMwMDAiIGZpbGwtb3BhY2l0eT0iLjYiLz48L2c+PGcgdHJhbnNmb3JtPSJ0cmFuc2xhdGUoLTEpIj48cGF0aCBkPSJNNDAgMTQ1Yy0uNjItMzAuODQgMjguMzItOTUuMiAzOS0xMDggNy45Mi05LjUgMjkuNy0xNy40NSA1NC0xNyAyNC4zLjQ1IDQ2Ljg2IDUuODEgNTUgMTYgMTIuMzIgMTUuNDMgMzcuODcgNzQuMDggMzggMTA5IC4xIDI0LjgtOS41NCA0OS42Ni0yMyA1MS03LjYuNzYtMTcuMjYtLjIzLTI4Ljg2LTEuNC01LjMtLjU1LTExLjAyLTEuMTMtMTcuMTQtMS42VjE4MC42QTU2IDU2IDAgMCAwIDE4OSAxMzB2LTI4LjQ0YTEzMC4zNCAxMzAuMzQgMCAwIDEtMjYuOS0xOS44OGMzLjM1IDYuMjQgNy4xOSAxMS45IDExLjUxIDE2LjItMzAuNTctOC41OS01MS43MS0yNi4xNi02NC4zOC0zOS45NEMxMDMuMzkgNjkuMDIgOTIuOTYgODUuMjMgNzcgOTcuNTdWMTMwYTU2IDU2IDAgMCAwIDMyIDUwLjYxdjEzLjE0Yy02Ljk1Ljk1LTEzLjQxIDIuMTYtMTkuMzYgMy4yNy0xMC44NSAyLjAyLTE5Ljk4IDMuNzMtMjcuMjYgMi45OC0xNC4yMi0xLjQ3LTIxLjg4LTMwLjItMjIuMzgtNTVaIiBmaWxsPSIjZThlMWUxIi8+PC9nPjxnIHRyYW5zZm9ybT0idHJhbnNsYXRlKDQ5IDcyKSI+PC9nPjxnIHRyYW5zZm9ybT0idHJhbnNsYXRlKDYyIDQyKSI+PC9nPjwvZz48L2c+PC9zdmc+', '{"personal":{"isChild":false,"sex":"Masculino","gender":"Homem cisgênero","rg":"58.942.743-5","maritalStatus":"Casado(a)","profession":"Publicitária","company":"—","education":"Ensino médio completo","address":"Rua Santos, 758","city":"Rio de Janeiro","state":"RJ","zip":"61078-120"},"clinical":{"complaint":"Dificuldade de concentração e foco","goals":"Reduzir a frequência das crises de ansiedade","suffering":"Leve","history":"Primeira experiência com terapia. Buscou ajuda por indicação médica.","priorDiagnoses":"Nenhum","priorTreatments":"Nenhum","psychiatric":"Não","referrals":"—"},"health":{"depression":false,"anxiety":false,"tdah":true,"tag":true,"bipolar":false,"medications":"Escitalopram 10mg","diseases":"—","surgeries":"—","hospitalizations":"Não","familyHistory":"Sem histórico relevante"},"lifestyle":{"sleep":"Irregular","diet":"Irregular","sports":"Yoga","gym":"Não","alcohol":"Frequente","smoking":"Sim","drugs":"Não","religion":"Espírita","spirituality":"Pouco"},"financial":{"situation":"Estável","income":"4 a 8 salários","work":"CLT","ownHome":"Não","rent":"Sim","withFamily":"Não","debt":"Alguma","car":"Não","motorcycle":"Não"},"interests":{"hobbies":"Culinária","music":"Sertanejo","movies":"Ficção científica","books":"Ficção e autoajuda","games":"Jogos casuais","tech":"Alto","social":"Instagram"},"personality":{"introvert":true,"extrovert":true,"communicative":false,"reserved":true,"organized":true,"creative":false,"impulsive":false,"notes":"Perfeccionista e autocrítico(a)."},"relationships":{"family":"Conflituosa","friends":"Isolamento recente","romantic":"Em crise","work":"Boa"}}', NULL, 1779721090287);
INSERT INTO sessions (id, clinic_id, patient_id, psychologist_id, occurred_at, duration_min, mood, emotional_scale, topics, objectives, techniques, evolution, next_steps, free_notes, created_at) VALUES ('f4a1aba2-f983-445f-9d35-ae8c2a40d8d3', '8bbe67c5-8a26-4bb3-93fa-274c02a8bdd2', '7e644cc4-7da7-4563-8e06-8b91754c9740', 'b55a3cfb-a65d-4540-8821-d20f7a3c8d56', 1780325890287, 50, 'Estável', 3, '["finanças","sono"]', 'Reduzir a frequência das crises de ansiedade', 'Treino de habilidades sociais', 'Paciente demonstrou boa adesão às tarefas propostas.', 'Registrar pensamentos automáticos em situações de gatilho.', NULL, 1780325890287);
INSERT INTO sessions (id, clinic_id, patient_id, psychologist_id, occurred_at, duration_min, mood, emotional_scale, topics, objectives, techniques, evolution, next_steps, free_notes, created_at) VALUES ('877e095f-248d-4ade-aba5-c724ee67c0c0', '8bbe67c5-8a26-4bb3-93fa-274c02a8bdd2', '7e644cc4-7da7-4563-8e06-8b91754c9740', 'b55a3cfb-a65d-4540-8821-d20f7a3c8d56', 1781017090287, 50, 'Angustiado(a)', 7, '["trabalho","estudos"]', 'Reorganizar a rotina e o autocuidado', 'Técnicas de mindfulness', 'Trouxe avanços na aplicação das técnicas no dia a dia.', 'Retomar atividade física gradualmente.', 'Sessão produtiva. Manter plano terapêutico.', 1781017090287);
INSERT INTO sessions (id, clinic_id, patient_id, psychologist_id, occurred_at, duration_min, mood, emotional_scale, topics, objectives, techniques, evolution, next_steps, free_notes, created_at) VALUES ('76cf0bf3-ab40-4a7e-bd7c-798962daa601', '8bbe67c5-8a26-4bb3-93fa-274c02a8bdd2', '7e644cc4-7da7-4563-8e06-8b91754c9740', 'b55a3cfb-a65d-4540-8821-d20f7a3c8d56', 1781621890287, 50, 'Estável', 9, '["autoestima","finanças","trabalho","estudos"]', 'Melhorar a comunicação nos relacionamentos', 'Psicoeducação', 'Relatou leve melhora nos sintomas ao longo da semana.', 'Trabalhar limites nos relacionamentos.', 'Sessão produtiva. Manter plano terapêutico.', 1781621890287);
INSERT INTO sessions (id, clinic_id, patient_id, psychologist_id, occurred_at, duration_min, mood, emotional_scale, topics, objectives, techniques, evolution, next_steps, free_notes, created_at) VALUES ('54405ba2-33b6-4eba-965e-848ce98a1b55', '8bbe67c5-8a26-4bb3-93fa-274c02a8bdd2', '7e644cc4-7da7-4563-8e06-8b91754c9740', 'b55a3cfb-a65d-4540-8821-d20f7a3c8d56', 1782140290287, 50, 'Motivado(a)', 4, '["saúde","família"]', 'Aumentar a tolerância à frustração', 'Exposição gradual', 'Apresentou resistência inicial, mas engajou-se ao final da sessão.', 'Trabalhar limites nos relacionamentos.', 'Sessão produtiva. Manter plano terapêutico.', 1782140290287);
INSERT INTO sessions (id, clinic_id, patient_id, psychologist_id, occurred_at, duration_min, mood, emotional_scale, topics, objectives, techniques, evolution, next_steps, free_notes, created_at) VALUES ('674996f8-ec7f-4929-b13e-df6b856e5b9c', '8bbe67c5-8a26-4bb3-93fa-274c02a8bdd2', '7e644cc4-7da7-4563-8e06-8b91754c9740', 'b55a3cfb-a65d-4540-8821-d20f7a3c8d56', 1782917890287, 60, 'Esperançoso(a)', 9, '["lazer","sono"]', 'Reduzir a frequência das crises de ansiedade', 'Respiração diafragmática', 'Semana difícil, com aumento da sintomatologia ansiosa.', 'Manter diário do sono.', NULL, 1782917890287);
INSERT INTO timeline_events (id, clinic_id, patient_id, session_id, title, description, event_date, category, status, source, created_at) VALUES ('74b7eb23-dc43-495c-b471-03bf52033e23', '8bbe67c5-8a26-4bb3-93fa-274c02a8bdd2', '7e644cc4-7da7-4563-8e06-8b91754c9740', NULL, 'Início do acompanhamento', 'Percebe-se maior consciência emocional e vocabulário afetivo.', 1782226690287, 'pessoal', 'suggested', 'manual', 1767625090287);
INSERT INTO timeline_events (id, clinic_id, patient_id, session_id, title, description, event_date, category, status, source, created_at) VALUES ('3845e0a2-fb80-41fa-b747-a449a92e201e', '8bbe67c5-8a26-4bb3-93fa-274c02a8bdd2', '7e644cc4-7da7-4563-8e06-8b91754c9740', '674996f8-ec7f-4929-b13e-df6b856e5b9c', 'Conclusão de etapa', 'Percebe-se maior consciência emocional e vocabulário afetivo.', 1781535490287, 'pessoal', 'confirmed', 'manual', 1779375490287);
INSERT INTO timeline_events (id, clinic_id, patient_id, session_id, title, description, event_date, category, status, source, created_at) VALUES ('0390ab5e-ba51-4c45-ac29-be229d21bd37', '8bbe67c5-8a26-4bb3-93fa-274c02a8bdd2', '7e644cc4-7da7-4563-8e06-8b91754c9740', '54405ba2-33b6-4eba-965e-848ce98a1b55', 'Início do acompanhamento', 'Apresentou resistência inicial, mas engajou-se ao final da sessão.', 1776437890287, 'pessoal', 'suggested', 'ai', 1767797890287);
INSERT INTO ai_summaries (id, clinic_id, patient_id, appointment_id, content, suggested_questions, model, status, approved_content, approved_by, approved_at, created_at) VALUES ('66e32fb7-9adf-4fcd-824a-f83d82623a40', '8bbe67c5-8a26-4bb3-93fa-274c02a8bdd2', '7e644cc4-7da7-4563-8e06-8b91754c9740', NULL, 'Paciente em acompanhamento por estresse e esgotamento no trabalho (burnout). Ao longo das sessões observa-se evolução gradual, com melhor manejo emocional e boa adesão às técnicas propostas. Recomenda-se manter o plano terapêutico atual.', '["Como você tem dormido esta semana?","O que funcionou melhor entre as estratégias que combinamos?","Houve algum gatilho importante desde a última sessão?"]', 'vinculo-ai', 'ready', NULL, NULL, NULL, 1781449090287);
INSERT INTO ai_alerts (id, clinic_id, patient_id, type, severity, message, status, created_at) VALUES ('e7d1d531-6ba8-453b-9c30-3b1a8edf0904', '8bbe67c5-8a26-4bb3-93fa-274c02a8bdd2', '7e644cc4-7da7-4563-8e06-8b91754c9740', 'risk', 'high', 'Menção a pensamentos de desesperança na última sessão. Avaliar risco.', 'active', 1781189890287);
INSERT INTO appointments (id, clinic_id, patient_id, psychologist_id, starts_at, ends_at, status, created_at) VALUES ('d9996cea-768f-4794-8cd8-91f7e066c635', '8bbe67c5-8a26-4bb3-93fa-274c02a8bdd2', '7e644cc4-7da7-4563-8e06-8b91754c9740', 'b55a3cfb-a65d-4540-8821-d20f7a3c8d56', 1782313090287, 1782316090287, 'done', 1781794690287);
INSERT INTO appointments (id, clinic_id, patient_id, psychologist_id, starts_at, ends_at, status, created_at) VALUES ('9150a7ae-6e2f-46c7-91c4-708ca59dc151', '8bbe67c5-8a26-4bb3-93fa-274c02a8bdd2', '7e644cc4-7da7-4563-8e06-8b91754c9740', 'b55a3cfb-a65d-4540-8821-d20f7a3c8d56', 1782917890287, 1782920890287, 'canceled', 1782485890287);
INSERT INTO consents (id, clinic_id, patient_id, type, version, granted_at, ip, revoked_at, created_at) VALUES ('0e09af10-43a5-4a8c-93a4-eb9a6b5fbe95', '8bbe67c5-8a26-4bb3-93fa-274c02a8bdd2', '7e644cc4-7da7-4563-8e06-8b91754c9740', 'general', '1.0', 1779721090287, '189.232.194.230', NULL, 1779721090287);
INSERT INTO consents (id, clinic_id, patient_id, type, version, granted_at, ip, revoked_at, created_at) VALUES ('901333ef-e76c-4385-8b5d-3935421139a0', '8bbe67c5-8a26-4bb3-93fa-274c02a8bdd2', '7e644cc4-7da7-4563-8e06-8b91754c9740', 'ai', '1.0', 1779721090287, '189.27.72.0', NULL, 1779721090287);
INSERT INTO patients (id, clinic_id, psychologist_id, full_name, social_name, cpf, email, phone, whatsapp, birth_date, status, photo, profile, deleted_at, created_at) VALUES ('d63e5129-e8c9-4942-b95c-93797db28170', '8bbe67c5-8a26-4bb3-93fa-274c02a8bdd2', 'b55a3cfb-a65d-4540-8821-d20f7a3c8d56', 'Fernanda Correia Rocha', NULL, '985.851.336-61', 'fernanda.4@email.com', '(81) 92722-4410', '(56) 96352-7037', -234867709713, 'active', 'data:image/svg+xml;base64,PHN2ZyB4bWxucz0iaHR0cDovL3d3dy53My5vcmcvMjAwMC9zdmciIHZpZXdCb3g9IjAgMCAyODAgMjgwIiBmaWxsPSJub25lIiBzaGFwZS1yZW5kZXJpbmc9ImF1dG8iPjxtZXRhZGF0YSB4bWxuczpyZGY9Imh0dHA6Ly93d3cudzMub3JnLzE5OTkvMDIvMjItcmRmLXN5bnRheC1ucyMiIHhtbG5zOnhzaT0iaHR0cDovL3d3dy53My5vcmcvMjAwMS9YTUxTY2hlbWEtaW5zdGFuY2UiIHhtbG5zOmRjPSJodHRwOi8vcHVybC5vcmcvZGMvZWxlbWVudHMvMS4xLyIgeG1sbnM6ZGN0ZXJtcz0iaHR0cDovL3B1cmwub3JnL2RjL3Rlcm1zLyI+PHJkZjpSREY+PHJkZjpEZXNjcmlwdGlvbj48ZGM6dGl0bGU+QXZhdGFhYXJzPC9kYzp0aXRsZT48ZGM6Y3JlYXRvcj5QYWJsbyBTdGFubGV5PC9kYzpjcmVhdG9yPjxkYzpzb3VyY2UgeHNpOnR5cGU9ImRjdGVybXM6VVJJIj5odHRwczovL2F2YXRhYWFycy5jb20vPC9kYzpzb3VyY2U+PGRjdGVybXM6bGljZW5zZSB4c2k6dHlwZT0iZGN0ZXJtczpVUkkiPmh0dHBzOi8vYXZhdGFhYXJzLmNvbS88L2RjdGVybXM6bGljZW5zZT48ZGM6cmlnaHRzPlJlbWl4IG9mIOKAnkF2YXRhYWFyc+KAnSAoaHR0cHM6Ly9hdmF0YWFhcnMuY29tLykgYnkg4oCeUGFibG8gU3RhbmxleeKAnSwgbGljZW5zZWQgdW5kZXIg4oCeRnJlZSBmb3IgcGVyc29uYWwgYW5kIGNvbW1lcmNpYWwgdXNl4oCdIChodHRwczovL2F2YXRhYWFycy5jb20vKTwvZGM6cmlnaHRzPjwvcmRmOkRlc2NyaXB0aW9uPjwvcmRmOlJERj48L21ldGFkYXRhPjxtYXNrIGlkPSJ2aWV3Ym94TWFzayI+PHJlY3Qgd2lkdGg9IjI4MCIgaGVpZ2h0PSIyODAiIHJ4PSIxNDAiIHJ5PSIxNDAiIHg9IjAiIHk9IjAiIGZpbGw9IiNmZmYiIC8+PC9tYXNrPjxnIG1hc2s9InVybCgjdmlld2JveE1hc2spIj48cmVjdCBmaWxsPSIjZmZkNWRjIiB3aWR0aD0iMjgwIiBoZWlnaHQ9IjI4MCIgeD0iMCIgeT0iMCIgLz48ZyB0cmFuc2Zvcm09InRyYW5zbGF0ZSg4KSI+PHBhdGggZD0iTTEzMiAzNmE1NiA1NiAwIDAgMC01NiA1NnY2LjE3QTEyIDEyIDAgMCAwIDY2IDExMHYxNGExMiAxMiAwIDAgMCAxMC4zIDExLjg4IDU2LjA0IDU2LjA0IDAgMCAwIDMxLjcgNDQuNzN2MTguNGgtNGE3MiA3MiAwIDAgMC03MiA3MnY5aDIwMHYtOWE3MiA3MiAwIDAgMC03Mi03MmgtNHYtMTguMzlhNTYuMDQgNTYuMDQgMCAwIDAgMzEuNy00NC43M0ExMiAxMiAwIDAgMCAxOTggMTI0di0xNGExMiAxMiAwIDAgMC0xMC0xMS44M1Y5MmE1NiA1NiAwIDAgMC01Ni01NloiIGZpbGw9IiNhZTVkMjkiLz48cGF0aCBkPSJNMTA4IDE4MC42MXY4YTU1Ljc5IDU1Ljc5IDAgMCAwIDI0IDUuMzljOC41OSAwIDE2LjczLTEuOTMgMjQtNS4zOXYtOGE1NS43OSA1NS43OSAwIDAgMS0yNCA1LjM5IDU1Ljc5IDU1Ljc5IDAgMCAxLTI0LTUuMzlaIiBmaWxsPSIjMDAwIiBmaWxsLW9wYWNpdHk9Ii4xIi8+PGcgdHJhbnNmb3JtPSJ0cmFuc2xhdGUoMCAxNzApIj48cGF0aCBkPSJNMTA4IDE0LjdjLTE1LjUyIDMuNjgtMjcuMSAxMC44My0zMC43NyAxOS40NEE3Mi4wMiA3Mi4wMiAwIDAgMCAzMiAxMDF2OWgyMDB2LTlhNzIuMDIgNzIuMDIgMCAwIDAtNDUuMjMtNjYuODZDMTgzLjEgMjUuNTMgMTcxLjUyIDE4LjM4IDE1NiAxNC43VjMyYTI0IDI0IDAgMSAxLTQ4IDBWMTQuN1oiIGZpbGw9IiNmZjQ4OGUiLz48cGF0aCBkPSJNMTAyIDYzLjM0YTY3LjEgNjcuMSAwIDAgMS03LTIuODJWMTEwaDdWNjMuMzRaTTE2MiA2My4zNGE2Ny4wNCA2Ny4wNCAwIDAgMCA3LTIuODJWOTguNWEzLjUgMy41IDAgMSAxLTcgMFY2My4zNFoiIGZpbGw9IiNGNEY0RjQiLz48cGF0aCBkPSJNMTg3LjYyIDM0LjQ5YTcxLjc5IDcxLjc5IDAgMCAxIDEwLjgzIDUuNjNDMTk3LjExIDU1LjYyIDE2Ny44NyA2OCAxMzIgNjhjMzAuOTMgMCA1Ni0xMy40MyA1Ni0zMCAwLTEuMTktLjEzLTIuMzYtLjM4LTMuNTFaTTc2LjM4IDM0LjQ5YTE2LjQ4IDE2LjQ4IDAgMCAwLS4zOCAzLjVjMCAxNi41OCAyNS4wNyAzMCA1NiAzMC0zNS44NyAwLTY1LjEtMTIuMzgtNjYuNDUtMjcuODhhNzEuNzkgNzEuNzkgMCAwIDEgMTAuODMtNS42M1oiIGZpbGw9IiMwMDAiIGZpbGwtb3BhY2l0eT0iLjE2Ii8+PC9nPjxnIHRyYW5zZm9ybT0idHJhbnNsYXRlKDc4IDEzNCkiPjxwYXRoIGZpbGwtcnVsZT0iZXZlbm9kZCIgY2xpcC1ydWxlPSJldmVub2RkIiBkPSJNNDAgMjlhMTQgMTQgMCAxIDEgMjggMCIgZmlsbD0iIzAwMCIgZmlsbC1vcGFjaXR5PSIuNyIvPjwvZz48ZyB0cmFuc2Zvcm09InRyYW5zbGF0ZSgxMDQgMTIyKSI+PHBhdGggZmlsbC1ydWxlPSJldmVub2RkIiBjbGlwLXJ1bGU9ImV2ZW5vZGQiIGQ9Ik0xNiA4YzAgNC40MiA1LjM3IDggMTIgOHMxMi0zLjU4IDEyLTgiIGZpbGw9IiMwMDAiIGZpbGwtb3BhY2l0eT0iLjE2Ii8+PC9nPjxnIHRyYW5zZm9ybT0idHJhbnNsYXRlKDc2IDkwKSI+PHBhdGggZD0iTTQ0IDIwLjczYzAgNC4yNi02LjI3IDcuNzItMTQgNy43MlMxNiAyNSAxNiAyMC43M0MxNiAxNi40NiAyMi4yNyAxMyAzMCAxM3MxNCAzLjQ2IDE0IDcuNzNaTTk2IDIwLjczYzAgNC4yNi02LjI3IDcuNzItMTQgNy43MlM2OCAyNSA2OCAyMC43M0M2OCAxNi40NiA3NC4yNyAxMyA4MiAxM3MxNCAzLjQ2IDE0IDcuNzNaIiBmaWxsPSIjZmZmIi8+PHBhdGggZD0iTTMyLjgyIDI4LjNhMjUuMTUgMjUuMTUgMCAwIDEtNS42NCAwIDYgNiAwIDEgMSA1LjY0IDBaTTg0LjgyIDI4LjNhMjUuMTUgMjUuMTUgMCAwIDEtNS42NCAwIDYgNiAwIDEgMSA1LjY0IDBaIiBmaWxsPSIjMDAwIiBmaWxsLW9wYWNpdHk9Ii43Ii8+PC9nPjxnIHRyYW5zZm9ybT0idHJhbnNsYXRlKDc2IDgyKSI+PGcgZmlsbC1ydWxlPSJldmVub2RkIiBjbGlwLXJ1bGU9ImV2ZW5vZGQiIGZpbGw9IiNEQURBREEiPjxwYXRoIGQ9Ik01NyAxMi44MlpNOTYuMTIgNy42YzEuNDYuNTYgOS4xOSA2LjQzIDcuODYgOS4xNmEuOC44IDAgMCAxLTEuMjkuMjIgMTAuNjMgMTAuNjMgMCAwIDAtMS43LTEuMTljLTUuMS0yLjg0LTExLjMtMS45My0xNi43My0uOTEtNi4xMiAxLjE0LTEyLjExIDMuNDgtMTguMzkgMi42Ny0yLjA0LS4yNi02LjA4LTEuMjItNy42My0yLjk2LS40Ny0uNTMtLjA2LTEuMzguNjQtMS40MyAxLjQ0LS4xMSAyLjg2LS44NiA0LjMzLTEuMjggMy42NS0xLjAzIDcuNC0xLjU2IDExLjExLTIuMjkgNi42Mi0xLjMgMTUuMTctNC41MyAyMS44LTJaIi8+PHBhdGggZD0iTTU4Ljc2IDEyLjc2Yy0xLjE3LjA0LTIuOCAzLjU2LS41NiAzLjY4IDIuMjMuMTEgMS43My0zLjcyLjU2LTMuNjhaTTU1IDEyLjhjMC0uMDEgMC0uMDEgMCAwWk0xNS44OCA3LjU2Yy0xLjQ2LjU2LTkuMTkgNi40My03Ljg2IDkuMTYuMjQuNS44OS42IDEuMjkuMjIuNTUtLjUyIDEuNTgtMS4xMSAxLjcxLTEuMTggNS4xLTIuODQgMTEuMy0xLjkzIDE2LjczLS45MSA2LjEyIDEuMTQgMTIuMTEgMy40OCAxOC4zOSAyLjY3IDIuMDQtLjI2IDYuMDgtMS4yMiA3LjYzLTIuOTYuNDctLjUzLjA2LTEuMzgtLjY0LTEuNDMtMS40NC0uMTEtMi44Ni0uODYtNC4zMy0xLjI4LTMuNjUtMS4wMy03LjQtMS41Ni0xMS4xMS0yLjI5LTYuNjItMS4zLTE1LjE3LTQuNTMtMjEuOC0yWiIvPjxwYXRoIGQ9Ik01NC45NyAxMS43OWMxLjE3LjA0IDIuNzcgNC41LjUzIDQuNjctMi4yNC4xOC0xLjctNC43MS0uNTMtNC42N1oiLz48L2c+PC9nPjxnIHRyYW5zZm9ybT0idHJhbnNsYXRlKC0xKSI+PHBhdGggZD0iTTUwIDkwLjVjMCA0LjU1IDEuNyA4LjY0IDQuODUgMTAuNzcuOS42MSAyLjQ3LjkzIDQuMTUgMS4wN1YxODJhOCA4IDAgMCAwIDggOGg0MnYtOS4zOWE1Ni4wMyA1Ni4wMyAwIDAgMS0zMS44LTQ1Ljc0QTEyIDEyIDAgMCAxIDY3IDEyM3YtMTNjMC0zLjUgMS41LTYuNjMgMy44Ny04LjgzIDExLjU0LTIuNjEgMjQuMS03LjUzIDM2LjQ3LTE0LjY3IDEyLjEzLTcgMjIuNS0xNS4yNCAzMC40OC0yMy43NWE4Ny4zNiA4Ny4zNiAwIDAgMS0xMi40NSAyMC43OGMxMi42OC01LjUyIDIxLjMtMTQuNCAyNS45LTI2LjYzLjM3LjkyLjc2IDEuODQgMS4xNyAyLjc2IDEwLjI2IDIzLjAzIDI3Ljg4IDM5LjM2IDQ1Ljc3IDQ0Ljc0LjUgMi4xMS43OSA0LjA4Ljc5IDUuNnYxM2ExMiAxMiAwIDAgMS0xMC4yIDExLjg3QTU2LjAzIDU2LjAzIDAgMCAxIDE1NyAxODAuNlYxOTBoMThhMzIgMzIgMCAwIDAgMzItMzJ2LTU0LjEyYzAtLjA3IDAtLjE3LS4wMy0uMjgtLjA3LTUuNjQtLjI4LTE4Ljg3LS42LTIxLjM3QTc0LjAxIDc0LjAxIDAgMCAwIDEzMi45OSAxOGMtMzYuMDggMC02Ni4xNCAyNS44My03MyA2MC01LjUyIDAtMTAgNS42LTEwIDEyLjVaIiBmaWxsPSIjYjU4MTQzIi8+PHBhdGggZD0iTTE1Mi40NCA1OS42NmMxMS45NCAyNi44MSAzMy44NiA0NC41MyA1NC41NiA0Ni41VjkyQTc0IDc0IDAgMCAwIDYwLjMyIDc4SDYwYy01LjUyIDAtMTAgNS42LTEwIDEyLjUgMCA2LjQ4IDMuOTUgMTEuODEgOSAxMi40NHYuMTVsLjk1LS4xSDYwYTguMSA4LjEgMCAwIDAgMS45LS4yMkM3NS43IDEwMSA5MS42OCA5NS41NCAxMDcuMzQgODYuNWMxMi4xMy03IDIyLjUtMTUuMjQgMzAuNDgtMjMuNzVhODcuMzYgODcuMzYgMCAwIDEtMTIuNDUgMjAuNzhjMTIuNjgtNS41MiAyMS4zLTE0LjQgMjUuOS0yNi42My4zNy45Mi43NiAxLjg0IDEuMTcgMi43NloiIGZpbGw9IiNmZmYiIGZpbGwtb3BhY2l0eT0iLjA4Ii8+PC9nPjxnIHRyYW5zZm9ybT0idHJhbnNsYXRlKDQ5IDcyKSI+PC9nPjxnIHRyYW5zZm9ybT0idHJhbnNsYXRlKDYyIDQyKSI+PC9nPjwvZz48L2c+PC9zdmc+', '{"personal":{"isChild":false,"sex":"Feminino","gender":"Mulher cisgênero","rg":"49.624.856-5","maritalStatus":"Solteiro(a)","profession":"Médica","company":"Empresa privada","education":"Pós-graduação","address":"Rua Nascimento, 761","city":"Salvador","state":"BA","zip":"84215-819"},"clinical":{"complaint":"Ansiedade e crises de pânico","goals":"Reorganizar a rotina e o autocuidado","suffering":"Moderado","history":"Já fez acompanhamento anterior por cerca de um ano. Retornou após recaída.","priorDiagnoses":"Nenhum","priorTreatments":"Nenhum","psychiatric":"Não","referrals":"Encaminhado pelo clínico geral"},"health":{"depression":false,"anxiety":true,"tdah":false,"tag":false,"bipolar":false,"medications":"—","diseases":"—","surgeries":"—","hospitalizations":"Não","familyHistory":"Histórico familiar de depressão/ansiedade"},"lifestyle":{"sleep":"Irregular","diet":"Irregular","sports":"Caminhada","gym":"Não","alcohol":"Frequente","smoking":"Não","drugs":"Não","religion":"Evangélica","spirituality":"Pouco"},"financial":{"situation":"Estável","income":"1 a 2 salários","work":"Desempregado","ownHome":"Sim","rent":"Não","withFamily":"Sim","debt":"Alguma","car":"Não","motorcycle":"Sim"},"interests":{"hobbies":"Fotografia","music":"Pop","movies":"Comédia","books":"—","games":"Jogos casuais","tech":"Médio","social":"Instagram"},"personality":{"introvert":false,"extrovert":false,"communicative":true,"reserved":false,"organized":true,"creative":true,"impulsive":false,"notes":"Dificuldade em pedir ajuda."},"relationships":{"family":"Conflituosa","friends":"Rede sólida","romantic":"Solteiro(a)","work":"Neutra"}}', NULL, 1762095490287);
INSERT INTO sessions (id, clinic_id, patient_id, psychologist_id, occurred_at, duration_min, mood, emotional_scale, topics, objectives, techniques, evolution, next_steps, free_notes, created_at) VALUES ('1886af8b-057b-44c7-948d-4d58d5f5be06', '8bbe67c5-8a26-4bb3-93fa-274c02a8bdd2', 'd63e5129-e8c9-4942-b95c-93797db28170', 'b55a3cfb-a65d-4540-8821-d20f7a3c8d56', 1779893890287, 45, 'Motivado(a)', 9, '["sono","rotina","lazer","saúde"]', 'Melhorar a qualidade do sono', 'Treino de habilidades sociais', 'Trouxe avanços na aplicação das técnicas no dia a dia.', 'Manter diário do sono.', 'Sessão produtiva. Manter plano terapêutico.', 1779893890287);
INSERT INTO sessions (id, clinic_id, patient_id, psychologist_id, occurred_at, duration_min, mood, emotional_scale, topics, objectives, techniques, evolution, next_steps, free_notes, created_at) VALUES ('71feae63-ed3c-4429-849b-217891b6d805', '8bbe67c5-8a26-4bb3-93fa-274c02a8bdd2', 'd63e5129-e8c9-4942-b95c-93797db28170', 'b55a3cfb-a65d-4540-8821-d20f7a3c8d56', 1780239490287, 50, 'Ansioso(a)', 6, '["estudos","relacionamento","sono","lazer"]', 'Reduzir a frequência das crises de ansiedade', 'Ativação comportamental', 'Semana difícil, com aumento da sintomatologia ansiosa.', 'Registrar pensamentos automáticos em situações de gatilho.', 'Sessão produtiva. Manter plano terapêutico.', 1780239490287);
INSERT INTO sessions (id, clinic_id, patient_id, psychologist_id, occurred_at, duration_min, mood, emotional_scale, topics, objectives, techniques, evolution, next_steps, free_notes, created_at) VALUES ('7588d67d-d113-467e-9d42-7b538e928a3f', '8bbe67c5-8a26-4bb3-93fa-274c02a8bdd2', 'd63e5129-e8c9-4942-b95c-93797db28170', 'b55a3cfb-a65d-4540-8821-d20f7a3c8d56', 1781017090287, 50, 'Esperançoso(a)', 7, '["relacionamento","sono"]', 'Elaborar o processo de luto', 'Respiração diafragmática', 'Semana difícil, com aumento da sintomatologia ansiosa.', 'Manter diário do sono.', 'Sessão produtiva. Manter plano terapêutico.', 1781017090287);
INSERT INTO sessions (id, clinic_id, patient_id, psychologist_id, occurred_at, duration_min, mood, emotional_scale, topics, objectives, techniques, evolution, next_steps, free_notes, created_at) VALUES ('4cb709df-15ae-45d6-adb2-7504f9f4428c', '8bbe67c5-8a26-4bb3-93fa-274c02a8bdd2', 'd63e5129-e8c9-4942-b95c-93797db28170', 'b55a3cfb-a65d-4540-8821-d20f7a3c8d56', 1781535490287, 60, 'Motivado(a)', 9, '["lazer","ansiedade","sono","saúde"]', 'Elaborar o processo de luto', 'Ativação comportamental', 'Relatou leve melhora nos sintomas ao longo da semana.', 'Trabalhar limites nos relacionamentos.', 'Sessão produtiva. Manter plano terapêutico.', 1781535490287);
INSERT INTO sessions (id, clinic_id, patient_id, psychologist_id, occurred_at, duration_min, mood, emotional_scale, topics, objectives, techniques, evolution, next_steps, free_notes, created_at) VALUES ('5c7be7e1-e0c9-41fa-ba0c-52ef0ae1e5d7', '8bbe67c5-8a26-4bb3-93fa-274c02a8bdd2', 'd63e5129-e8c9-4942-b95c-93797db28170', 'b55a3cfb-a65d-4540-8821-d20f7a3c8d56', 1782053890287, 60, 'Angustiado(a)', 9, '["família","ansiedade","sono"]', 'Fortalecer a autoestima', 'Técnicas de mindfulness', 'Percebe-se maior consciência emocional e vocabulário afetivo.', 'Registrar pensamentos automáticos em situações de gatilho.', NULL, 1782053890287);
INSERT INTO sessions (id, clinic_id, patient_id, psychologist_id, occurred_at, duration_min, mood, emotional_scale, topics, objectives, techniques, evolution, next_steps, free_notes, created_at) VALUES ('52aac80c-77ad-4651-b537-37820ff62dc1', '8bbe67c5-8a26-4bb3-93fa-274c02a8bdd2', 'd63e5129-e8c9-4942-b95c-93797db28170', 'b55a3cfb-a65d-4540-8821-d20f7a3c8d56', 1782831490287, 50, 'Angustiado(a)', 7, '["saúde","lazer","autoestima","relacionamento"]', 'Fortalecer a autoestima', 'Respiração diafragmática', 'Paciente demonstrou boa adesão às tarefas propostas.', 'Trabalhar limites nos relacionamentos.', NULL, 1782831490287);
INSERT INTO timeline_events (id, clinic_id, patient_id, session_id, title, description, event_date, category, status, source, created_at) VALUES ('f418d16f-7fe1-4b79-a0a3-bc4e14adaf10', '8bbe67c5-8a26-4bb3-93fa-274c02a8bdd2', 'd63e5129-e8c9-4942-b95c-93797db28170', '7588d67d-d113-467e-9d42-7b538e928a3f', 'Início do acompanhamento', 'Apresentou resistência inicial, mas engajou-se ao final da sessão.', 1766242690287, 'clínico', 'suggested', 'ai', 1777561090287);
INSERT INTO timeline_events (id, clinic_id, patient_id, session_id, title, description, event_date, category, status, source, created_at) VALUES ('4c8e7d62-71de-4b77-8764-2b95d899bb01', '8bbe67c5-8a26-4bb3-93fa-274c02a8bdd2', 'd63e5129-e8c9-4942-b95c-93797db28170', NULL, 'Conclusão de etapa', 'Trouxe avanços na aplicação das técnicas no dia a dia.', 1778857090287, 'clínico', 'confirmed', 'ai', 1769871490287);
INSERT INTO timeline_events (id, clinic_id, patient_id, session_id, title, description, event_date, category, status, source, created_at) VALUES ('8fbde53c-10ce-4efb-831c-83845a579fb3', '8bbe67c5-8a26-4bb3-93fa-274c02a8bdd2', 'd63e5129-e8c9-4942-b95c-93797db28170', '1886af8b-057b-44c7-948d-4d58d5f5be06', 'Ajuste de medicação', 'Percebe-se maior consciência emocional e vocabulário afetivo.', 1770821890287, 'pessoal', 'confirmed', 'manual', 1766847490287);
INSERT INTO timeline_events (id, clinic_id, patient_id, session_id, title, description, event_date, category, status, source, created_at) VALUES ('722b8bab-ad98-40a8-acac-3c623886eed6', '8bbe67c5-8a26-4bb3-93fa-274c02a8bdd2', 'd63e5129-e8c9-4942-b95c-93797db28170', '4cb709df-15ae-45d6-adb2-7504f9f4428c', 'Melhora significativa', 'Trouxe avanços na aplicação das técnicas no dia a dia.', 1768748290287, 'pessoal', 'confirmed', 'manual', 1772895490287);
INSERT INTO timeline_events (id, clinic_id, patient_id, session_id, title, description, event_date, category, status, source, created_at) VALUES ('09df3bc3-88c5-423c-8337-56fe81936615', '8bbe67c5-8a26-4bb3-93fa-274c02a8bdd2', 'd63e5129-e8c9-4942-b95c-93797db28170', '52aac80c-77ad-4651-b537-37820ff62dc1', 'Mudança de emprego', 'Apresentou resistência inicial, mas engajou-se ao final da sessão.', 1771081090287, 'clínico', 'confirmed', 'ai', 1769266690287);
INSERT INTO ai_summaries (id, clinic_id, patient_id, appointment_id, content, suggested_questions, model, status, approved_content, approved_by, approved_at, created_at) VALUES ('2477e632-014c-4189-94b2-97c29935128c', '8bbe67c5-8a26-4bb3-93fa-274c02a8bdd2', 'd63e5129-e8c9-4942-b95c-93797db28170', NULL, 'Paciente em acompanhamento por luto pela perda de um familiar. Ao longo das sessões observa-se evolução gradual, com melhor manejo emocional e boa adesão às técnicas propostas. Recomenda-se manter o plano terapêutico atual.', '["Como você tem dormido esta semana?","O que funcionou melhor entre as estratégias que combinamos?","Houve algum gatilho importante desde a última sessão?"]', 'vinculo-ai', 'ready', NULL, 'b55a3cfb-a65d-4540-8821-d20f7a3c8d56', 1783349890287, 1781881090287);
INSERT INTO ai_alerts (id, clinic_id, patient_id, type, severity, message, status, created_at) VALUES ('8b0077de-9c6a-4485-b817-53ac455d0c70', '8bbe67c5-8a26-4bb3-93fa-274c02a8bdd2', 'd63e5129-e8c9-4942-b95c-93797db28170', 'medication', 'medium', 'Relato de interrupção da medicação por conta própria.', 'active', 1781362690287);
INSERT INTO ai_alerts (id, clinic_id, patient_id, type, severity, message, status, created_at) VALUES ('b72ac956-14a2-4011-9be2-4de342148b36', '8bbe67c5-8a26-4bb3-93fa-274c02a8bdd2', 'd63e5129-e8c9-4942-b95c-93797db28170', 'medication', 'medium', 'Relato de interrupção da medicação por conta própria.', 'active', 1782831490287);
INSERT INTO appointments (id, clinic_id, patient_id, psychologist_id, starts_at, ends_at, status, created_at) VALUES ('6207f238-2dd8-408f-9984-ee2c0a4838d0', '8bbe67c5-8a26-4bb3-93fa-274c02a8bdd2', 'd63e5129-e8c9-4942-b95c-93797db28170', 'b55a3cfb-a65d-4540-8821-d20f7a3c8d56', 1782313090287, 1782316090287, 'done', 1781794690287);
INSERT INTO appointments (id, clinic_id, patient_id, psychologist_id, starts_at, ends_at, status, created_at) VALUES ('bb10d0de-27fa-4abc-b06d-8e959e4f1e2c', '8bbe67c5-8a26-4bb3-93fa-274c02a8bdd2', 'd63e5129-e8c9-4942-b95c-93797db28170', 'b55a3cfb-a65d-4540-8821-d20f7a3c8d56', 1782917890287, 1782920890287, 'done', 1782485890287);
INSERT INTO appointments (id, clinic_id, patient_id, psychologist_id, starts_at, ends_at, status, created_at) VALUES ('161c43d6-829d-4c22-84ef-99f5af03a55b', '8bbe67c5-8a26-4bb3-93fa-274c02a8bdd2', 'd63e5129-e8c9-4942-b95c-93797db28170', 'b55a3cfb-a65d-4540-8821-d20f7a3c8d56', 1783609090287, 1784562490287, 'scheduled', 1783349890287);
INSERT INTO consents (id, clinic_id, patient_id, type, version, granted_at, ip, revoked_at, created_at) VALUES ('f6071d5e-a125-44cd-871f-be87cea0e2a2', '8bbe67c5-8a26-4bb3-93fa-274c02a8bdd2', 'd63e5129-e8c9-4942-b95c-93797db28170', 'general', '1.0', 1762095490287, '189.113.162.175', NULL, 1762095490287);
INSERT INTO consents (id, clinic_id, patient_id, type, version, granted_at, ip, revoked_at, created_at) VALUES ('19e963b1-829a-4262-802f-2fe4be99f0c0', '8bbe67c5-8a26-4bb3-93fa-274c02a8bdd2', 'd63e5129-e8c9-4942-b95c-93797db28170', 'ai', '1.0', 1762095490287, '189.116.75.7', NULL, 1762095490287);
INSERT INTO patients (id, clinic_id, psychologist_id, full_name, social_name, cpf, email, phone, whatsapp, birth_date, status, photo, profile, deleted_at, created_at) VALUES ('11b1870d-06d8-46a8-9735-60278af51aa9', '8bbe67c5-8a26-4bb3-93fa-274c02a8bdd2', 'b55a3cfb-a65d-4540-8821-d20f7a3c8d56', 'Juliana Rocha Moreira', NULL, '212.493.407-20', 'juliana.5@email.com', '(86) 98477-9737', '(72) 98204-3185', 282236290287, 'active', 'data:image/svg+xml;base64,PHN2ZyB4bWxucz0iaHR0cDovL3d3dy53My5vcmcvMjAwMC9zdmciIHZpZXdCb3g9IjAgMCAyODAgMjgwIiBmaWxsPSJub25lIiBzaGFwZS1yZW5kZXJpbmc9ImF1dG8iPjxtZXRhZGF0YSB4bWxuczpyZGY9Imh0dHA6Ly93d3cudzMub3JnLzE5OTkvMDIvMjItcmRmLXN5bnRheC1ucyMiIHhtbG5zOnhzaT0iaHR0cDovL3d3dy53My5vcmcvMjAwMS9YTUxTY2hlbWEtaW5zdGFuY2UiIHhtbG5zOmRjPSJodHRwOi8vcHVybC5vcmcvZGMvZWxlbWVudHMvMS4xLyIgeG1sbnM6ZGN0ZXJtcz0iaHR0cDovL3B1cmwub3JnL2RjL3Rlcm1zLyI+PHJkZjpSREY+PHJkZjpEZXNjcmlwdGlvbj48ZGM6dGl0bGU+QXZhdGFhYXJzPC9kYzp0aXRsZT48ZGM6Y3JlYXRvcj5QYWJsbyBTdGFubGV5PC9kYzpjcmVhdG9yPjxkYzpzb3VyY2UgeHNpOnR5cGU9ImRjdGVybXM6VVJJIj5odHRwczovL2F2YXRhYWFycy5jb20vPC9kYzpzb3VyY2U+PGRjdGVybXM6bGljZW5zZSB4c2k6dHlwZT0iZGN0ZXJtczpVUkkiPmh0dHBzOi8vYXZhdGFhYXJzLmNvbS88L2RjdGVybXM6bGljZW5zZT48ZGM6cmlnaHRzPlJlbWl4IG9mIOKAnkF2YXRhYWFyc+KAnSAoaHR0cHM6Ly9hdmF0YWFhcnMuY29tLykgYnkg4oCeUGFibG8gU3RhbmxleeKAnSwgbGljZW5zZWQgdW5kZXIg4oCeRnJlZSBmb3IgcGVyc29uYWwgYW5kIGNvbW1lcmNpYWwgdXNl4oCdIChodHRwczovL2F2YXRhYWFycy5jb20vKTwvZGM6cmlnaHRzPjwvcmRmOkRlc2NyaXB0aW9uPjwvcmRmOlJERj48L21ldGFkYXRhPjxtYXNrIGlkPSJ2aWV3Ym94TWFzayI+PHJlY3Qgd2lkdGg9IjI4MCIgaGVpZ2h0PSIyODAiIHJ4PSIxNDAiIHJ5PSIxNDAiIHg9IjAiIHk9IjAiIGZpbGw9IiNmZmYiIC8+PC9tYXNrPjxnIG1hc2s9InVybCgjdmlld2JveE1hc2spIj48cmVjdCBmaWxsPSIjZmZkNWRjIiB3aWR0aD0iMjgwIiBoZWlnaHQ9IjI4MCIgeD0iMCIgeT0iMCIgLz48ZyB0cmFuc2Zvcm09InRyYW5zbGF0ZSg4KSI+PHBhdGggZD0iTTEzMiAzNmE1NiA1NiAwIDAgMC01NiA1NnY2LjE3QTEyIDEyIDAgMCAwIDY2IDExMHYxNGExMiAxMiAwIDAgMCAxMC4zIDExLjg4IDU2LjA0IDU2LjA0IDAgMCAwIDMxLjcgNDQuNzN2MTguNGgtNGE3MiA3MiAwIDAgMC03MiA3MnY5aDIwMHYtOWE3MiA3MiAwIDAgMC03Mi03MmgtNHYtMTguMzlhNTYuMDQgNTYuMDQgMCAwIDAgMzEuNy00NC43M0ExMiAxMiAwIDAgMCAxOTggMTI0di0xNGExMiAxMiAwIDAgMC0xMC0xMS44M1Y5MmE1NiA1NiAwIDAgMC01Ni01NloiIGZpbGw9IiNlZGI5OGEiLz48cGF0aCBkPSJNMTA4IDE4MC42MXY4YTU1Ljc5IDU1Ljc5IDAgMCAwIDI0IDUuMzljOC41OSAwIDE2LjczLTEuOTMgMjQtNS4zOXYtOGE1NS43OSA1NS43OSAwIDAgMS0yNCA1LjM5IDU1Ljc5IDU1Ljc5IDAgMCAxLTI0LTUuMzlaIiBmaWxsPSIjMDAwIiBmaWxsLW9wYWNpdHk9Ii4xIi8+PGcgdHJhbnNmb3JtPSJ0cmFuc2xhdGUoMCAxNzApIj48cGF0aCBkPSJNMTk2IDM4LjYzVjExMEg2OFYzOC42M2E3MS41MiA3MS41MiAwIDAgMSAyNi04Ljk0djQ0LjNoNzZWMjkuNjlhNzEuNTIgNzEuNTIgMCAwIDEgMjYgOC45NFoiIGZpbGw9IiNmZjQ4OGUiLz48cGF0aCBkPSJNODYgODNhNSA1IDAgMSAxLTEwIDAgNSA1IDAgMCAxIDEwIDBaTTE4OCA4M2E1IDUgMCAxIDEtMTAgMCA1IDUgMCAwIDEgMTAgMFoiIGZpbGw9IiNGNEY0RjQiLz48L2c+PGcgdHJhbnNmb3JtPSJ0cmFuc2xhdGUoNzggMTM0KSI+PHBhdGggZmlsbC1ydWxlPSJldmVub2RkIiBjbGlwLXJ1bGU9ImV2ZW5vZGQiIGQ9Ik00MC4wNiAyNy43MkM0MC43IDIwLjcgNDYuNyAxNiA1NCAxNmM3LjM0IDAgMTMuMzYgNC43NSAxMy45NSAxMS44NS4wMy4zOC0uODcuNjctMS4zMi40NS01LjU0LTIuNzctOS43NS00LjE2LTEyLjYzLTQuMTYtMi44NCAwLTcgMS4zNi0xMi40NSA0LjA3LS41LjI1LTEuNTMtLjA3LTEuNS0uNDlaIiBmaWxsPSIjMDAwIiBmaWxsLW9wYWNpdHk9Ii43Ii8+PC9nPjxnIHRyYW5zZm9ybT0idHJhbnNsYXRlKDEwNCAxMjIpIj48cGF0aCBmaWxsLXJ1bGU9ImV2ZW5vZGQiIGNsaXAtcnVsZT0iZXZlbm9kZCIgZD0iTTE2IDhjMCA0LjQyIDUuMzcgOCAxMiA4czEyLTMuNTggMTItOCIgZmlsbD0iIzAwMCIgZmlsbC1vcGFjaXR5PSIuMTYiLz48L2c+PGcgdHJhbnNmb3JtPSJ0cmFuc2xhdGUoNzYgOTApIj48cGF0aCBkPSJNMTYuMTYgMjIuNDVjMS44NS0zLjggNi02LjQ1IDEwLjg0LTYuNDUgNC44MSAwIDguOTYgMi42MyAxMC44MiA2LjQuNTUgMS4xMy0uMjQgMi4wNS0xLjAzIDEuMzdhMTUuMDUgMTUuMDUgMCAwIDAtOS44LTMuNDNjLTMuNzMgMC03LjEyIDEuMjQtOS41NSAzLjIzLS45LjczLTEuODItLjAxLTEuMjgtMS4xMlpNNzQuMTYgMjIuNDVjMS44NS0zLjggNi02LjQ1IDEwLjg0LTYuNDUgNC44MSAwIDguOTYgMi42MyAxMC44MiA2LjQuNTUgMS4xMy0uMjQgMi4wNS0xLjAzIDEuMzdhMTUuMDUgMTUuMDUgMCAwIDAtOS44LTMuNDNjLTMuNzQgMC03LjEzIDEuMjQtOS41NiAzLjIzLS45LjczLTEuODItLjAxLTEuMjgtMS4xMloiIGZpbGwtcnVsZT0iZXZlbm9kZCIgY2xpcC1ydWxlPSJldmVub2RkIiBmaWxsPSIjMDAwIiBmaWxsLW9wYWNpdHk9Ii42Ii8+PC9nPjxnIHRyYW5zZm9ybT0idHJhbnNsYXRlKDc2IDgyKSI+PHBhdGggZD0ibTIyLjc3IDEuNTguOS0uNEMyOC45My0uOTEgMzYuODgtLjAzIDQxLjczIDIuM2MuNTcuMjcuMTggMS4xNS0uNCAxLjEtMTQuOTItMS4xNC0yNC45NiA4LjE1LTI4LjM3IDE0LjQ1LS4xLjE4LS40MS4yLS40OS4wMy0yLjMtNS4zMiA0LjQ1LTEzLjk4IDEwLjMtMTYuM1pNODkuMjMgMS41OGwtLjktLjRDODMuMDctLjkxIDc1LjEyLS4wMyA3MC4yNyAyLjNjLS41Ny4yNy0uMTggMS4xNS40IDEuMSAxNC45Mi0xLjE0IDI0Ljk2IDguMTUgMjguMzcgMTQuNDUuMS4xOC40MS4yLjQ5LjAzIDIuMy01LjMyLTQuNDUtMTMuOTgtMTAuMy0xNi4zWiIgZmlsbC1ydWxlPSJldmVub2RkIiBjbGlwLXJ1bGU9ImV2ZW5vZGQiIGZpbGw9IiMwMDAiIGZpbGwtb3BhY2l0eT0iLjYiLz48L2c+PGcgdHJhbnNmb3JtPSJ0cmFuc2xhdGUoLTEpIj48cGF0aCBmaWxsLXJ1bGU9ImV2ZW5vZGQiIGNsaXAtcnVsZT0iZXZlbm9kZCIgZD0iTTE2Ny4zIDM1Yy0yMC4xOC0xMS43LTQwLjE3LTkuNzgtNTUuMjYtNS45Ny0xNS4xIDMuOC0yNC4wMiAxNC42Mi0zMS42OCAzMC42MmE2Ny42OCA2Ny42OCAwIDAgMC02LjM0IDI1LjgzYy0uMTMgMy40MS4zMyA2Ljk0IDEuMjUgMTAuMjIuMzMgMS4yIDIuMTUgNS4zOSAyLjY1IDIgLjE3LTEuMTItLjQ0LTIuNjctLjUtMy44Ni0uMDgtMS41NyAwLTMuMTYuMTEtNC43My4yLTIuOTIuNzMtNS44IDEuNjUtOC41OSAxLjMzLTMuOTggMy4wMi04LjMgNS42LTExLjY3IDYuNC04LjMzIDE3LjQ5LTguOCAyNi4yOS0xMy4zOS0uNzcgMS40LTMuNyAzLjY4LTIuNyA1LjI3LjcxIDEuMSAzLjM4Ljc2IDQuNjUuNzIgMy4zNS0uMDkgNi43Mi0uNjcgMTAuMDItMS4xNGE3MS41IDcxLjUgMCAwIDAgMTUtNC4xYzQuMDItMS41IDguNjEtMi44OCAxMS42My02LjA3YTY4LjY3IDY4LjY3IDAgMCAwIDE3LjQgMTNjNS42MiAyLjg4IDE0LjY4IDQuMzIgMTguMTEgMTAuMTYgNC4wNyA2LjkxIDIuMiAxNS40IDMuNDQgMjIuOS40NyAyLjg1IDEuNTQgMi43OSAyLjEzLjI0IDEtNC4zMyAxLjQ3LTguODMgMS4xNS0xMy4yOC0uNzItMTAuMDUtNC40LTM2LjQ1LTI0LjYtNDguMTVaIiBmaWxsPSIjYzkzMzA1Ii8+PC9nPjxnIHRyYW5zZm9ybT0idHJhbnNsYXRlKDQ5IDcyKSI+PC9nPjxnIHRyYW5zZm9ybT0idHJhbnNsYXRlKDYyIDQyKSI+PC9nPjwvZz48L2c+PC9zdmc+', '{"personal":{"isChild":false,"sex":"Feminino","gender":"Mulher cisgênero","rg":"22.429.435-6","maritalStatus":"União estável","profession":"Estudante","company":"Autônomo","education":"Ensino fundamental","address":"Rua Araújo, 32","city":"Belo Horizonte","state":"MG","zip":"78516-988"},"clinical":{"complaint":"Fobia social","goals":"Melhorar a comunicação nos relacionamentos","suffering":"Leve","history":"Já fez acompanhamento anterior por cerca de um ano. Retornou após recaída.","priorDiagnoses":"Transtorno de ansiedade generalizada","priorTreatments":"Psicoterapia anterior","psychiatric":"Não","referrals":"—"},"health":{"depression":true,"anxiety":false,"tdah":false,"tag":false,"bipolar":true,"medications":"—","diseases":"—","surgeries":"—","hospitalizations":"Não","familyHistory":"Histórico familiar de depressão/ansiedade"},"lifestyle":{"sleep":"Boa","diet":"Restritiva","sports":"Sedentário","gym":"Sim","alcohol":"Social","smoking":"Sim","drugs":"Não","religion":"Evangélica","spirituality":"Moderada"},"financial":{"situation":"Estável","income":"2 a 4 salários","work":"CLT","ownHome":"Sim","rent":"Sim","withFamily":"Sim","debt":"Endividado","car":"Sim","motorcycle":"Não"},"interests":{"hobbies":"Fotografia","music":"Sertanejo","movies":"Comédia","books":"Ficção e autoajuda","games":"Jogos casuais","tech":"Alto","social":"Pouco ativo"},"personality":{"introvert":false,"extrovert":false,"communicative":false,"reserved":false,"organized":true,"creative":false,"impulsive":false,"notes":"Perfeccionista e autocrítico(a)."},"relationships":{"family":"Boa","friends":"Poucos amigos","romantic":"Instável","work":"Boa"}}', NULL, 1779116290287);
INSERT INTO sessions (id, clinic_id, patient_id, psychologist_id, occurred_at, duration_min, mood, emotional_scale, topics, objectives, techniques, evolution, next_steps, free_notes, created_at) VALUES ('f835832d-3732-41a0-95f3-97cb9689d747', '8bbe67c5-8a26-4bb3-93fa-274c02a8bdd2', '11b1870d-06d8-46a8-9735-60278af51aa9', 'b55a3cfb-a65d-4540-8821-d20f7a3c8d56', 1780412290287, 50, 'Cansado(a)', 8, '["luto","trabalho"]', 'Desenvolver estratégias de enfrentamento', 'Reestruturação cognitiva', 'Percebe-se maior consciência emocional e vocabulário afetivo.', 'Praticar respiração diafragmática 2x ao dia.', 'Sessão produtiva. Manter plano terapêutico.', 1780412290287);
INSERT INTO sessions (id, clinic_id, patient_id, psychologist_id, occurred_at, duration_min, mood, emotional_scale, topics, objectives, techniques, evolution, next_steps, free_notes, created_at) VALUES ('9d5cd27e-7fab-4299-85f1-5be6b058e8de', '8bbe67c5-8a26-4bb3-93fa-274c02a8bdd2', '11b1870d-06d8-46a8-9735-60278af51aa9', 'b55a3cfb-a65d-4540-8821-d20f7a3c8d56', 1780930690287, 60, 'Irritado(a)', 5, '["finanças","saúde","estudos"]', 'Elaborar o processo de luto', 'Ativação comportamental', 'Percebe-se maior consciência emocional e vocabulário afetivo.', 'Manter diário do sono.', 'Sessão produtiva. Manter plano terapêutico.', 1780930690287);
INSERT INTO sessions (id, clinic_id, patient_id, psychologist_id, occurred_at, duration_min, mood, emotional_scale, topics, objectives, techniques, evolution, next_steps, free_notes, created_at) VALUES ('82423ea8-858b-4745-85a9-0c717ae36b18', '8bbe67c5-8a26-4bb3-93fa-274c02a8bdd2', '11b1870d-06d8-46a8-9735-60278af51aa9', 'b55a3cfb-a65d-4540-8821-d20f7a3c8d56', 1781535490287, 50, 'Deprimido(a)', 7, '["trabalho","luto","estudos"]', 'Desenvolver estratégias de enfrentamento', 'Psicoeducação', 'Percebe-se maior consciência emocional e vocabulário afetivo.', 'Praticar respiração diafragmática 2x ao dia.', NULL, 1781535490287);
INSERT INTO sessions (id, clinic_id, patient_id, psychologist_id, occurred_at, duration_min, mood, emotional_scale, topics, objectives, techniques, evolution, next_steps, free_notes, created_at) VALUES ('e423ed49-17f2-400b-8c24-0c3b556ca0bb', '8bbe67c5-8a26-4bb3-93fa-274c02a8bdd2', '11b1870d-06d8-46a8-9735-60278af51aa9', 'b55a3cfb-a65d-4540-8821-d20f7a3c8d56', 1782053890287, 50, 'Irritado(a)', 9, '["relacionamento","autoestima","família","sono"]', 'Melhorar a qualidade do sono', 'Exposição gradual', 'Apresentou resistência inicial, mas engajou-se ao final da sessão.', 'Praticar respiração diafragmática 2x ao dia.', NULL, 1782053890287);
INSERT INTO sessions (id, clinic_id, patient_id, psychologist_id, occurred_at, duration_min, mood, emotional_scale, topics, objectives, techniques, evolution, next_steps, free_notes, created_at) VALUES ('83b81a57-d597-40ea-9961-ee4e1db217b5', '8bbe67c5-8a26-4bb3-93fa-274c02a8bdd2', '11b1870d-06d8-46a8-9735-60278af51aa9', 'b55a3cfb-a65d-4540-8821-d20f7a3c8d56', 1782745090287, 50, 'Cansado(a)', 3, '["sono","família"]', 'Desenvolver estratégias de enfrentamento', 'Ativação comportamental', 'Trouxe avanços na aplicação das técnicas no dia a dia.', 'Praticar respiração diafragmática 2x ao dia.', NULL, 1782745090287);
INSERT INTO timeline_events (id, clinic_id, patient_id, session_id, title, description, event_date, category, status, source, created_at) VALUES ('1cdec7e7-6898-45d2-83b0-b40145d8e3a6', '8bbe67c5-8a26-4bb3-93fa-274c02a8bdd2', '11b1870d-06d8-46a8-9735-60278af51aa9', NULL, 'Conclusão de etapa', 'Apresentou resistência inicial, mas engajou-se ao final da sessão.', 1778425090287, 'clínico', 'confirmed', 'manual', 1782226690287);
INSERT INTO timeline_events (id, clinic_id, patient_id, session_id, title, description, event_date, category, status, source, created_at) VALUES ('f933addd-bf29-47b6-b400-e423c5b255e9', '8bbe67c5-8a26-4bb3-93fa-274c02a8bdd2', '11b1870d-06d8-46a8-9735-60278af51aa9', '9d5cd27e-7fab-4299-85f1-5be6b058e8de', 'Perda familiar', 'Paciente demonstrou boa adesão às tarefas propostas.', 1776610690287, 'clínico', 'confirmed', 'ai', 1768661890287);
INSERT INTO timeline_events (id, clinic_id, patient_id, session_id, title, description, event_date, category, status, source, created_at) VALUES ('b5a9fb74-ead4-49b6-84d9-55e5e289331b', '8bbe67c5-8a26-4bb3-93fa-274c02a8bdd2', '11b1870d-06d8-46a8-9735-60278af51aa9', NULL, 'Início do acompanhamento', 'Trouxe avanços na aplicação das técnicas no dia a dia.', 1772204290287, 'pessoal', 'suggested', 'manual', 1772636290287);
INSERT INTO timeline_events (id, clinic_id, patient_id, session_id, title, description, event_date, category, status, source, created_at) VALUES ('ce0e1d31-f5d6-47dd-98e8-20ab2cc46958', '8bbe67c5-8a26-4bb3-93fa-274c02a8bdd2', '11b1870d-06d8-46a8-9735-60278af51aa9', NULL, 'Perda familiar', 'Percebe-se maior consciência emocional e vocabulário afetivo.', 1777215490287, 'pessoal', 'suggested', 'manual', 1782745090287);
INSERT INTO timeline_events (id, clinic_id, patient_id, session_id, title, description, event_date, category, status, source, created_at) VALUES ('b49a0a5c-9428-4cd2-a7ec-9f58c9bb32c4', '8bbe67c5-8a26-4bb3-93fa-274c02a8bdd2', '11b1870d-06d8-46a8-9735-60278af51aa9', 'e423ed49-17f2-400b-8c24-0c3b556ca0bb', 'Início do acompanhamento', 'Apresentou resistência inicial, mas engajou-se ao final da sessão.', 1773068290287, 'pessoal', 'confirmed', 'manual', 1777474690287);
INSERT INTO ai_summaries (id, clinic_id, patient_id, appointment_id, content, suggested_questions, model, status, approved_content, approved_by, approved_at, created_at) VALUES ('52f0d53d-aa35-44ca-9763-e2f3a3b8f8dd', '8bbe67c5-8a26-4bb3-93fa-274c02a8bdd2', '11b1870d-06d8-46a8-9735-60278af51aa9', NULL, 'Paciente em acompanhamento por sintomas depressivos e desânimo. Ao longo das sessões observa-se evolução gradual, com melhor manejo emocional e boa adesão às técnicas propostas. Recomenda-se manter o plano terapêutico atual.', '["Como você tem dormido esta semana?","O que funcionou melhor entre as estratégias que combinamos?","Houve algum gatilho importante desde a última sessão?"]', 'vinculo-ai', 'approved', NULL, NULL, NULL, 1781276290287);
INSERT INTO ai_alerts (id, clinic_id, patient_id, type, severity, message, status, created_at) VALUES ('ade2c966-83b1-48f9-9890-01b7f3262a26', '8bbe67c5-8a26-4bb3-93fa-274c02a8bdd2', '11b1870d-06d8-46a8-9735-60278af51aa9', 'risk', 'critical', 'Ideação com conteúdo de autolesão — atenção prioritária.', 'reviewed', 1781967490287);
INSERT INTO ai_alerts (id, clinic_id, patient_id, type, severity, message, status, created_at) VALUES ('e75cf38f-dfc9-42b7-a725-003b4c30e3a5', '8bbe67c5-8a26-4bb3-93fa-274c02a8bdd2', '11b1870d-06d8-46a8-9735-60278af51aa9', 'engagement', 'low', 'Queda no engajamento com as tarefas terapêuticas.', 'active', 1782485890287);
INSERT INTO appointments (id, clinic_id, patient_id, psychologist_id, starts_at, ends_at, status, created_at) VALUES ('8c4d86f7-d79d-4070-9096-a27e6ede4d16', '8bbe67c5-8a26-4bb3-93fa-274c02a8bdd2', '11b1870d-06d8-46a8-9735-60278af51aa9', 'b55a3cfb-a65d-4540-8821-d20f7a3c8d56', 1782313090287, 1782316090287, 'done', 1781794690287);
INSERT INTO appointments (id, clinic_id, patient_id, psychologist_id, starts_at, ends_at, status, created_at) VALUES ('a68d6d57-59db-4efe-b036-dbe112badbf5', '8bbe67c5-8a26-4bb3-93fa-274c02a8bdd2', '11b1870d-06d8-46a8-9735-60278af51aa9', 'b55a3cfb-a65d-4540-8821-d20f7a3c8d56', 1782917890287, 1782920890287, 'no_show', 1782485890287);
INSERT INTO appointments (id, clinic_id, patient_id, psychologist_id, starts_at, ends_at, status, created_at) VALUES ('dafe4a23-fa77-4c05-b6b1-fbe85d1d55f0', '8bbe67c5-8a26-4bb3-93fa-274c02a8bdd2', '11b1870d-06d8-46a8-9735-60278af51aa9', 'b55a3cfb-a65d-4540-8821-d20f7a3c8d56', 1784300290287, 1783612090287, 'scheduled', 1783349890287);
INSERT INTO consents (id, clinic_id, patient_id, type, version, granted_at, ip, revoked_at, created_at) VALUES ('b2d8e404-413d-485e-a233-9ed7ca365270', '8bbe67c5-8a26-4bb3-93fa-274c02a8bdd2', '11b1870d-06d8-46a8-9735-60278af51aa9', 'general', '1.0', 1779116290287, '189.12.185.217', NULL, 1779116290287);
INSERT INTO consents (id, clinic_id, patient_id, type, version, granted_at, ip, revoked_at, created_at) VALUES ('204ae1ef-466e-4f50-be6f-636220f9f9bc', '8bbe67c5-8a26-4bb3-93fa-274c02a8bdd2', '11b1870d-06d8-46a8-9735-60278af51aa9', 'ai', '1.0', 1779116290287, '189.114.150.17', NULL, 1779116290287);
INSERT INTO consents (id, clinic_id, patient_id, type, version, granted_at, ip, revoked_at, created_at) VALUES ('280c9497-f5b3-4b68-b1b7-e05abaf19e53', '8bbe67c5-8a26-4bb3-93fa-274c02a8bdd2', '11b1870d-06d8-46a8-9735-60278af51aa9', 'recording', '1.0', 1779116290287, NULL, NULL, 1779116290287);
INSERT INTO patients (id, clinic_id, psychologist_id, full_name, social_name, cpf, email, phone, whatsapp, birth_date, status, photo, profile, deleted_at, created_at) VALUES ('cf09013d-bed4-4c6e-9508-fb43f1ffb318', '8bbe67c5-8a26-4bb3-93fa-274c02a8bdd2', 'b55a3cfb-a65d-4540-8821-d20f7a3c8d56', 'Larissa Martins Nascimento', NULL, '203.504.229-53', 'larissa.6@email.com', '(27) 92111-1621', '(38) 92944-8836', 1232895490288, 'active', 'data:image/svg+xml;base64,PHN2ZyB4bWxucz0iaHR0cDovL3d3dy53My5vcmcvMjAwMC9zdmciIHZpZXdCb3g9IjAgMCAyODAgMjgwIiBmaWxsPSJub25lIiBzaGFwZS1yZW5kZXJpbmc9ImF1dG8iPjxtZXRhZGF0YSB4bWxuczpyZGY9Imh0dHA6Ly93d3cudzMub3JnLzE5OTkvMDIvMjItcmRmLXN5bnRheC1ucyMiIHhtbG5zOnhzaT0iaHR0cDovL3d3dy53My5vcmcvMjAwMS9YTUxTY2hlbWEtaW5zdGFuY2UiIHhtbG5zOmRjPSJodHRwOi8vcHVybC5vcmcvZGMvZWxlbWVudHMvMS4xLyIgeG1sbnM6ZGN0ZXJtcz0iaHR0cDovL3B1cmwub3JnL2RjL3Rlcm1zLyI+PHJkZjpSREY+PHJkZjpEZXNjcmlwdGlvbj48ZGM6dGl0bGU+QXZhdGFhYXJzPC9kYzp0aXRsZT48ZGM6Y3JlYXRvcj5QYWJsbyBTdGFubGV5PC9kYzpjcmVhdG9yPjxkYzpzb3VyY2UgeHNpOnR5cGU9ImRjdGVybXM6VVJJIj5odHRwczovL2F2YXRhYWFycy5jb20vPC9kYzpzb3VyY2U+PGRjdGVybXM6bGljZW5zZSB4c2k6dHlwZT0iZGN0ZXJtczpVUkkiPmh0dHBzOi8vYXZhdGFhYXJzLmNvbS88L2RjdGVybXM6bGljZW5zZT48ZGM6cmlnaHRzPlJlbWl4IG9mIOKAnkF2YXRhYWFyc+KAnSAoaHR0cHM6Ly9hdmF0YWFhcnMuY29tLykgYnkg4oCeUGFibG8gU3RhbmxleeKAnSwgbGljZW5zZWQgdW5kZXIg4oCeRnJlZSBmb3IgcGVyc29uYWwgYW5kIGNvbW1lcmNpYWwgdXNl4oCdIChodHRwczovL2F2YXRhYWFycy5jb20vKTwvZGM6cmlnaHRzPjwvcmRmOkRlc2NyaXB0aW9uPjwvcmRmOlJERj48L21ldGFkYXRhPjxtYXNrIGlkPSJ2aWV3Ym94TWFzayI+PHJlY3Qgd2lkdGg9IjI4MCIgaGVpZ2h0PSIyODAiIHJ4PSIxNDAiIHJ5PSIxNDAiIHg9IjAiIHk9IjAiIGZpbGw9IiNmZmYiIC8+PC9tYXNrPjxnIG1hc2s9InVybCgjdmlld2JveE1hc2spIj48cmVjdCBmaWxsPSIjZmZkZmJmIiB3aWR0aD0iMjgwIiBoZWlnaHQ9IjI4MCIgeD0iMCIgeT0iMCIgLz48ZyB0cmFuc2Zvcm09InRyYW5zbGF0ZSg4KSI+PHBhdGggZD0iTTEzMiAzNmE1NiA1NiAwIDAgMC01NiA1NnY2LjE3QTEyIDEyIDAgMCAwIDY2IDExMHYxNGExMiAxMiAwIDAgMCAxMC4zIDExLjg4IDU2LjA0IDU2LjA0IDAgMCAwIDMxLjcgNDQuNzN2MTguNGgtNGE3MiA3MiAwIDAgMC03MiA3MnY5aDIwMHYtOWE3MiA3MiAwIDAgMC03Mi03MmgtNHYtMTguMzlhNTYuMDQgNTYuMDQgMCAwIDAgMzEuNy00NC43M0ExMiAxMiAwIDAgMCAxOTggMTI0di0xNGExMiAxMiAwIDAgMC0xMC0xMS44M1Y5MmE1NiA1NiAwIDAgMC01Ni01NloiIGZpbGw9IiM2MTQzMzUiLz48cGF0aCBkPSJNMTA4IDE4MC42MXY4YTU1Ljc5IDU1Ljc5IDAgMCAwIDI0IDUuMzljOC41OSAwIDE2LjczLTEuOTMgMjQtNS4zOXYtOGE1NS43OSA1NS43OSAwIDAgMS0yNCA1LjM5IDU1Ljc5IDU1Ljc5IDAgMCAxLTI0LTUuMzlaIiBmaWxsPSIjMDAwIiBmaWxsLW9wYWNpdHk9Ii4xIi8+PGcgdHJhbnNmb3JtPSJ0cmFuc2xhdGUoMCAxNzApIj48cGF0aCBkPSJNMTMyLjUgNTEuODNjMTguNSAwIDMzLjUtOS42MiAzMy41LTIxLjQ4IDAtLjM2LS4wMS0uNy0uMDQtMS4wNkE3MiA3MiAwIDAgMSAyMzIgMTAxLjA0VjExMEgzMnYtOC45NWE3MiA3MiAwIDAgMSA2Ny4wNS03MS44M2MtLjAzLjM3LS4wNS43NS0uMDUgMS4xMyAwIDExLjg2IDE1IDIxLjQ4IDMzLjUgMjEuNDhaIiBmaWxsPSIjZmZhZmI5Ii8+PHBhdGggZD0iTTEzMi41IDU4Ljc2YzIxLjg5IDAgMzkuNjMtMTIuMDUgMzkuNjMtMjYuOTEgMC0uNi0uMDItMS4yLS4wOC0xLjgtMi0uMzMtNC4wMy0uNTktNi4xLS43Ni4wNC4zNS4wNS43LjA1IDEuMDYgMCAxMS44Ni0xNSAyMS40OC0zMy41IDIxLjQ4Uzk5IDQyLjIgOTkgMzAuMzVjMC0uMzguMDItLjc2LjA1LTEuMTMtMi4wNi4xNC00LjA4LjM2LTYuMDguNjctLjA3LjY1LS4xIDEuMy0uMSAxLjk2IDAgMTQuODYgMTcuNzQgMjYuOTEgMzkuNjMgMjYuOTFaIiBmaWxsPSIjMDAwIiBmaWxsLW9wYWNpdHk9Ii4wOCIvPjwvZz48ZyB0cmFuc2Zvcm09InRyYW5zbGF0ZSg3OCAxMzQpIj48cmVjdCB4PSIyMiIgeT0iNyIgd2lkdGg9IjY0IiBoZWlnaHQ9IjI2IiByeD0iMTMiIGZpbGw9IiMwMDAiIGZpbGwtb3BhY2l0eT0iLjYiLz48cmVjdCB4PSIyNCIgeT0iOSIgd2lkdGg9IjYwIiBoZWlnaHQ9IjIyIiByeD0iMTEiIGZpbGw9IiNmZmYiLz48cGF0aCBkPSJNMjQuMTggMThIMzJWOS40MUExMSAxMSAwIDAgMSAzNSA5aDF2OWg5VjloNHY5aDlWOWg0djloOVY5aDJjLjY4IDAgMS4zNS4wNiAyIC4xOFYxOGg4LjgybC4wNS4yOHYzLjQ0bC0uMDUuMjhINzV2OC44MmMtLjY1LjEyLTEuMzIuMTgtMiAuMThoLTJ2LTloLTl2OWgtNHYtOWgtOXY5aC00di05aC05djloLTFhMTEgMTEgMCAwIDEtMy0uNDFWMjJoLTcuODJhMTEuMDYgMTEuMDYgMCAwIDEgMC00WiIgZmlsbD0iI0U2RTZFNiIvPjwvZz48ZyB0cmFuc2Zvcm09InRyYW5zbGF0ZSgxMDQgMTIyKSI+PHBhdGggZmlsbC1ydWxlPSJldmVub2RkIiBjbGlwLXJ1bGU9ImV2ZW5vZGQiIGQ9Ik0xNiA4YzAgNC40MiA1LjM3IDggMTIgOHMxMi0zLjU4IDEyLTgiIGZpbGw9IiMwMDAiIGZpbGwtb3BhY2l0eT0iLjE2Ii8+PC9nPjxnIHRyYW5zZm9ybT0idHJhbnNsYXRlKDc2IDkwKSI+PGcgZmlsbD0iIzAwMCIgZmlsbC1vcGFjaXR5PSIuNiI+PHBhdGggZD0iTTM2IDIyYTYgNiAwIDEgMS0xMiAwIDYgNiAwIDAgMSAxMiAwWiIvPjxwYXRoIGZpbGwtcnVsZT0iZXZlbm9kZCIgY2xpcC1ydWxlPSJldmVub2RkIiBkPSJNNzAuNiAyNC45NmMxLjU5LTMuOTIgNS41NS02Ljg2IDEwLjM3LTcuMiA0LjgtLjMzIDkuMTIgMiAxMS4yNCA1LjY0LjYzIDEuMDktLjEgMi4wNi0uOTMgMS40My0yLjYtMS45My02LjE1LTMtMTAtMi43M0ExNS4xMyAxNS4xMyAwIDAgMCA3MS45NSAyNmMtLjg0Ljc4LTEuODEuMS0xLjM1LTEuMDRaIi8+PC9nPjwvZz48ZyB0cmFuc2Zvcm09InRyYW5zbGF0ZSg3NiA4MikiPjxwYXRoIGQ9Im0yMi43NyAxLjU4LjktLjRDMjguOTMtLjkxIDM2Ljg4LS4wMyA0MS43MyAyLjNjLjU3LjI3LjE4IDEuMTUtLjQgMS4xLTE0LjkyLTEuMTQtMjQuOTYgOC4xNS0yOC4zNyAxNC40NS0uMS4xOC0uNDEuMi0uNDkuMDMtMi4zLTUuMzIgNC40NS0xMy45OCAxMC4zLTE2LjNaTTg3IDEyLjA3YzUuNzUuNzcgMTQuNzQgNS44IDEzLjk5IDExLjYtLjAzLjItLjMxLjI2LS40NC4xLTIuNDktMy4yLTIxLjcxLTcuODctMjguNzEtNi45LS42NC4xLTEuMDctLjU3LS42My0uOTggMy43NS0zLjU0IDEwLjYyLTQuNTIgMTUuNzgtMy44MloiIGZpbGwtcnVsZT0iZXZlbm9kZCIgY2xpcC1ydWxlPSJldmVub2RkIiBmaWxsPSIjMDAwIiBmaWxsLW9wYWNpdHk9Ii42Ii8+PC9nPjxnIHRyYW5zZm9ybT0idHJhbnNsYXRlKC0xKSI+PHBhdGggZD0iTTE4OC4zMiAxMzguNzZDMjI3LjkgMTI5LjI2IDI1NSAxMDkuODcgMjU1IDg3LjVjMC0yMy41LTI5LjkyLTQzLjcyLTcyLjgtNTIuNjNsLS4zMS0xLjQzQTQwIDQwIDAgMCAwIDE0Mi44MiAyaC0xOC42NGE0MCA0MCAwIDAgMC0zOS4wNyAzMS40NGwtLjI3IDEuMjFDNDEuNDEgNDMuNDUgMTEgNjMuOCAxMSA4Ny41YzAgMjIuMzcgMjcuMSA0MS43NiA2Ni42OCA1MS4yNi0uMi0xLjI4LS4zNi0yLjU4LS40Ny0zLjlBMTIgMTIgMCAwIDEgNjcgMTIzdi0xM2ExMiAxMiAwIDAgMSAxMC0xMS44M1Y5MmMwLTggMS42OC0xNS42MiA0LjctMjIuNTEgOC42MS0xNS42OSA5Mi43My0xNi40OSAxMDIuNjYuMTZBNTUuODIgNTUuODIgMCAwIDEgMTg5IDkydjYuMTdBMTIgMTIgMCAwIDEgMTk5IDExMHYxM2ExMiAxMiAwIDAgMS0xMC4yIDExLjg3IDU2LjA2IDU2LjA2IDAgMCAxLS40OCAzLjlaIiBmaWxsPSIjNTE5OWU0Ii8+PHBhdGggZD0iTTE4OSA5Mi43NGMzLjg1LTMuMjUgNi02LjkgNi0xMC43NCAwLTYuMDgtNS4zOC0xMS42NS0xNC4zMi0xNS45OCAxLjY0IDEuMSAyLjkgMi4zIDMuNjggMy42M0E1NS44MiA1NS44MiAwIDAgMSAxODkgOTJ2Ljc0Wk0xNTcuMjYgNTguOTlhMTQ0LjM2IDE0NC4zNiAwIDAgMC0yNC4yNi0yYy04Ljk4IDAtMTcuNTIuNzgtMjUuMjIgMi4xNyAxNS4xNi0yLjIgMzQuMTEtMi4zIDQ5LjQ4LS4xN1pNODQuNjkgNjYuMzNDNzYuMTIgNzAuNjIgNzEgNzYuMDcgNzEgODJjMCAzLjg1IDIuMTUgNy40OSA2IDEwLjc0VjkyYzAtOCAxLjY4LTE1LjYyIDQuNy0yMi41MWE5Ljk0IDkuOTQgMCAwIDEgMi45OS0zLjE2WiIgZmlsbD0iIzAwMCIgZmlsbC1vcGFjaXR5PSIuNSIvPjwvZz48ZyB0cmFuc2Zvcm09InRyYW5zbGF0ZSg0OSA3MikiPjwvZz48ZyB0cmFuc2Zvcm09InRyYW5zbGF0ZSg2MiA0MikiPjwvZz48L2c+PC9nPjwvc3ZnPg==', '{"personal":{"isChild":true,"sex":"Feminino","gender":"Mulher cisgênero","rg":"58.231.991-9","maritalStatus":"Solteiro(a)","profession":"Estudante","company":"Escola Municipal","education":"Ensino fundamental","address":"Rua Carvalho, 402","city":"Salvador","state":"BA","zip":"37821-844"},"clinical":{"complaint":"Dificuldade em lidar com mudanças","goals":"Desenvolver estratégias de enfrentamento","suffering":"Moderado","history":"Procurou a clínica de forma espontânea, motivado(a) por autoconhecimento.","priorDiagnoses":"Nenhum","priorTreatments":"Nenhum","psychiatric":"Não","referrals":"—"},"health":{"depression":true,"anxiety":false,"tdah":false,"tag":false,"bipolar":false,"medications":"Fluoxetina 20mg","diseases":"—","surgeries":"—","hospitalizations":"Uma internação prévia","familyHistory":"Histórico familiar de depressão/ansiedade"},"lifestyle":{"sleep":"Irregular","diet":"Equilibrada","sports":"Sedentário","gym":"Não","alcohol":"Não","smoking":"Não","drugs":"Não","religion":"Evangélica","spirituality":"Pouco"},"financial":{"situation":"Estável","income":"Acima de 8 salários","work":"Não se aplica","ownHome":"Não","rent":"Não","withFamily":"Sim","debt":"Endividado","car":"Sim","motorcycle":"Não"},"interests":{"hobbies":"Leitura","music":"MPB","movies":"Drama","books":"—","games":"Jogos casuais","tech":"Baixo","social":"Instagram"},"personality":{"introvert":false,"extrovert":false,"communicative":false,"reserved":true,"organized":true,"creative":true,"impulsive":true,"notes":"Tende a evitar conflitos."},"relationships":{"family":"Muito próxima","friends":"Rede sólida","romantic":"Estável","work":"Tensa"}}', NULL, 1773241090288);
INSERT INTO sessions (id, clinic_id, patient_id, psychologist_id, occurred_at, duration_min, mood, emotional_scale, topics, objectives, techniques, evolution, next_steps, free_notes, created_at) VALUES ('f9257342-9bc3-47b9-8c40-5df061c90d29', '8bbe67c5-8a26-4bb3-93fa-274c02a8bdd2', 'cf09013d-bed4-4c6e-9508-fb43f1ffb318', 'b55a3cfb-a65d-4540-8821-d20f7a3c8d56', 1781535490288, 50, 'Deprimido(a)', 7, '["estudos","luto","trabalho"]', 'Elaborar o processo de luto', 'Reestruturação cognitiva', 'Semana difícil, com aumento da sintomatologia ansiosa.', 'Trabalhar limites nos relacionamentos.', 'Sessão produtiva. Manter plano terapêutico.', 1781535490288);
INSERT INTO sessions (id, clinic_id, patient_id, psychologist_id, occurred_at, duration_min, mood, emotional_scale, topics, objectives, techniques, evolution, next_steps, free_notes, created_at) VALUES ('c25ccc0d-b849-4062-912c-472139711c8b', '8bbe67c5-8a26-4bb3-93fa-274c02a8bdd2', 'cf09013d-bed4-4c6e-9508-fb43f1ffb318', 'b55a3cfb-a65d-4540-8821-d20f7a3c8d56', 1782140290288, 50, 'Cansado(a)', 9, '["ansiedade","relacionamento","lazer","saúde"]', 'Melhorar a comunicação nos relacionamentos', 'Psicoeducação', 'Paciente demonstrou boa adesão às tarefas propostas.', 'Praticar respiração diafragmática 2x ao dia.', NULL, 1782140290288);
INSERT INTO sessions (id, clinic_id, patient_id, psychologist_id, occurred_at, duration_min, mood, emotional_scale, topics, objectives, techniques, evolution, next_steps, free_notes, created_at) VALUES ('0a785e9e-f013-4565-9a59-6bb6ef69f703', '8bbe67c5-8a26-4bb3-93fa-274c02a8bdd2', 'cf09013d-bed4-4c6e-9508-fb43f1ffb318', 'b55a3cfb-a65d-4540-8821-d20f7a3c8d56', 1782658690288, 60, 'Irritado(a)', 8, '["sono","ansiedade"]', 'Melhorar a comunicação nos relacionamentos', 'Psicoeducação', 'Trouxe avanços na aplicação das técnicas no dia a dia.', 'Registrar pensamentos automáticos em situações de gatilho.', 'Sessão produtiva. Manter plano terapêutico.', 1782658690288);
INSERT INTO timeline_events (id, clinic_id, patient_id, session_id, title, description, event_date, category, status, source, created_at) VALUES ('ab9995e5-069c-42fe-9c84-55a929a48768', '8bbe67c5-8a26-4bb3-93fa-274c02a8bdd2', 'cf09013d-bed4-4c6e-9508-fb43f1ffb318', '0a785e9e-f013-4565-9a59-6bb6ef69f703', 'Conclusão de etapa', 'Paciente demonstrou boa adesão às tarefas propostas.', 1776265090288, 'família', 'confirmed', 'ai', 1773932290288);
INSERT INTO timeline_events (id, clinic_id, patient_id, session_id, title, description, event_date, category, status, source, created_at) VALUES ('bed417bf-20e5-4284-97e4-955bf456f50b', '8bbe67c5-8a26-4bb3-93fa-274c02a8bdd2', 'cf09013d-bed4-4c6e-9508-fb43f1ffb318', '0a785e9e-f013-4565-9a59-6bb6ef69f703', 'Viagem/afastamento', 'Relatou leve melhora nos sintomas ao longo da semana.', 1781276290288, 'clínico', 'confirmed', 'manual', 1778079490288);
INSERT INTO timeline_events (id, clinic_id, patient_id, session_id, title, description, event_date, category, status, source, created_at) VALUES ('62ed27d7-d2a8-4ee7-97e5-e7d190e19b76', '8bbe67c5-8a26-4bb3-93fa-274c02a8bdd2', 'cf09013d-bed4-4c6e-9508-fb43f1ffb318', NULL, 'Início do acompanhamento', 'Percebe-se maior consciência emocional e vocabulário afetivo.', 1770130690288, 'clínico', 'confirmed', 'ai', 1780671490288);
INSERT INTO ai_summaries (id, clinic_id, patient_id, appointment_id, content, suggested_questions, model, status, approved_content, approved_by, approved_at, created_at) VALUES ('c141ef4c-d474-4a3b-9c33-6d3c0075b5e7', '8bbe67c5-8a26-4bb3-93fa-274c02a8bdd2', 'cf09013d-bed4-4c6e-9508-fb43f1ffb318', NULL, 'Paciente em acompanhamento por ansiedade e crises de pânico. Ao longo das sessões observa-se evolução gradual, com melhor manejo emocional e boa adesão às técnicas propostas. Recomenda-se manter o plano terapêutico atual.', '["Como você tem dormido esta semana?","O que funcionou melhor entre as estratégias que combinamos?","Houve algum gatilho importante desde a última sessão?"]', 'vinculo-ai', 'approved', NULL, 'b55a3cfb-a65d-4540-8821-d20f7a3c8d56', 1783436290288, 1782053890288);
INSERT INTO appointments (id, clinic_id, patient_id, psychologist_id, starts_at, ends_at, status, created_at) VALUES ('d576d514-efee-47fb-8113-710a33f553b7', '8bbe67c5-8a26-4bb3-93fa-274c02a8bdd2', 'cf09013d-bed4-4c6e-9508-fb43f1ffb318', 'b55a3cfb-a65d-4540-8821-d20f7a3c8d56', 1782313090288, 1782316090288, 'done', 1781794690288);
INSERT INTO appointments (id, clinic_id, patient_id, psychologist_id, starts_at, ends_at, status, created_at) VALUES ('3aa355ee-1540-454b-8791-ddb2d312c29b', '8bbe67c5-8a26-4bb3-93fa-274c02a8bdd2', 'cf09013d-bed4-4c6e-9508-fb43f1ffb318', 'b55a3cfb-a65d-4540-8821-d20f7a3c8d56', 1782917890288, 1782920890288, 'no_show', 1782485890288);
INSERT INTO appointments (id, clinic_id, patient_id, psychologist_id, starts_at, ends_at, status, created_at) VALUES ('a8d21fc3-1c2f-4508-895d-7d374bcf1063', '8bbe67c5-8a26-4bb3-93fa-274c02a8bdd2', 'cf09013d-bed4-4c6e-9508-fb43f1ffb318', 'b55a3cfb-a65d-4540-8821-d20f7a3c8d56', 1783695490288, 1783871290288, 'scheduled', 1783349890288);
INSERT INTO consents (id, clinic_id, patient_id, type, version, granted_at, ip, revoked_at, created_at) VALUES ('1722da4e-1d9d-45bd-8062-c93f11eabdfd', '8bbe67c5-8a26-4bb3-93fa-274c02a8bdd2', 'cf09013d-bed4-4c6e-9508-fb43f1ffb318', 'general', '1.0', 1773241090288, '189.102.86.204', NULL, 1773241090288);
INSERT INTO consents (id, clinic_id, patient_id, type, version, granted_at, ip, revoked_at, created_at) VALUES ('1a78925d-3c36-458e-8fb9-4e9b11c73442', '8bbe67c5-8a26-4bb3-93fa-274c02a8bdd2', 'cf09013d-bed4-4c6e-9508-fb43f1ffb318', 'ai', '1.0', 1773241090288, '189.169.53.48', NULL, 1773241090288);
INSERT INTO consents (id, clinic_id, patient_id, type, version, granted_at, ip, revoked_at, created_at) VALUES ('4ba8dc4d-d78a-4457-9214-b15342d36b2d', '8bbe67c5-8a26-4bb3-93fa-274c02a8bdd2', 'cf09013d-bed4-4c6e-9508-fb43f1ffb318', 'recording', '1.0', 1773241090288, NULL, 1781881090288, 1773241090288);
INSERT INTO patients (id, clinic_id, psychologist_id, full_name, social_name, cpf, email, phone, whatsapp, birth_date, status, photo, profile, deleted_at, created_at) VALUES ('89e7110f-8fe5-46e6-9f31-7c0cc1f38f31', '8bbe67c5-8a26-4bb3-93fa-274c02a8bdd2', 'b55a3cfb-a65d-4540-8821-d20f7a3c8d56', 'Patrícia Santos Almeida', NULL, '056.426.143-62', 'patrícia.7@email.com', '(81) 99771-1817', '(57) 96745-4766', 1549983490288, 'inactive', 'data:image/svg+xml;base64,PHN2ZyB4bWxucz0iaHR0cDovL3d3dy53My5vcmcvMjAwMC9zdmciIHZpZXdCb3g9IjAgMCAyODAgMjgwIiBmaWxsPSJub25lIiBzaGFwZS1yZW5kZXJpbmc9ImF1dG8iPjxtZXRhZGF0YSB4bWxuczpyZGY9Imh0dHA6Ly93d3cudzMub3JnLzE5OTkvMDIvMjItcmRmLXN5bnRheC1ucyMiIHhtbG5zOnhzaT0iaHR0cDovL3d3dy53My5vcmcvMjAwMS9YTUxTY2hlbWEtaW5zdGFuY2UiIHhtbG5zOmRjPSJodHRwOi8vcHVybC5vcmcvZGMvZWxlbWVudHMvMS4xLyIgeG1sbnM6ZGN0ZXJtcz0iaHR0cDovL3B1cmwub3JnL2RjL3Rlcm1zLyI+PHJkZjpSREY+PHJkZjpEZXNjcmlwdGlvbj48ZGM6dGl0bGU+QXZhdGFhYXJzPC9kYzp0aXRsZT48ZGM6Y3JlYXRvcj5QYWJsbyBTdGFubGV5PC9kYzpjcmVhdG9yPjxkYzpzb3VyY2UgeHNpOnR5cGU9ImRjdGVybXM6VVJJIj5odHRwczovL2F2YXRhYWFycy5jb20vPC9kYzpzb3VyY2U+PGRjdGVybXM6bGljZW5zZSB4c2k6dHlwZT0iZGN0ZXJtczpVUkkiPmh0dHBzOi8vYXZhdGFhYXJzLmNvbS88L2RjdGVybXM6bGljZW5zZT48ZGM6cmlnaHRzPlJlbWl4IG9mIOKAnkF2YXRhYWFyc+KAnSAoaHR0cHM6Ly9hdmF0YWFhcnMuY29tLykgYnkg4oCeUGFibG8gU3RhbmxleeKAnSwgbGljZW5zZWQgdW5kZXIg4oCeRnJlZSBmb3IgcGVyc29uYWwgYW5kIGNvbW1lcmNpYWwgdXNl4oCdIChodHRwczovL2F2YXRhYWFycy5jb20vKTwvZGM6cmlnaHRzPjwvcmRmOkRlc2NyaXB0aW9uPjwvcmRmOlJERj48L21ldGFkYXRhPjxtYXNrIGlkPSJ2aWV3Ym94TWFzayI+PHJlY3Qgd2lkdGg9IjI4MCIgaGVpZ2h0PSIyODAiIHJ4PSIxNDAiIHJ5PSIxNDAiIHg9IjAiIHk9IjAiIGZpbGw9IiNmZmYiIC8+PC9tYXNrPjxnIG1hc2s9InVybCgjdmlld2JveE1hc2spIj48cmVjdCBmaWxsPSIjYzBhZWRlIiB3aWR0aD0iMjgwIiBoZWlnaHQ9IjI4MCIgeD0iMCIgeT0iMCIgLz48ZyB0cmFuc2Zvcm09InRyYW5zbGF0ZSg4KSI+PHBhdGggZD0iTTEzMiAzNmE1NiA1NiAwIDAgMC01NiA1NnY2LjE3QTEyIDEyIDAgMCAwIDY2IDExMHYxNGExMiAxMiAwIDAgMCAxMC4zIDExLjg4IDU2LjA0IDU2LjA0IDAgMCAwIDMxLjcgNDQuNzN2MTguNGgtNGE3MiA3MiAwIDAgMC03MiA3MnY5aDIwMHYtOWE3MiA3MiAwIDAgMC03Mi03MmgtNHYtMTguMzlhNTYuMDQgNTYuMDQgMCAwIDAgMzEuNy00NC43M0ExMiAxMiAwIDAgMCAxOTggMTI0di0xNGExMiAxMiAwIDAgMC0xMC0xMS44M1Y5MmE1NiA1NiAwIDAgMC01Ni01NloiIGZpbGw9IiNmZDk4NDEiLz48cGF0aCBkPSJNMTA4IDE4MC42MXY4YTU1Ljc5IDU1Ljc5IDAgMCAwIDI0IDUuMzljOC41OSAwIDE2LjczLTEuOTMgMjQtNS4zOXYtOGE1NS43OSA1NS43OSAwIDAgMS0yNCA1LjM5IDU1Ljc5IDU1Ljc5IDAgMCAxLTI0LTUuMzlaIiBmaWxsPSIjMDAwIiBmaWxsLW9wYWNpdHk9Ii4xIi8+PGcgdHJhbnNmb3JtPSJ0cmFuc2xhdGUoMCAxNzApIj48cGF0aCBkPSJNMTA4IDE0LjdjLTE1LjUyIDMuNjgtMjcuMSAxMC44My0zMC43NyAxOS40NEE3Mi4wMiA3Mi4wMiAwIDAgMCAzMiAxMDF2OWgyMDB2LTlhNzIuMDIgNzIuMDIgMCAwIDAtNDUuMjMtNjYuODZDMTgzLjEgMjUuNTMgMTcxLjUyIDE4LjM4IDE1NiAxNC43VjMyYTI0IDI0IDAgMSAxLTQ4IDBWMTQuN1oiIGZpbGw9IiMzYzRmNWMiLz48cGF0aCBkPSJNMTAyIDYzLjM0YTY3LjEgNjcuMSAwIDAgMS03LTIuODJWMTEwaDdWNjMuMzRaTTE2MiA2My4zNGE2Ny4wNCA2Ny4wNCAwIDAgMCA3LTIuODJWOTguNWEzLjUgMy41IDAgMSAxLTcgMFY2My4zNFoiIGZpbGw9IiNGNEY0RjQiLz48cGF0aCBkPSJNMTg3LjYyIDM0LjQ5YTcxLjc5IDcxLjc5IDAgMCAxIDEwLjgzIDUuNjNDMTk3LjExIDU1LjYyIDE2Ny44NyA2OCAxMzIgNjhjMzAuOTMgMCA1Ni0xMy40MyA1Ni0zMCAwLTEuMTktLjEzLTIuMzYtLjM4LTMuNTFaTTc2LjM4IDM0LjQ5YTE2LjQ4IDE2LjQ4IDAgMCAwLS4zOCAzLjVjMCAxNi41OCAyNS4wNyAzMCA1NiAzMC0zNS44NyAwLTY1LjEtMTIuMzgtNjYuNDUtMjcuODhhNzEuNzkgNzEuNzkgMCAwIDEgMTAuODMtNS42M1oiIGZpbGw9IiMwMDAiIGZpbGwtb3BhY2l0eT0iLjE2Ii8+PC9nPjxnIHRyYW5zZm9ybT0idHJhbnNsYXRlKDc4IDEzNCkiPjxwYXRoIGZpbGwtcnVsZT0iZXZlbm9kZCIgY2xpcC1ydWxlPSJldmVub2RkIiBkPSJNMzUuMTIgMTUuMTNhMTkgMTkgMCAwIDAgMzcuNzctLjA5Yy4wOC0uNzctLjc3LTIuMDQtMS44NS0yLjA0SDM3LjFDMzYgMTMgMzUgMTQuMTggMzUuMTIgMTUuMTNaIiBmaWxsPSIjMDAwIiBmaWxsLW9wYWNpdHk9Ii43Ii8+PHBhdGggZD0iTTcwIDEzSDM5YTUgNSAwIDAgMCA1IDVoMjFhNSA1IDAgMCAwIDUtNVoiIGZpbGw9IiNmZmYiLz48cGF0aCBkPSJNNjYuNyAyNy4xNEExMC45NiAxMC45NiAwIDAgMCA1NCAyNS4yYTEwLjk1IDEwLjk1IDAgMCAwLTEyLjcgMS45NEExOC45MyAxOC45MyAwIDAgMCA1NCAzMmM0Ljg4IDAgOS4zMy0xLjg0IDEyLjctNC44NloiIGZpbGw9IiNGRjRGNkQiLz48L2c+PGcgdHJhbnNmb3JtPSJ0cmFuc2xhdGUoMTA0IDEyMikiPjxwYXRoIGZpbGwtcnVsZT0iZXZlbm9kZCIgY2xpcC1ydWxlPSJldmVub2RkIiBkPSJNMTYgOGMwIDQuNDIgNS4zNyA4IDEyIDhzMTItMy41OCAxMi04IiBmaWxsPSIjMDAwIiBmaWxsLW9wYWNpdHk9Ii4xNiIvPjwvZz48ZyB0cmFuc2Zvcm09InRyYW5zbGF0ZSg3NiA5MCkiPjxnIGZpbGw9IiMwMDAiIGZpbGwtb3BhY2l0eT0iLjYiPjxwYXRoIGQ9Ik0zNiAyMmE2IDYgMCAxIDEtMTIgMCA2IDYgMCAwIDEgMTIgMFoiLz48cGF0aCBmaWxsLXJ1bGU9ImV2ZW5vZGQiIGNsaXAtcnVsZT0iZXZlbm9kZCIgZD0iTTcwLjYgMjQuOTZjMS41OS0zLjkyIDUuNTUtNi44NiAxMC4zNy03LjIgNC44LS4zMyA5LjEyIDIgMTEuMjQgNS42NC42MyAxLjA5LS4xIDIuMDYtLjkzIDEuNDMtMi42LTEuOTMtNi4xNS0zLTEwLTIuNzNBMTUuMTMgMTUuMTMgMCAwIDAgNzEuOTUgMjZjLS44NC43OC0xLjgxLjEtMS4zNS0xLjA0WiIvPjwvZz48L2c+PGcgdHJhbnNmb3JtPSJ0cmFuc2xhdGUoNzYgODIpIj48cGF0aCBkPSJtMzEuMjMgMjAuNDItLjkuNGMtNS4yNSAyLjA5LTEzLjIgMS4yMS0xOC4wNS0xLjEyLS41Ny0uMjctLjE4LTEuMTUuNC0xLjEgMTQuOTIgMS4xNCAyNC45Ni04LjE1IDI4LjM3LTE0LjQ1LjEtLjE4LjQxLS4yLjQ5LS4wMyAyLjMgNS4zMi00LjQ1IDEzLjk4LTEwLjMgMTYuM1pNODAuNzcgMjAuNDJsLjkuNGM1LjI1IDIuMDkgMTMuMiAxLjIxIDE4LjA1LTEuMTIuNTctLjI3LjE4LTEuMTUtLjQtMS4xLTE0LjkyIDEuMTQtMjQuOTYtOC4xNS0yOC4zNy0xNC40NS0uMS0uMTgtLjQxLS4yLS40OS0uMDMtMi4zIDUuMzIgNC40NSAxMy45OCAxMC4zIDE2LjNaIiBmaWxsLXJ1bGU9ImV2ZW5vZGQiIGNsaXAtcnVsZT0iZXZlbm9kZCIgZmlsbD0iIzAwMCIgZmlsbC1vcGFjaXR5PSIuNiIvPjwvZz48ZyB0cmFuc2Zvcm09InRyYW5zbGF0ZSgtMSkiPjxnIGZpbGw9IiNiNTgxNDMiPjxwYXRoIGQ9Ik0xODcuNyA1Ni4xMmMuOSAzLjI1IDIuMTcgMTEuOTUtLjA2IDE0Ljg0LS43NS45Ni01Ljg0LTEuNzQtNy45Ny0yLjkybC0zLjUzLTEuOTZjLTE0LjkyLTguMzItMTkuNzQtMTEtNDUuOS0xMC42Mi0yOC4xMS40LTQ3LjM3IDEzLjU4LTQ4LjQ2IDE0LjkzLS43NS45My0xLjcxIDMuNDQtMi41IDEwLjQxLS4yNSAyLjItLjMyIDQuOTctLjQgNy43MS0uMTQgNS45NC0uMyAxMS43Ny0yLjI1IDExLjc2LTIuNDQtLjAxLTIuOTctMjMuNzgtMS45Mi0zMy4yMS4wNC0uMzYuMS0uNzguMTgtMS4yMy4yMy0xLjQuNS0zLjEzLjE2LTQuMTEtLjE2LS40NC0uNTQtLjctLjk0LS45OS0uNjItLjQzLTEuMjYtLjg4LTEuMDgtMi4wMy4yMS0xLjMxIDEuMS0xLjQzIDEuOTctMS41Ni41Ny0uMDggMS4xMy0uMTYgMS41LS41NiAxLjEzLTEuMjMuNDYtMS44Ny0uMzEtMi42LS40Ni0uNDMtLjk1LS45LTEuMTItMS41My0uNjMtMi4zNiAxLjAzLTMuMSAyLjY5LTMuODNsLjM4LS4xN2MuNjktLjMgMS4xLS40MiAxLjQyLS41LjYtLjE1Ljg1LS4yMSAxLjg5LTEuMzUtMi4xNC0xLjU2LTIuOS0zLjY5LjAxLTQuODMuNTYtLjIyIDEuNTItLjIgMi41LS4yIDEuMi4wMiAyLjQuMDMgMi45NC0uMzcuMTUtLjExLjI0LS41My4zMy0uOS4wNi0uMjcuMTEtLjUuMTgtLjYgMS4zNS0xLjkzIDEuMjMtMy40IDEuMDgtNS40bC0uMDctLjkyYy0uMTMtMi4wNC0uMTEtMy45IDIuMzMtNC4xMSAxLS4wOCAxLjkuNCAyLjc3Ljg2LjU0LjI5IDEuMDguNTggMS42NC43My44Ny4yMyAxLjEuNDMgMS4zMi40My4xOSAwIC4zNy0uMTUuOTYtLjU1IDEuMTgtLjgyIDEuMy0yLjA1IDEuNDMtMy4zLjExLTEuMDguMjItMi4xOCAxLjA0LTMgMS41OC0xLjYgMi44LS42NCA0IC4zLjY0LjUgMS4yOCAxIDEuOTYgMS4xIDIuNTUuMzYgMy4wNi0xLjA2IDMuNjItMi41OS4zNi0xIC43NC0yLjA2IDEuNzQtMi42OCAxLjgzLTEuMTUgMi42NC0uMDUgMy40MyAxLjAxLjUuNjguOTggMS4zMyAxLjcgMS4zOSAxLjAxLjA4IDIuNTItMS4xIDMuODUtMi4xNGExMS42IDExLjYgMCAwIDEgMi4xLTEuNDRjMi4yNy0uOTMgMy45MS4wNyA1LjU4IDEuMDggMS40Ljg1IDIuODMgMS43MiA0LjY1IDEuNDNsLjgzLS4xM2MyLjI0LS4zNyAzLjExLS41MSA1LjQ1Ljk2YTQuMiA0LjIgMCAwIDAgMy43NC42OWMuNi0uMTIgMS4zLS4yNSAyLjI2LS4yNiAxLjEgMCAxLjk4LjUgMi44My45OS43LjQgMS4zNi43OSAyLjEzLjg3LjQyLjA0Ljg0LS4xNiAxLjI2LS4zNi40Mi0uMi44NC0uNCAxLjMtLjM4IDEuODMuMTEgMi42OSAxLjUgMy41NSAyLjg4LjY3IDEuMDggMS4zNCAyLjE1IDIuNDYgMi42NiAxLjYyLjcyIDMuNDQuMjQgNS4xNy0uMjEuNzktLjIgMS41NS0uNCAyLjI4LS41IDMuOTYtLjQ2IDMuMjcgMS45NyAyLjU1IDQuNTZhMTEuMSAxMS4xIDAgMCAwLS42IDMuMjZjMS4xNS4yNyAyLjMtLjE1IDMuNDYtLjU3IDEuMS0uNCAyLjE4LS44IDMuMjctLjYgMy40LjU4IDIuMjUgNC4wMiAxLjQ0IDYuNDVsLS4wOC4yMWMuNjQgMCAxLjU0LS4yIDIuNTYtLjQyIDIuODYtLjYgNi42MS0xLjQxIDcuNzggMS4xMy40NyAxLjA1IDAgMi4zMS0uNDQgMy41NGE3LjE3IDcuMTcgMCAwIDAtLjYxIDIuNDFjLjAyIDEuNTMuNyAyLjkgMS40IDQuMjcuNDUuOTEuOSAxLjgyIDEuMTcgMi43OFoiLz48cGF0aCBkPSJtMTg2LjM2IDczLjYuNDcuMzNjMS43Ni45OSAzLjE1IDEwLjkgMy4yMiAxNC42OS4wNCAyLjM0LjA4IDExLjI1LTIuNCAxMC40OC0uNzUtLjIzLTEuOS00Ljk1LTIuMDYtNy43Mi0uMTYtMi43Ni0xLjc0LTEyLjE2LTQuMTQtMTYuNDktLjEzLS4yMy0uMzItLjUxLS41My0uOC0uNjUtLjk2LTEuNDQtMi4xMi0uOTItMi43Ni43Mi0uODggMS40My0uNTcgMi4yNi0uMmwuNDQuMThjLjg3LjM1IDIuNzcgMS42OCAzLjY2IDIuM1oiLz48L2c+PC9nPjxnIHRyYW5zZm9ybT0idHJhbnNsYXRlKDQ5IDcyKSI+PC9nPjxnIHRyYW5zZm9ybT0idHJhbnNsYXRlKDYyIDQyKSI+PC9nPjwvZz48L2c+PC9zdmc+', '{"personal":{"isChild":true,"sex":"Feminino","gender":"Mulher cisgênero","rg":"31.890.244-9","maritalStatus":"Solteiro(a)","profession":"Estudante","company":"Escola Municipal","education":"Ensino fundamental","address":"Rua Souza, 60","city":"Goiânia","state":"GO","zip":"70109-676"},"clinical":{"complaint":"Transtorno alimentar","goals":"Reorganizar a rotina e o autocuidado","suffering":"Leve","history":"Primeira experiência com terapia. Buscou ajuda por indicação médica.","priorDiagnoses":"TDAH","priorTreatments":"Nenhum","psychiatric":"Não","referrals":"Encaminhado pelo clínico geral"},"health":{"depression":false,"anxiety":false,"tdah":false,"tag":false,"bipolar":false,"medications":"Fluoxetina 20mg","diseases":"—","surgeries":"—","hospitalizations":"Não","familyHistory":"Sem histórico relevante"},"lifestyle":{"sleep":"Sono não reparador","diet":"Irregular","sports":"Caminhada","gym":"Não","alcohol":"Frequente","smoking":"Não","drugs":"Não","religion":"Evangélica","spirituality":"Moderada"},"financial":{"situation":"Instável","income":"1 a 2 salários","work":"Não se aplica","ownHome":"Sim","rent":"Não","withFamily":"Sim","debt":"Não","car":"Sim","motorcycle":"Não"},"interests":{"hobbies":"Culinária","music":"MPB","movies":"Drama","books":"—","games":"Jogos casuais","tech":"Médio","social":"Instagram"},"personality":{"introvert":true,"extrovert":true,"communicative":true,"reserved":true,"organized":true,"creative":false,"impulsive":true,"notes":"Tende a evitar conflitos."},"relationships":{"family":"Distante","friends":"Poucos amigos","romantic":"Solteiro(a)","work":"Boa"}}', NULL, 1776869890288);
INSERT INTO sessions (id, clinic_id, patient_id, psychologist_id, occurred_at, duration_min, mood, emotional_scale, topics, objectives, techniques, evolution, next_steps, free_notes, created_at) VALUES ('09d12089-e8de-4425-9b21-ce3b3d230d45', '8bbe67c5-8a26-4bb3-93fa-274c02a8bdd2', '89e7110f-8fe5-46e6-9f31-7c0cc1f38f31', 'b55a3cfb-a65d-4540-8821-d20f7a3c8d56', 1781017090288, 60, 'Motivado(a)', 6, '["finanças","luto"]', 'Elaborar o processo de luto', 'Psicoeducação', 'Apresentou resistência inicial, mas engajou-se ao final da sessão.', 'Retomar atividade física gradualmente.', 'Sessão produtiva. Manter plano terapêutico.', 1781017090288);
INSERT INTO sessions (id, clinic_id, patient_id, psychologist_id, occurred_at, duration_min, mood, emotional_scale, topics, objectives, techniques, evolution, next_steps, free_notes, created_at) VALUES ('79e61775-e983-46d0-b2e3-cd4773de316b', '8bbe67c5-8a26-4bb3-93fa-274c02a8bdd2', '89e7110f-8fe5-46e6-9f31-7c0cc1f38f31', 'b55a3cfb-a65d-4540-8821-d20f7a3c8d56', 1781621890288, 50, 'Irritado(a)', 3, '["trabalho","família","relacionamento","estudos"]', 'Aumentar a tolerância à frustração', 'Ativação comportamental', 'Relatou leve melhora nos sintomas ao longo da semana.', 'Retomar atividade física gradualmente.', NULL, 1781621890288);
INSERT INTO sessions (id, clinic_id, patient_id, psychologist_id, occurred_at, duration_min, mood, emotional_scale, topics, objectives, techniques, evolution, next_steps, free_notes, created_at) VALUES ('0efc3904-d456-479a-93ae-4dadf497c134', '8bbe67c5-8a26-4bb3-93fa-274c02a8bdd2', '89e7110f-8fe5-46e6-9f31-7c0cc1f38f31', 'b55a3cfb-a65d-4540-8821-d20f7a3c8d56', 1782313090288, 50, 'Estável', 5, '["ansiedade","relacionamento","lazer","finanças"]', 'Desenvolver estratégias de enfrentamento', 'Técnicas de mindfulness', 'Trouxe avanços na aplicação das técnicas no dia a dia.', 'Registrar pensamentos automáticos em situações de gatilho.', 'Sessão produtiva. Manter plano terapêutico.', 1782313090288);
INSERT INTO sessions (id, clinic_id, patient_id, psychologist_id, occurred_at, duration_min, mood, emotional_scale, topics, objectives, techniques, evolution, next_steps, free_notes, created_at) VALUES ('e65252f5-5408-4cf7-a7c6-950d35bf1776', '8bbe67c5-8a26-4bb3-93fa-274c02a8bdd2', '89e7110f-8fe5-46e6-9f31-7c0cc1f38f31', 'b55a3cfb-a65d-4540-8821-d20f7a3c8d56', 1782745090288, 50, 'Angustiado(a)', 9, '["trabalho","família","saúde","relacionamento"]', 'Elaborar o processo de luto', 'Psicoeducação', 'Apresentou resistência inicial, mas engajou-se ao final da sessão.', 'Manter diário do sono.', 'Sessão produtiva. Manter plano terapêutico.', 1782745090288);
INSERT INTO timeline_events (id, clinic_id, patient_id, session_id, title, description, event_date, category, status, source, created_at) VALUES ('0ec963fa-485c-4a28-b6f3-2d9741f54ff0', '8bbe67c5-8a26-4bb3-93fa-274c02a8bdd2', '89e7110f-8fe5-46e6-9f31-7c0cc1f38f31', '0efc3904-d456-479a-93ae-4dadf497c134', 'Viagem/afastamento', 'Apresentou resistência inicial, mas engajou-se ao final da sessão.', 1769439490288, 'pessoal', 'confirmed', 'manual', 1782572290288);
INSERT INTO timeline_events (id, clinic_id, patient_id, session_id, title, description, event_date, category, status, source, created_at) VALUES ('1beffe02-57c8-47a0-b304-a9548d9b50ae', '8bbe67c5-8a26-4bb3-93fa-274c02a8bdd2', '89e7110f-8fe5-46e6-9f31-7c0cc1f38f31', NULL, 'Ajuste de medicação', 'Percebe-se maior consciência emocional e vocabulário afetivo.', 1776869890288, 'família', 'suggested', 'manual', 1772722690288);
INSERT INTO timeline_events (id, clinic_id, patient_id, session_id, title, description, event_date, category, status, source, created_at) VALUES ('1268c019-3cd3-4330-b95f-837f3ed9326a', '8bbe67c5-8a26-4bb3-93fa-274c02a8bdd2', '89e7110f-8fe5-46e6-9f31-7c0cc1f38f31', NULL, 'Perda familiar', 'Semana difícil, com aumento da sintomatologia ansiosa.', 1768229890288, 'pessoal', 'suggested', 'ai', 1776351490288);
INSERT INTO timeline_events (id, clinic_id, patient_id, session_id, title, description, event_date, category, status, source, created_at) VALUES ('21cb3e1c-1e93-4fbd-a324-3a1175ee92d9', '8bbe67c5-8a26-4bb3-93fa-274c02a8bdd2', '89e7110f-8fe5-46e6-9f31-7c0cc1f38f31', '79e61775-e983-46d0-b2e3-cd4773de316b', 'Ajuste de medicação', 'Apresentou resistência inicial, mas engajou-se ao final da sessão.', 1768834690288, 'família', 'confirmed', 'manual', 1766847490288);
INSERT INTO timeline_events (id, clinic_id, patient_id, session_id, title, description, event_date, category, status, source, created_at) VALUES ('5b307042-b761-4d73-804a-d82d175a0c3b', '8bbe67c5-8a26-4bb3-93fa-274c02a8bdd2', '89e7110f-8fe5-46e6-9f31-7c0cc1f38f31', NULL, 'Conclusão de etapa', 'Percebe-se maior consciência emocional e vocabulário afetivo.', 1776956290288, 'família', 'confirmed', 'ai', 1771685890288);
INSERT INTO ai_summaries (id, clinic_id, patient_id, appointment_id, content, suggested_questions, model, status, approved_content, approved_by, approved_at, created_at) VALUES ('1db4adf6-419b-4058-af9e-d17da1e4452f', '8bbe67c5-8a26-4bb3-93fa-274c02a8bdd2', '89e7110f-8fe5-46e6-9f31-7c0cc1f38f31', NULL, 'Paciente em acompanhamento por sintomas depressivos e desânimo. Ao longo das sessões observa-se evolução gradual, com melhor manejo emocional e boa adesão às técnicas propostas. Recomenda-se manter o plano terapêutico atual.', '["Como você tem dormido esta semana?","O que funcionou melhor entre as estratégias que combinamos?","Houve algum gatilho importante desde a última sessão?"]', 'vinculo-ai', 'approved', NULL, 'b55a3cfb-a65d-4540-8821-d20f7a3c8d56', NULL, 1782831490288);
INSERT INTO appointments (id, clinic_id, patient_id, psychologist_id, starts_at, ends_at, status, created_at) VALUES ('3b273ea8-068a-4300-b4e3-e680260cf7d6', '8bbe67c5-8a26-4bb3-93fa-274c02a8bdd2', '89e7110f-8fe5-46e6-9f31-7c0cc1f38f31', 'b55a3cfb-a65d-4540-8821-d20f7a3c8d56', 1782313090288, 1782316090288, 'done', 1781794690288);
INSERT INTO appointments (id, clinic_id, patient_id, psychologist_id, starts_at, ends_at, status, created_at) VALUES ('8a3f245f-de3d-47c8-8557-8bba03020d22', '8bbe67c5-8a26-4bb3-93fa-274c02a8bdd2', '89e7110f-8fe5-46e6-9f31-7c0cc1f38f31', 'b55a3cfb-a65d-4540-8821-d20f7a3c8d56', 1782917890288, 1782920890288, 'canceled', 1782485890288);
INSERT INTO consents (id, clinic_id, patient_id, type, version, granted_at, ip, revoked_at, created_at) VALUES ('dffa375f-5846-437a-b6e1-2853636baab1', '8bbe67c5-8a26-4bb3-93fa-274c02a8bdd2', '89e7110f-8fe5-46e6-9f31-7c0cc1f38f31', 'general', '1.0', 1776869890288, '189.19.180.235', NULL, 1776869890288);
INSERT INTO consents (id, clinic_id, patient_id, type, version, granted_at, ip, revoked_at, created_at) VALUES ('8554d92b-abb5-45f5-915c-6d0b8b8b992b', '8bbe67c5-8a26-4bb3-93fa-274c02a8bdd2', '89e7110f-8fe5-46e6-9f31-7c0cc1f38f31', 'ai', '1.0', 1776869890288, '189.7.104.171', NULL, 1776869890288);
INSERT INTO consents (id, clinic_id, patient_id, type, version, granted_at, ip, revoked_at, created_at) VALUES ('ee4def2f-b0fe-4fa0-b7bb-a4a8d035b260', '8bbe67c5-8a26-4bb3-93fa-274c02a8bdd2', '89e7110f-8fe5-46e6-9f31-7c0cc1f38f31', 'recording', '1.0', 1776869890288, NULL, NULL, 1776869890288);
INSERT INTO patients (id, clinic_id, psychologist_id, full_name, social_name, cpf, email, phone, whatsapp, birth_date, status, photo, profile, deleted_at, created_at) VALUES ('c0519454-f54b-4640-a919-0b2192f5ee8a', '8bbe67c5-8a26-4bb3-93fa-274c02a8bdd2', 'b55a3cfb-a65d-4540-8821-d20f7a3c8d56', 'Renata Nascimento Rocha', NULL, '538.999.749-10', 'renata.8@email.com', '(35) 94170-8922', '(86) 93612-9630', 96994690288, 'active', 'data:image/svg+xml;base64,PHN2ZyB4bWxucz0iaHR0cDovL3d3dy53My5vcmcvMjAwMC9zdmciIHZpZXdCb3g9IjAgMCAyODAgMjgwIiBmaWxsPSJub25lIiBzaGFwZS1yZW5kZXJpbmc9ImF1dG8iPjxtZXRhZGF0YSB4bWxuczpyZGY9Imh0dHA6Ly93d3cudzMub3JnLzE5OTkvMDIvMjItcmRmLXN5bnRheC1ucyMiIHhtbG5zOnhzaT0iaHR0cDovL3d3dy53My5vcmcvMjAwMS9YTUxTY2hlbWEtaW5zdGFuY2UiIHhtbG5zOmRjPSJodHRwOi8vcHVybC5vcmcvZGMvZWxlbWVudHMvMS4xLyIgeG1sbnM6ZGN0ZXJtcz0iaHR0cDovL3B1cmwub3JnL2RjL3Rlcm1zLyI+PHJkZjpSREY+PHJkZjpEZXNjcmlwdGlvbj48ZGM6dGl0bGU+QXZhdGFhYXJzPC9kYzp0aXRsZT48ZGM6Y3JlYXRvcj5QYWJsbyBTdGFubGV5PC9kYzpjcmVhdG9yPjxkYzpzb3VyY2UgeHNpOnR5cGU9ImRjdGVybXM6VVJJIj5odHRwczovL2F2YXRhYWFycy5jb20vPC9kYzpzb3VyY2U+PGRjdGVybXM6bGljZW5zZSB4c2k6dHlwZT0iZGN0ZXJtczpVUkkiPmh0dHBzOi8vYXZhdGFhYXJzLmNvbS88L2RjdGVybXM6bGljZW5zZT48ZGM6cmlnaHRzPlJlbWl4IG9mIOKAnkF2YXRhYWFyc+KAnSAoaHR0cHM6Ly9hdmF0YWFhcnMuY29tLykgYnkg4oCeUGFibG8gU3RhbmxleeKAnSwgbGljZW5zZWQgdW5kZXIg4oCeRnJlZSBmb3IgcGVyc29uYWwgYW5kIGNvbW1lcmNpYWwgdXNl4oCdIChodHRwczovL2F2YXRhYWFycy5jb20vKTwvZGM6cmlnaHRzPjwvcmRmOkRlc2NyaXB0aW9uPjwvcmRmOlJERj48L21ldGFkYXRhPjxtYXNrIGlkPSJ2aWV3Ym94TWFzayI+PHJlY3Qgd2lkdGg9IjI4MCIgaGVpZ2h0PSIyODAiIHJ4PSIxNDAiIHJ5PSIxNDAiIHg9IjAiIHk9IjAiIGZpbGw9IiNmZmYiIC8+PC9tYXNrPjxnIG1hc2s9InVybCgjdmlld2JveE1hc2spIj48cmVjdCBmaWxsPSIjZmZkNWRjIiB3aWR0aD0iMjgwIiBoZWlnaHQ9IjI4MCIgeD0iMCIgeT0iMCIgLz48ZyB0cmFuc2Zvcm09InRyYW5zbGF0ZSg4KSI+PHBhdGggZD0iTTEzMiAzNmE1NiA1NiAwIDAgMC01NiA1NnY2LjE3QTEyIDEyIDAgMCAwIDY2IDExMHYxNGExMiAxMiAwIDAgMCAxMC4zIDExLjg4IDU2LjA0IDU2LjA0IDAgMCAwIDMxLjcgNDQuNzN2MTguNGgtNGE3MiA3MiAwIDAgMC03MiA3MnY5aDIwMHYtOWE3MiA3MiAwIDAgMC03Mi03MmgtNHYtMTguMzlhNTYuMDQgNTYuMDQgMCAwIDAgMzEuNy00NC43M0ExMiAxMiAwIDAgMCAxOTggMTI0di0xNGExMiAxMiAwIDAgMC0xMC0xMS44M1Y5MmE1NiA1NiAwIDAgMC01Ni01NloiIGZpbGw9IiNkMDhiNWIiLz48cGF0aCBkPSJNMTA4IDE4MC42MXY4YTU1Ljc5IDU1Ljc5IDAgMCAwIDI0IDUuMzljOC41OSAwIDE2LjczLTEuOTMgMjQtNS4zOXYtOGE1NS43OSA1NS43OSAwIDAgMS0yNCA1LjM5IDU1Ljc5IDU1Ljc5IDAgMCAxLTI0LTUuMzlaIiBmaWxsPSIjMDAwIiBmaWxsLW9wYWNpdHk9Ii4xIi8+PGcgdHJhbnNmb3JtPSJ0cmFuc2xhdGUoMCAxNzApIj48cGF0aCBkPSJNMTMyLjUgNTEuODNjMTguNSAwIDMzLjUtOS42MiAzMy41LTIxLjQ4IDAtLjM2LS4wMS0uNy0uMDQtMS4wNkE3MiA3MiAwIDAgMSAyMzIgMTAxLjA0VjExMEgzMnYtOC45NWE3MiA3MiAwIDAgMSA2Ny4wNS03MS44M2MtLjAzLjM3LS4wNS43NS0uMDUgMS4xMyAwIDExLjg2IDE1IDIxLjQ4IDMzLjUgMjEuNDhaIiBmaWxsPSIjRTZFNkU2Ii8+PHBhdGggZD0iTTEzMi41IDU4Ljc2YzIxLjg5IDAgMzkuNjMtMTIuMDUgMzkuNjMtMjYuOTEgMC0uNi0uMDItMS4yLS4wOC0xLjgtMi0uMzMtNC4wMy0uNTktNi4xLS43Ni4wNC4zNS4wNS43LjA1IDEuMDYgMCAxMS44Ni0xNSAyMS40OC0zMy41IDIxLjQ4Uzk5IDQyLjIgOTkgMzAuMzVjMC0uMzguMDItLjc2LjA1LTEuMTMtMi4wNi4xNC00LjA4LjM2LTYuMDguNjctLjA3LjY1LS4xIDEuMy0uMSAxLjk2IDAgMTQuODYgMTcuNzQgMjYuOTEgMzkuNjMgMjYuOTFaIiBmaWxsPSIjMDAwIiBmaWxsLW9wYWNpdHk9Ii4xNiIvPjxwYXRoIGQ9Ik0xMDAuNzggMjkuMTIgMTAxIDI4Yy0yLjk2LjA1LTYgMS02IDFsLS40Mi42NkE3Mi4wMSA3Mi4wMSAwIDAgMCAzMiAxMDEuMDZWMTEwaDc0cy0xMC43LTUxLjU2LTUuMjQtODAuOGwuMDItLjA4Wk0xNTggMTEwczExLTUzIDUtODJjMi45Ni4wNSA2IDEgNiAxbC40Mi42NmE3Mi4wMSA3Mi4wMSAwIDAgMSA2Mi41OCA3MS40VjExMGgtNzRaIiBmaWxsPSIjZmZhZmI5Ii8+PHBhdGggZD0iTTEwMSAyOGMtNiAyOSA1IDgyIDUgODJIOTBMNzYgNzRsNi05LTYtNiAxOS0zMHMzLjA0LS45NSA2LTFaTTE2MyAyOGM2IDI5LTUgODItNSA4MmgxNmwxNC0zNi02LTkgNi02LTE5LTMwcy0zLjA0LS45NS02LTFaIiBmaWxsLXJ1bGU9ImV2ZW5vZGQiIGNsaXAtcnVsZT0iZXZlbm9kZCIgZmlsbD0iIzAwMCIgZmlsbC1vcGFjaXR5PSIuMTUiLz48cGF0aCBkPSJtMTgzLjQyIDg1Ljc3Ljg3LTIuMjQgNi4yNy00LjdhNCA0IDAgMCAxIDQuODUuMDVsNi42IDUuMTItMTguNTkgMS43N1oiIGZpbGw9IiNFNkU2RTYiLz48L2c+PGcgdHJhbnNmb3JtPSJ0cmFuc2xhdGUoNzggMTM0KSI+PHJlY3QgeD0iNDIiIHk9IjE4IiB3aWR0aD0iMjQiIGhlaWdodD0iNiIgcng9IjMiIGZpbGw9IiMwMDAiIGZpbGwtb3BhY2l0eT0iLjciLz48L2c+PGcgdHJhbnNmb3JtPSJ0cmFuc2xhdGUoMTA0IDEyMikiPjxwYXRoIGZpbGwtcnVsZT0iZXZlbm9kZCIgY2xpcC1ydWxlPSJldmVub2RkIiBkPSJNMTYgOGMwIDQuNDIgNS4zNyA4IDEyIDhzMTItMy41OCAxMi04IiBmaWxsPSIjMDAwIiBmaWxsLW9wYWNpdHk9Ii4xNiIvPjwvZz48ZyB0cmFuc2Zvcm09InRyYW5zbGF0ZSg3NiA5MCkiPjxwYXRoIGQ9Ik0yNSAyN3MtNiA3LjI3LTYgMTEuMjdhNiA2IDAgMSAwIDEyIDBjMC00LTYtMTEuMjctNi0xMS4yN1oiIGZpbGw9IiM5MkQ5RkYiLz48cGF0aCBkPSJNMzYgMjJhNiA2IDAgMSAxLTEyIDAgNiA2IDAgMCAxIDEyIDBaTTg4IDIyYTYgNiAwIDEgMS0xMiAwIDYgNiAwIDAgMSAxMiAwWiIgZmlsbD0iIzAwMCIgZmlsbC1vcGFjaXR5PSIuNiIvPjwvZz48ZyB0cmFuc2Zvcm09InRyYW5zbGF0ZSg3NiA4MikiPjxwYXRoIGQ9Im0yMi43NyAxLjU4LjktLjRDMjguOTMtLjkxIDM2Ljg4LS4wMyA0MS43MyAyLjNjLjU3LjI3LjE4IDEuMTUtLjQgMS4xLTE0LjkyLTEuMTQtMjQuOTYgOC4xNS0yOC4zNyAxNC40NS0uMS4xOC0uNDEuMi0uNDkuMDMtMi4zLTUuMzIgNC40NS0xMy45OCAxMC4zLTE2LjNaTTg5LjIzIDEuNThsLS45LS40QzgzLjA3LS45MSA3NS4xMi0uMDMgNzAuMjcgMi4zYy0uNTcuMjctLjE4IDEuMTUuNCAxLjEgMTQuOTItMS4xNCAyNC45NiA4LjE1IDI4LjM3IDE0LjQ1LjEuMTguNDEuMi40OS4wMyAyLjMtNS4zMi00LjQ1LTEzLjk4LTEwLjMtMTYuM1oiIGZpbGwtcnVsZT0iZXZlbm9kZCIgY2xpcC1ydWxlPSJldmVub2RkIiBmaWxsPSIjMDAwIiBmaWxsLW9wYWNpdHk9Ii42Ii8+PC9nPjxnIHRyYW5zZm9ybT0idHJhbnNsYXRlKC0xKSI+PHBhdGggZD0iTTE4OC4zMiAxMzguNzZDMjI3LjkgMTI5LjI2IDI1NSAxMDkuODcgMjU1IDg3LjVjMC0yMy41LTI5LjkyLTQzLjcyLTcyLjgtNTIuNjNsLS4zMS0xLjQzQTQwIDQwIDAgMCAwIDE0Mi44MiAyaC0xOC42NGE0MCA0MCAwIDAgMC0zOS4wNyAzMS40NGwtLjI3IDEuMjFDNDEuNDEgNDMuNDUgMTEgNjMuOCAxMSA4Ny41YzAgMjIuMzcgMjcuMSA0MS43NiA2Ni42OCA1MS4yNi0uMi0xLjI4LS4zNi0yLjU4LS40Ny0zLjlBMTIgMTIgMCAwIDEgNjcgMTIzdi0xM2ExMiAxMiAwIDAgMSAxMC0xMS44M1Y5MmMwLTggMS42OC0xNS42MiA0LjctMjIuNTEgOC42MS0xNS42OSA5Mi43My0xNi40OSAxMDIuNjYuMTZBNTUuODIgNTUuODIgMCAwIDEgMTg5IDkydjYuMTdBMTIgMTIgMCAwIDEgMTk5IDExMHYxM2ExMiAxMiAwIDAgMS0xMC4yIDExLjg3IDU2LjA2IDU2LjA2IDAgMCAxLS40OCAzLjlaIiBmaWxsPSIjMjU1NTdjIi8+PHBhdGggZD0iTTE4OSA5Mi43NGMzLjg1LTMuMjUgNi02LjkgNi0xMC43NCAwLTYuMDgtNS4zOC0xMS42NS0xNC4zMi0xNS45OCAxLjY0IDEuMSAyLjkgMi4zIDMuNjggMy42M0E1NS44MiA1NS44MiAwIDAgMSAxODkgOTJ2Ljc0Wk0xNTcuMjYgNTguOTlhMTQ0LjM2IDE0NC4zNiAwIDAgMC0yNC4yNi0yYy04Ljk4IDAtMTcuNTIuNzgtMjUuMjIgMi4xNyAxNS4xNi0yLjIgMzQuMTEtMi4zIDQ5LjQ4LS4xN1pNODQuNjkgNjYuMzNDNzYuMTIgNzAuNjIgNzEgNzYuMDcgNzEgODJjMCAzLjg1IDIuMTUgNy40OSA2IDEwLjc0VjkyYzAtOCAxLjY4LTE1LjYyIDQuNy0yMi41MWE5Ljk0IDkuOTQgMCAwIDEgMi45OS0zLjE2WiIgZmlsbD0iIzAwMCIgZmlsbC1vcGFjaXR5PSIuNSIvPjwvZz48ZyB0cmFuc2Zvcm09InRyYW5zbGF0ZSg0OSA3MikiPjxwYXRoIGQ9Ik01Ny41NSA2OS42OGEzMS44IDMxLjggMCAwIDEgNC44NC0yLjU1QzY3LjU4IDY1LjE1IDc3LjIgNjUuNzEgODQgNjkuM2M2LjgtMy41OSAxNi40Mi00LjE1IDIxLjYxLTIuMTcgMS42NC42MyAzLjIyIDEuNTcgNC44NCAyLjU1IDQuMTMgMi40NyA4LjU1IDUuMTIgMTQuOTEgMy4xNS4zNy0uMTIuNzMuMjIuNjIuNTgtMS4zNyA0LjUtOSA3LjYtMTEuNiA3LjctNi4yLjI0LTExLjc1LTIuMjYtMTcuMTMtNC42OS00LjQ0LTItOC43Ny0zLjk2LTEzLjI1LTQuMjYtNC40OC4zLTguOCAyLjI2LTEzLjI1IDQuMjYtNS4zOCAyLjQzLTEwLjkyIDQuOTMtMTcuMTMgNC42OS0yLjYtLjEtMTAuMjMtMy4yLTExLjYtNy43LS4xMS0uMzYuMjUtLjcuNjItLjU4IDYuMzYgMS45NyAxMC43OC0uNjggMTQuOS0zLjE1WiIgZmlsbD0iIzRhMzEyYyIvPjwvZz48ZyB0cmFuc2Zvcm09InRyYW5zbGF0ZSg2MiA0MikiPjwvZz48L2c+PC9nPjwvc3ZnPg==', '{"personal":{"isChild":false,"sex":"Feminino","gender":"Mulher cisgênero","rg":"48.508.789-3","maritalStatus":"União estável","profession":"Servidor público","company":"Órgão público","education":"Pós-graduação","address":"Rua Moreira, 455","city":"Recife","state":"PE","zip":"30946-547"},"clinical":{"complaint":"Dificuldade em lidar com mudanças","goals":"Melhorar a qualidade do sono","suffering":"Intenso","history":"Encaminhado(a) pelo clínico geral devido a queixas somáticas.","priorDiagnoses":"Nenhum","priorTreatments":"Nenhum","psychiatric":"Não","referrals":"—"},"health":{"depression":true,"anxiety":true,"tdah":true,"tag":true,"bipolar":true,"medications":"Escitalopram 10mg","diseases":"Hipertensão","surgeries":"—","hospitalizations":"Uma internação prévia","familyHistory":"Histórico familiar de depressão/ansiedade"},"lifestyle":{"sleep":"Sono não reparador","diet":"Equilibrada","sports":"Musculação","gym":"Não","alcohol":"Social","smoking":"Não","drugs":"Não","religion":"Sem religião","spirituality":"Pouco"},"financial":{"situation":"Estável","income":"Acima de 8 salários","work":"Autônomo","ownHome":"Sim","rent":"Não","withFamily":"Não","debt":"Alguma","car":"Não","motorcycle":"Não"},"interests":{"hobbies":"Games","music":"Clássica","movies":"Drama","books":"—","games":"—","tech":"Médio","social":"WhatsApp"},"personality":{"introvert":true,"extrovert":true,"communicative":true,"reserved":false,"organized":true,"creative":true,"impulsive":false,"notes":"Dificuldade em pedir ajuda."},"relationships":{"family":"Muito próxima","friends":"Isolamento recente","romantic":"Estável","work":"Neutra"}}', NULL, 1781794690288);
INSERT INTO sessions (id, clinic_id, patient_id, psychologist_id, occurred_at, duration_min, mood, emotional_scale, topics, objectives, techniques, evolution, next_steps, free_notes, created_at) VALUES ('4efa65ce-3582-4890-bb6e-fef27c88c0a8', '8bbe67c5-8a26-4bb3-93fa-274c02a8bdd2', 'c0519454-f54b-4640-a919-0b2192f5ee8a', 'b55a3cfb-a65d-4540-8821-d20f7a3c8d56', 1780239490288, 60, 'Deprimido(a)', 3, '["luto","relacionamento"]', 'Elaborar o processo de luto', 'Exposição gradual', 'Trouxe avanços na aplicação das técnicas no dia a dia.', 'Retomar atividade física gradualmente.', 'Sessão produtiva. Manter plano terapêutico.', 1780239490288);
INSERT INTO sessions (id, clinic_id, patient_id, psychologist_id, occurred_at, duration_min, mood, emotional_scale, topics, objectives, techniques, evolution, next_steps, free_notes, created_at) VALUES ('39c4bfb1-9036-4f11-84ce-de786f4522c9', '8bbe67c5-8a26-4bb3-93fa-274c02a8bdd2', 'c0519454-f54b-4640-a919-0b2192f5ee8a', 'b55a3cfb-a65d-4540-8821-d20f7a3c8d56', 1780930690288, 60, 'Deprimido(a)', 6, '["luto","trabalho"]', 'Elaborar o processo de luto', 'Ativação comportamental', 'Apresentou resistência inicial, mas engajou-se ao final da sessão.', 'Manter diário do sono.', NULL, 1780930690288);
INSERT INTO sessions (id, clinic_id, patient_id, psychologist_id, occurred_at, duration_min, mood, emotional_scale, topics, objectives, techniques, evolution, next_steps, free_notes, created_at) VALUES ('33fc0362-70e4-4859-ba80-c5d1bed4a423', '8bbe67c5-8a26-4bb3-93fa-274c02a8bdd2', 'c0519454-f54b-4640-a919-0b2192f5ee8a', 'b55a3cfb-a65d-4540-8821-d20f7a3c8d56', 1781449090288, 60, 'Ansioso(a)', 4, '["trabalho","autoestima"]', 'Reduzir a frequência das crises de ansiedade', 'Treino de habilidades sociais', 'Percebe-se maior consciência emocional e vocabulário afetivo.', 'Trabalhar limites nos relacionamentos.', NULL, 1781449090288);
INSERT INTO sessions (id, clinic_id, patient_id, psychologist_id, occurred_at, duration_min, mood, emotional_scale, topics, objectives, techniques, evolution, next_steps, free_notes, created_at) VALUES ('ea759686-d715-4295-924f-6d400108050e', '8bbe67c5-8a26-4bb3-93fa-274c02a8bdd2', 'c0519454-f54b-4640-a919-0b2192f5ee8a', 'b55a3cfb-a65d-4540-8821-d20f7a3c8d56', 1782313090288, 45, 'Motivado(a)', 9, '["finanças","ansiedade"]', 'Melhorar a qualidade do sono', 'Exposição gradual', 'Percebe-se maior consciência emocional e vocabulário afetivo.', 'Praticar respiração diafragmática 2x ao dia.', 'Sessão produtiva. Manter plano terapêutico.', 1782313090288);
INSERT INTO sessions (id, clinic_id, patient_id, psychologist_id, occurred_at, duration_min, mood, emotional_scale, topics, objectives, techniques, evolution, next_steps, free_notes, created_at) VALUES ('8e78d896-65a1-4292-83e6-5bcc213efd72', '8bbe67c5-8a26-4bb3-93fa-274c02a8bdd2', 'c0519454-f54b-4640-a919-0b2192f5ee8a', 'b55a3cfb-a65d-4540-8821-d20f7a3c8d56', 1782917890288, 50, 'Ansioso(a)', 3, '["trabalho","ansiedade","estudos","sono"]', 'Desenvolver estratégias de enfrentamento', 'Reestruturação cognitiva', 'Paciente demonstrou boa adesão às tarefas propostas.', 'Praticar respiração diafragmática 2x ao dia.', 'Sessão produtiva. Manter plano terapêutico.', 1782917890288);
INSERT INTO timeline_events (id, clinic_id, patient_id, session_id, title, description, event_date, category, status, source, created_at) VALUES ('0a715f18-16e2-4c65-9c18-43fab2257678', '8bbe67c5-8a26-4bb3-93fa-274c02a8bdd2', 'c0519454-f54b-4640-a919-0b2192f5ee8a', '39c4bfb1-9036-4f11-84ce-de786f4522c9', 'Conclusão de etapa', 'Apresentou resistência inicial, mas engajou-se ao final da sessão.', 1780239490288, 'clínico', 'confirmed', 'manual', 1780239490288);
INSERT INTO timeline_events (id, clinic_id, patient_id, session_id, title, description, event_date, category, status, source, created_at) VALUES ('16ca9be4-50ed-41f3-afd8-804d8e5f1d82', '8bbe67c5-8a26-4bb3-93fa-274c02a8bdd2', 'c0519454-f54b-4640-a919-0b2192f5ee8a', NULL, 'Ajuste de medicação', 'Percebe-se maior consciência emocional e vocabulário afetivo.', 1774623490288, 'trabalho', 'confirmed', 'manual', 1772722690288);
INSERT INTO timeline_events (id, clinic_id, patient_id, session_id, title, description, event_date, category, status, source, created_at) VALUES ('49558b40-6fce-4080-a406-4d27e8a760d6', '8bbe67c5-8a26-4bb3-93fa-274c02a8bdd2', 'c0519454-f54b-4640-a919-0b2192f5ee8a', '4efa65ce-3582-4890-bb6e-fef27c88c0a8', 'Ajuste de medicação', 'Semana difícil, com aumento da sintomatologia ansiosa.', 1770044290288, 'pessoal', 'suggested', 'manual', 1778857090288);
INSERT INTO timeline_events (id, clinic_id, patient_id, session_id, title, description, event_date, category, status, source, created_at) VALUES ('b16aa3aa-759f-4f60-80e4-1b73a51502f1', '8bbe67c5-8a26-4bb3-93fa-274c02a8bdd2', 'c0519454-f54b-4640-a919-0b2192f5ee8a', NULL, 'Recaída pontual', 'Semana difícil, com aumento da sintomatologia ansiosa.', 1781535490288, 'clínico', 'confirmed', 'manual', 1770649090288);
INSERT INTO timeline_events (id, clinic_id, patient_id, session_id, title, description, event_date, category, status, source, created_at) VALUES ('99ef642c-d7de-4ada-a190-f1c0aa045cc6', '8bbe67c5-8a26-4bb3-93fa-274c02a8bdd2', 'c0519454-f54b-4640-a919-0b2192f5ee8a', NULL, 'Perda familiar', 'Paciente demonstrou boa adesão às tarefas propostas.', 1767365890288, 'família', 'confirmed', 'ai', 1775746690288);
INSERT INTO ai_summaries (id, clinic_id, patient_id, appointment_id, content, suggested_questions, model, status, approved_content, approved_by, approved_at, created_at) VALUES ('02510291-6910-4cee-97c7-ed161786c236', '8bbe67c5-8a26-4bb3-93fa-274c02a8bdd2', 'c0519454-f54b-4640-a919-0b2192f5ee8a', NULL, 'Paciente em acompanhamento por ansiedade e crises de pânico. Ao longo das sessões observa-se evolução gradual, com melhor manejo emocional e boa adesão às técnicas propostas. Recomenda-se manter o plano terapêutico atual.', '["Como você tem dormido esta semana?","O que funcionou melhor entre as estratégias que combinamos?","Houve algum gatilho importante desde a última sessão?"]', 'vinculo-ai', 'ready', NULL, 'b55a3cfb-a65d-4540-8821-d20f7a3c8d56', 1783177090288, 1781794690288);
INSERT INTO appointments (id, clinic_id, patient_id, psychologist_id, starts_at, ends_at, status, created_at) VALUES ('7c69a181-6209-429f-befb-74a6558bf1be', '8bbe67c5-8a26-4bb3-93fa-274c02a8bdd2', 'c0519454-f54b-4640-a919-0b2192f5ee8a', 'b55a3cfb-a65d-4540-8821-d20f7a3c8d56', 1782313090288, 1782316090288, 'done', 1781794690288);
INSERT INTO appointments (id, clinic_id, patient_id, psychologist_id, starts_at, ends_at, status, created_at) VALUES ('b9433172-a69e-4f55-ba35-7006750d4b72', '8bbe67c5-8a26-4bb3-93fa-274c02a8bdd2', 'c0519454-f54b-4640-a919-0b2192f5ee8a', 'b55a3cfb-a65d-4540-8821-d20f7a3c8d56', 1782917890288, 1782920890288, 'done', 1782485890288);
INSERT INTO appointments (id, clinic_id, patient_id, psychologist_id, starts_at, ends_at, status, created_at) VALUES ('22d4ad71-61cb-473b-b1c4-ab70356fb94f', '8bbe67c5-8a26-4bb3-93fa-274c02a8bdd2', 'c0519454-f54b-4640-a919-0b2192f5ee8a', 'b55a3cfb-a65d-4540-8821-d20f7a3c8d56', 1784127490288, 1784735290288, 'scheduled', 1783349890288);
INSERT INTO consents (id, clinic_id, patient_id, type, version, granted_at, ip, revoked_at, created_at) VALUES ('d65c7250-b689-4c67-b26e-e02d0aef9a4f', '8bbe67c5-8a26-4bb3-93fa-274c02a8bdd2', 'c0519454-f54b-4640-a919-0b2192f5ee8a', 'general', '1.0', 1781794690288, '189.240.32.116', NULL, 1781794690288);
INSERT INTO consents (id, clinic_id, patient_id, type, version, granted_at, ip, revoked_at, created_at) VALUES ('d55f7da4-0d65-4caa-aa8d-7f69d7394a07', '8bbe67c5-8a26-4bb3-93fa-274c02a8bdd2', 'c0519454-f54b-4640-a919-0b2192f5ee8a', 'ai', '1.0', 1781794690288, '189.96.46.50', NULL, 1781794690288);
INSERT INTO consents (id, clinic_id, patient_id, type, version, granted_at, ip, revoked_at, created_at) VALUES ('0ae0d2bd-198d-43ba-9edd-2e7f578bcd46', '8bbe67c5-8a26-4bb3-93fa-274c02a8bdd2', 'c0519454-f54b-4640-a919-0b2192f5ee8a', 'recording', '1.0', 1781794690288, NULL, NULL, 1781794690288);
INSERT INTO patients (id, clinic_id, psychologist_id, full_name, social_name, cpf, email, phone, whatsapp, birth_date, status, photo, profile, deleted_at, created_at) VALUES ('b9ac3c87-87f9-4193-8a4a-2f982f07a36f', '8bbe67c5-8a26-4bb3-93fa-274c02a8bdd2', 'b55a3cfb-a65d-4540-8821-d20f7a3c8d56', 'Thiago Barbosa Rocha', NULL, '309.558.853-68', 'thiago.9@email.com', '(96) 96602-8557', '(21) 99348-5932', -529318909712, 'active', 'data:image/svg+xml;base64,PHN2ZyB4bWxucz0iaHR0cDovL3d3dy53My5vcmcvMjAwMC9zdmciIHZpZXdCb3g9IjAgMCAyODAgMjgwIiBmaWxsPSJub25lIiBzaGFwZS1yZW5kZXJpbmc9ImF1dG8iPjxtZXRhZGF0YSB4bWxuczpyZGY9Imh0dHA6Ly93d3cudzMub3JnLzE5OTkvMDIvMjItcmRmLXN5bnRheC1ucyMiIHhtbG5zOnhzaT0iaHR0cDovL3d3dy53My5vcmcvMjAwMS9YTUxTY2hlbWEtaW5zdGFuY2UiIHhtbG5zOmRjPSJodHRwOi8vcHVybC5vcmcvZGMvZWxlbWVudHMvMS4xLyIgeG1sbnM6ZGN0ZXJtcz0iaHR0cDovL3B1cmwub3JnL2RjL3Rlcm1zLyI+PHJkZjpSREY+PHJkZjpEZXNjcmlwdGlvbj48ZGM6dGl0bGU+QXZhdGFhYXJzPC9kYzp0aXRsZT48ZGM6Y3JlYXRvcj5QYWJsbyBTdGFubGV5PC9kYzpjcmVhdG9yPjxkYzpzb3VyY2UgeHNpOnR5cGU9ImRjdGVybXM6VVJJIj5odHRwczovL2F2YXRhYWFycy5jb20vPC9kYzpzb3VyY2U+PGRjdGVybXM6bGljZW5zZSB4c2k6dHlwZT0iZGN0ZXJtczpVUkkiPmh0dHBzOi8vYXZhdGFhYXJzLmNvbS88L2RjdGVybXM6bGljZW5zZT48ZGM6cmlnaHRzPlJlbWl4IG9mIOKAnkF2YXRhYWFyc+KAnSAoaHR0cHM6Ly9hdmF0YWFhcnMuY29tLykgYnkg4oCeUGFibG8gU3RhbmxleeKAnSwgbGljZW5zZWQgdW5kZXIg4oCeRnJlZSBmb3IgcGVyc29uYWwgYW5kIGNvbW1lcmNpYWwgdXNl4oCdIChodHRwczovL2F2YXRhYWFycy5jb20vKTwvZGM6cmlnaHRzPjwvcmRmOkRlc2NyaXB0aW9uPjwvcmRmOlJERj48L21ldGFkYXRhPjxtYXNrIGlkPSJ2aWV3Ym94TWFzayI+PHJlY3Qgd2lkdGg9IjI4MCIgaGVpZ2h0PSIyODAiIHJ4PSIxNDAiIHJ5PSIxNDAiIHg9IjAiIHk9IjAiIGZpbGw9IiNmZmYiIC8+PC9tYXNrPjxnIG1hc2s9InVybCgjdmlld2JveE1hc2spIj48cmVjdCBmaWxsPSIjZDFkNGY5IiB3aWR0aD0iMjgwIiBoZWlnaHQ9IjI4MCIgeD0iMCIgeT0iMCIgLz48ZyB0cmFuc2Zvcm09InRyYW5zbGF0ZSg4KSI+PHBhdGggZD0iTTEzMiAzNmE1NiA1NiAwIDAgMC01NiA1NnY2LjE3QTEyIDEyIDAgMCAwIDY2IDExMHYxNGExMiAxMiAwIDAgMCAxMC4zIDExLjg4IDU2LjA0IDU2LjA0IDAgMCAwIDMxLjcgNDQuNzN2MTguNGgtNGE3MiA3MiAwIDAgMC03MiA3MnY5aDIwMHYtOWE3MiA3MiAwIDAgMC03Mi03MmgtNHYtMTguMzlhNTYuMDQgNTYuMDQgMCAwIDAgMzEuNy00NC43M0ExMiAxMiAwIDAgMCAxOTggMTI0di0xNGExMiAxMiAwIDAgMC0xMC0xMS44M1Y5MmE1NiA1NiAwIDAgMC01Ni01NloiIGZpbGw9IiNmOGQyNWMiLz48cGF0aCBkPSJNMTA4IDE4MC42MXY4YTU1Ljc5IDU1Ljc5IDAgMCAwIDI0IDUuMzljOC41OSAwIDE2LjczLTEuOTMgMjQtNS4zOXYtOGE1NS43OSA1NS43OSAwIDAgMS0yNCA1LjM5IDU1Ljc5IDU1Ljc5IDAgMCAxLTI0LTUuMzlaIiBmaWxsPSIjMDAwIiBmaWxsLW9wYWNpdHk9Ii4xIi8+PGcgdHJhbnNmb3JtPSJ0cmFuc2xhdGUoMCAxNzApIj48cGF0aCBkPSJNMTMyLjUgNTEuODNjMTguNSAwIDMzLjUtOS42MiAzMy41LTIxLjQ4IDAtLjM2LS4wMS0uNy0uMDQtMS4wNkE3MiA3MiAwIDAgMSAyMzIgMTAxLjA0VjExMEgzMnYtOC45NWE3MiA3MiAwIDAgMSA2Ny4wNS03MS44M2MtLjAzLjM3LS4wNS43NS0uMDUgMS4xMyAwIDExLjg2IDE1IDIxLjQ4IDMzLjUgMjEuNDhaIiBmaWxsPSIjNjVjOWZmIi8+PHBhdGggZD0iTTEzMi41IDU4Ljc2YzIxLjg5IDAgMzkuNjMtMTIuMDUgMzkuNjMtMjYuOTEgMC0uNi0uMDItMS4yLS4wOC0xLjgtMi0uMzMtNC4wMy0uNTktNi4xLS43Ni4wNC4zNS4wNS43LjA1IDEuMDYgMCAxMS44Ni0xNSAyMS40OC0zMy41IDIxLjQ4Uzk5IDQyLjIgOTkgMzAuMzVjMC0uMzguMDItLjc2LjA1LTEuMTMtMi4wNi4xNC00LjA4LjM2LTYuMDguNjctLjA3LjY1LS4xIDEuMy0uMSAxLjk2IDAgMTQuODYgMTcuNzQgMjYuOTEgMzkuNjMgMjYuOTFaIiBmaWxsPSIjMDAwIiBmaWxsLW9wYWNpdHk9Ii4wOCIvPjwvZz48ZyB0cmFuc2Zvcm09InRyYW5zbGF0ZSg3OCAxMzQpIj48cGF0aCBmaWxsLXJ1bGU9ImV2ZW5vZGQiIGNsaXAtcnVsZT0iZXZlbm9kZCIgZD0iTTM1LjEyIDE1LjEzYTE5IDE5IDAgMCAwIDM3Ljc3LS4wOWMuMDgtLjc3LS43Ny0yLjA0LTEuODUtMi4wNEgzNy4xQzM2IDEzIDM1IDE0LjE4IDM1LjEyIDE1LjEzWiIgZmlsbD0iIzAwMCIgZmlsbC1vcGFjaXR5PSIuNyIvPjxwYXRoIGQ9Ik03MCAxM0gzOWE1IDUgMCAwIDAgNSA1aDIxYTUgNSAwIDAgMCA1LTVaIiBmaWxsPSIjZmZmIi8+PHBhdGggZD0iTTY2LjcgMjcuMTRBMTAuOTYgMTAuOTYgMCAwIDAgNTQgMjUuMmExMC45NSAxMC45NSAwIDAgMC0xMi43IDEuOTRBMTguOTMgMTguOTMgMCAwIDAgNTQgMzJjNC44OCAwIDkuMzMtMS44NCAxMi43LTQuODZaIiBmaWxsPSIjRkY0RjZEIi8+PC9nPjxnIHRyYW5zZm9ybT0idHJhbnNsYXRlKDEwNCAxMjIpIj48cGF0aCBmaWxsLXJ1bGU9ImV2ZW5vZGQiIGNsaXAtcnVsZT0iZXZlbm9kZCIgZD0iTTE2IDhjMCA0LjQyIDUuMzcgOCAxMiA4czEyLTMuNTggMTItOCIgZmlsbD0iIzAwMCIgZmlsbC1vcGFjaXR5PSIuMTYiLz48L2c+PGcgdHJhbnNmb3JtPSJ0cmFuc2xhdGUoNzYgOTApIj48cGF0aCBkPSJNNDQgMjAuNzNjMCA0LjI2LTYuMjcgNy43Mi0xNCA3LjcyUzE2IDI1IDE2IDIwLjczQzE2IDE2LjQ2IDIyLjI3IDEzIDMwIDEzczE0IDMuNDYgMTQgNy43M1pNOTYgMjAuNzNjMCA0LjI2LTYuMjcgNy43Mi0xNCA3LjcyUzY4IDI1IDY4IDIwLjczQzY4IDE2LjQ2IDc0LjI3IDEzIDgyIDEzczE0IDMuNDYgMTQgNy43M1oiIGZpbGw9IiNmZmYiLz48cGF0aCBkPSJNMzIuODIgMjguM2EyNS4xNSAyNS4xNSAwIDAgMS01LjY0IDAgNiA2IDAgMSAxIDUuNjQgMFpNODQuODIgMjguM2EyNS4xNSAyNS4xNSAwIDAgMS01LjY0IDAgNiA2IDAgMSAxIDUuNjQgMFoiIGZpbGw9IiMwMDAiIGZpbGwtb3BhY2l0eT0iLjciLz48L2c+PGcgdHJhbnNmb3JtPSJ0cmFuc2xhdGUoNzYgODIpIj48cGF0aCBkPSJNMTUuNjEgMTUuMThjNC4yNC01Ljc2IDYuODgtNS40OCAxMy4zMS0uNjJsLjY3LjVDMzQuNDEgMTguNzMgMzYuNyAyMCA0MCAyMGEyIDIgMCAxIDAgMC00Yy0yLjA3IDAtMy45LTEuMDItNy45OS00LjEybC0uNjgtLjUyQzI3LjU3IDguNTMgMjUuMzcgNy4zIDIyLjYzIDdjLTMuNjgtLjQtNy4wNSAxLjQ4LTEwLjI0IDUuODNhMiAyIDAgMSAwIDMuMjIgMi4zNlpNOTYuMzkgMTUuMThjLTQuMjQtNS43Ni02Ljg4LTUuNDgtMTMuMzEtLjYybC0uNjcuNUM3Ny41OCAxOC43MyA3NS4yOSAyMCA3MiAyMGEyIDIgMCAxIDEgMC00YzIuMDcgMCAzLjktMS4wMiA3Ljk5LTQuMTJsLjY4LS41MmMzLjc2LTIuODMgNS45Ni00LjA3IDguNy00LjM3IDMuNjgtLjQgNy4wNSAxLjQ4IDEwLjI0IDUuODNhMiAyIDAgMSAxLTMuMjIgMi4zNloiIGZpbGw9IiMwMDAiIGZpbGwtb3BhY2l0eT0iLjYiLz48L2c+PGcgdHJhbnNmb3JtPSJ0cmFuc2xhdGUoLTEpIj48cGF0aCBkPSJNNTAgOTAuNWMwIDQuNTUgMS43IDguNjQgNC44NSAxMC43Ny45LjYxIDIuNDcuOTMgNC4xNSAxLjA3VjE4MmE4IDggMCAwIDAgOCA4aDQydi05LjM5YTU2LjAzIDU2LjAzIDAgMCAxLTMxLjgtNDUuNzRBMTIgMTIgMCAwIDEgNjcgMTIzdi0xM2MwLTMuNSAxLjUtNi42MyAzLjg3LTguODMgMTEuNTQtMi42MSAyNC4xLTcuNTMgMzYuNDctMTQuNjcgMTIuMTMtNyAyMi41LTE1LjI0IDMwLjQ4LTIzLjc1YTg3LjM2IDg3LjM2IDAgMCAxLTEyLjQ1IDIwLjc4YzEyLjY4LTUuNTIgMjEuMy0xNC40IDI1LjktMjYuNjMuMzcuOTIuNzYgMS44NCAxLjE3IDIuNzYgMTAuMjYgMjMuMDMgMjcuODggMzkuMzYgNDUuNzcgNDQuNzQuNSAyLjExLjc5IDQuMDguNzkgNS42djEzYTEyIDEyIDAgMCAxLTEwLjIgMTEuODdBNTYuMDMgNTYuMDMgMCAwIDEgMTU3IDE4MC42VjE5MGgxOGEzMiAzMiAwIDAgMCAzMi0zMnYtNTQuMTJjMC0uMDcgMC0uMTctLjAzLS4yOC0uMDctNS42NC0uMjgtMTguODctLjYtMjEuMzdBNzQuMDEgNzQuMDEgMCAwIDAgMTMyLjk5IDE4Yy0zNi4wOCAwLTY2LjE0IDI1LjgzLTczIDYwLTUuNTIgMC0xMCA1LjYtMTAgMTIuNVoiIGZpbGw9IiNlY2RjYmYiLz48cGF0aCBkPSJNMTUyLjQ0IDU5LjY2YzExLjk0IDI2LjgxIDMzLjg2IDQ0LjUzIDU0LjU2IDQ2LjVWOTJBNzQgNzQgMCAwIDAgNjAuMzIgNzhINjBjLTUuNTIgMC0xMCA1LjYtMTAgMTIuNSAwIDYuNDggMy45NSAxMS44MSA5IDEyLjQ0di4xNWwuOTUtLjFINjBhOC4xIDguMSAwIDAgMCAxLjktLjIyQzc1LjcgMTAxIDkxLjY4IDk1LjU0IDEwNy4zNCA4Ni41YzEyLjEzLTcgMjIuNS0xNS4yNCAzMC40OC0yMy43NWE4Ny4zNiA4Ny4zNiAwIDAgMS0xMi40NSAyMC43OGMxMi42OC01LjUyIDIxLjMtMTQuNCAyNS45LTI2LjYzLjM3LjkyLjc2IDEuODQgMS4xNyAyLjc2WiIgZmlsbD0iI2ZmZiIgZmlsbC1vcGFjaXR5PSIuMDgiLz48L2c+PGcgdHJhbnNmb3JtPSJ0cmFuc2xhdGUoNDkgNzIpIj48L2c+PGcgdHJhbnNmb3JtPSJ0cmFuc2xhdGUoNjIgNDIpIj48L2c+PC9nPjwvZz48L3N2Zz4=', '{"personal":{"isChild":false,"sex":"Masculino","gender":"Homem cisgênero","rg":"21.698.592-6","maritalStatus":"União estável","profession":"Servidor público","company":"Órgão público","education":"Ensino fundamental","address":"Rua Rocha, 487","city":"Recife","state":"PE","zip":"53580-540"},"clinical":{"complaint":"Transtorno alimentar","goals":"Fortalecer a autoestima","suffering":"Leve","history":"Histórico familiar de transtornos de humor. Acompanhamento psiquiátrico em paralelo.","priorDiagnoses":"Episódio depressivo","priorTreatments":"Nenhum","psychiatric":"Não","referrals":"Encaminhado pelo clínico geral"},"health":{"depression":false,"anxiety":true,"tdah":false,"tag":false,"bipolar":true,"medications":"Escitalopram 10mg","diseases":"—","surgeries":"—","hospitalizations":"Não","familyHistory":"Sem histórico relevante"},"lifestyle":{"sleep":"Irregular","diet":"Equilibrada","sports":"Sedentário","gym":"Não","alcohol":"Social","smoking":"Sim","drugs":"Não","religion":"Católica","spirituality":"Muito presente"},"financial":{"situation":"Estável","income":"2 a 4 salários","work":"Servidor público","ownHome":"Não","rent":"Não","withFamily":"Não","debt":"Alguma","car":"Não","motorcycle":"Não"},"interests":{"hobbies":"Leitura","music":"Pop","movies":"Documentários","books":"Ficção e autoajuda","games":"—","tech":"Alto","social":"WhatsApp"},"personality":{"introvert":true,"extrovert":false,"communicative":true,"reserved":true,"organized":true,"creative":true,"impulsive":false,"notes":"Bom senso de humor, acolhedor(a)."},"relationships":{"family":"Distante","friends":"Rede sólida","romantic":"Estável","work":"Tensa"}}', NULL, 1766674690288);
INSERT INTO sessions (id, clinic_id, patient_id, psychologist_id, occurred_at, duration_min, mood, emotional_scale, topics, objectives, techniques, evolution, next_steps, free_notes, created_at) VALUES ('83557543-91e0-4f2e-9d2f-9060f020dd20', '8bbe67c5-8a26-4bb3-93fa-274c02a8bdd2', 'b9ac3c87-87f9-4193-8a4a-2f982f07a36f', 'b55a3cfb-a65d-4540-8821-d20f7a3c8d56', 1781621890288, 60, 'Angustiado(a)', 3, '["família","trabalho","relacionamento","estudos"]', 'Melhorar a qualidade do sono', 'Reestruturação cognitiva', 'Apresentou resistência inicial, mas engajou-se ao final da sessão.', 'Registrar pensamentos automáticos em situações de gatilho.', NULL, 1781621890288);
INSERT INTO sessions (id, clinic_id, patient_id, psychologist_id, occurred_at, duration_min, mood, emotional_scale, topics, objectives, techniques, evolution, next_steps, free_notes, created_at) VALUES ('5d4bb2fc-e19a-48f9-9044-ea401603c2ac', '8bbe67c5-8a26-4bb3-93fa-274c02a8bdd2', 'b9ac3c87-87f9-4193-8a4a-2f982f07a36f', 'b55a3cfb-a65d-4540-8821-d20f7a3c8d56', 1782313090288, 60, 'Cansado(a)', 5, '["rotina","família","luto"]', 'Melhorar a qualidade do sono', 'Registro de pensamentos', 'Paciente demonstrou boa adesão às tarefas propostas.', 'Trabalhar limites nos relacionamentos.', 'Sessão produtiva. Manter plano terapêutico.', 1782313090288);
INSERT INTO sessions (id, clinic_id, patient_id, psychologist_id, occurred_at, duration_min, mood, emotional_scale, topics, objectives, techniques, evolution, next_steps, free_notes, created_at) VALUES ('dd17c3cb-8067-455a-b43f-9dc8d528112d', '8bbe67c5-8a26-4bb3-93fa-274c02a8bdd2', 'b9ac3c87-87f9-4193-8a4a-2f982f07a36f', 'b55a3cfb-a65d-4540-8821-d20f7a3c8d56', 1782658690288, 60, 'Angustiado(a)', 8, '["rotina","luto","família"]', 'Desenvolver estratégias de enfrentamento', 'Exposição gradual', 'Apresentou resistência inicial, mas engajou-se ao final da sessão.', 'Trabalhar limites nos relacionamentos.', 'Sessão produtiva. Manter plano terapêutico.', 1782658690288);
INSERT INTO timeline_events (id, clinic_id, patient_id, session_id, title, description, event_date, category, status, source, created_at) VALUES ('34e684e6-2d68-4e0e-860f-7200a14d5264', '8bbe67c5-8a26-4bb3-93fa-274c02a8bdd2', 'b9ac3c87-87f9-4193-8a4a-2f982f07a36f', '5d4bb2fc-e19a-48f9-9044-ea401603c2ac', 'Perda familiar', 'Trouxe avanços na aplicação das técnicas no dia a dia.', 1777820290288, 'família', 'suggested', 'manual', 1766329090288);
INSERT INTO timeline_events (id, clinic_id, patient_id, session_id, title, description, event_date, category, status, source, created_at) VALUES ('090956da-9af7-4164-8c12-a0283943075a', '8bbe67c5-8a26-4bb3-93fa-274c02a8bdd2', 'b9ac3c87-87f9-4193-8a4a-2f982f07a36f', 'dd17c3cb-8067-455a-b43f-9dc8d528112d', 'Recaída pontual', 'Semana difícil, com aumento da sintomatologia ansiosa.', 1770821890288, 'clínico', 'suggested', 'manual', 1779548290288);
INSERT INTO timeline_events (id, clinic_id, patient_id, session_id, title, description, event_date, category, status, source, created_at) VALUES ('b7fee8e8-c166-4dc6-8f05-e57dbfd70c9b', '8bbe67c5-8a26-4bb3-93fa-274c02a8bdd2', 'b9ac3c87-87f9-4193-8a4a-2f982f07a36f', '83557543-91e0-4f2e-9d2f-9060f020dd20', 'Início do acompanhamento', 'Relatou leve melhora nos sintomas ao longo da semana.', 1781621890288, 'pessoal', 'confirmed', 'ai', 1775055490288);
INSERT INTO timeline_events (id, clinic_id, patient_id, session_id, title, description, event_date, category, status, source, created_at) VALUES ('6a13744f-7b1b-42ad-b6e8-b3289739404e', '8bbe67c5-8a26-4bb3-93fa-274c02a8bdd2', 'b9ac3c87-87f9-4193-8a4a-2f982f07a36f', NULL, 'Início do acompanhamento', 'Semana difícil, com aumento da sintomatologia ansiosa.', 1783004290288, 'família', 'confirmed', 'ai', 1782485890288);
INSERT INTO ai_summaries (id, clinic_id, patient_id, appointment_id, content, suggested_questions, model, status, approved_content, approved_by, approved_at, created_at) VALUES ('5e60d53b-3220-43e6-92b1-9cdde18b637e', '8bbe67c5-8a26-4bb3-93fa-274c02a8bdd2', 'b9ac3c87-87f9-4193-8a4a-2f982f07a36f', NULL, 'Paciente em acompanhamento por baixa autoestima e insegurança. Ao longo das sessões observa-se evolução gradual, com melhor manejo emocional e boa adesão às técnicas propostas. Recomenda-se manter o plano terapêutico atual.', '["Como você tem dormido esta semana?","O que funcionou melhor entre as estratégias que combinamos?","Houve algum gatilho importante desde a última sessão?"]', 'vinculo-ai', 'approved', NULL, NULL, 1783349890288, 1782399490288);
INSERT INTO appointments (id, clinic_id, patient_id, psychologist_id, starts_at, ends_at, status, created_at) VALUES ('59cfa4a7-3464-4232-b2be-7d8dc4fe0d0d', '8bbe67c5-8a26-4bb3-93fa-274c02a8bdd2', 'b9ac3c87-87f9-4193-8a4a-2f982f07a36f', 'b55a3cfb-a65d-4540-8821-d20f7a3c8d56', 1782313090288, 1782316090288, 'done', 1781794690288);
INSERT INTO appointments (id, clinic_id, patient_id, psychologist_id, starts_at, ends_at, status, created_at) VALUES ('95b6a4ee-5d7b-4bb5-a865-d42221aa4545', '8bbe67c5-8a26-4bb3-93fa-274c02a8bdd2', 'b9ac3c87-87f9-4193-8a4a-2f982f07a36f', 'b55a3cfb-a65d-4540-8821-d20f7a3c8d56', 1782917890288, 1782920890288, 'done', 1782485890288);
INSERT INTO appointments (id, clinic_id, patient_id, psychologist_id, starts_at, ends_at, status, created_at) VALUES ('b16009d3-6ec5-4e7d-91e7-4641f639a123', '8bbe67c5-8a26-4bb3-93fa-274c02a8bdd2', 'b9ac3c87-87f9-4193-8a4a-2f982f07a36f', 'b55a3cfb-a65d-4540-8821-d20f7a3c8d56', 1783954690288, 1784476090288, 'scheduled', 1783349890288);
INSERT INTO consents (id, clinic_id, patient_id, type, version, granted_at, ip, revoked_at, created_at) VALUES ('5cfd3c69-ad5e-4859-85e9-f4b2dbd026ec', '8bbe67c5-8a26-4bb3-93fa-274c02a8bdd2', 'b9ac3c87-87f9-4193-8a4a-2f982f07a36f', 'general', '1.0', 1766674690288, '189.60.92.223', NULL, 1766674690288);
INSERT INTO consents (id, clinic_id, patient_id, type, version, granted_at, ip, revoked_at, created_at) VALUES ('49390dfa-8522-4ebf-bdb6-cb6373795058', '8bbe67c5-8a26-4bb3-93fa-274c02a8bdd2', 'b9ac3c87-87f9-4193-8a4a-2f982f07a36f', 'ai', '1.0', 1766674690288, '189.52.16.146', NULL, 1766674690288);
INSERT INTO patients (id, clinic_id, psychologist_id, full_name, social_name, cpf, email, phone, whatsapp, birth_date, status, photo, profile, deleted_at, created_at) VALUES ('e2e08874-fd47-4e31-b1a3-062939459085', '8bbe67c5-8a26-4bb3-93fa-274c02a8bdd2', 'b55a3cfb-a65d-4540-8821-d20f7a3c8d56', 'André Santos Rocha', NULL, '361.201.042-01', 'andré.10@email.com', '(13) 95032-1429', '(25) 94033-6229', 612975490288, 'active', 'data:image/svg+xml;base64,PHN2ZyB4bWxucz0iaHR0cDovL3d3dy53My5vcmcvMjAwMC9zdmciIHZpZXdCb3g9IjAgMCAyODAgMjgwIiBmaWxsPSJub25lIiBzaGFwZS1yZW5kZXJpbmc9ImF1dG8iPjxtZXRhZGF0YSB4bWxuczpyZGY9Imh0dHA6Ly93d3cudzMub3JnLzE5OTkvMDIvMjItcmRmLXN5bnRheC1ucyMiIHhtbG5zOnhzaT0iaHR0cDovL3d3dy53My5vcmcvMjAwMS9YTUxTY2hlbWEtaW5zdGFuY2UiIHhtbG5zOmRjPSJodHRwOi8vcHVybC5vcmcvZGMvZWxlbWVudHMvMS4xLyIgeG1sbnM6ZGN0ZXJtcz0iaHR0cDovL3B1cmwub3JnL2RjL3Rlcm1zLyI+PHJkZjpSREY+PHJkZjpEZXNjcmlwdGlvbj48ZGM6dGl0bGU+QXZhdGFhYXJzPC9kYzp0aXRsZT48ZGM6Y3JlYXRvcj5QYWJsbyBTdGFubGV5PC9kYzpjcmVhdG9yPjxkYzpzb3VyY2UgeHNpOnR5cGU9ImRjdGVybXM6VVJJIj5odHRwczovL2F2YXRhYWFycy5jb20vPC9kYzpzb3VyY2U+PGRjdGVybXM6bGljZW5zZSB4c2k6dHlwZT0iZGN0ZXJtczpVUkkiPmh0dHBzOi8vYXZhdGFhYXJzLmNvbS88L2RjdGVybXM6bGljZW5zZT48ZGM6cmlnaHRzPlJlbWl4IG9mIOKAnkF2YXRhYWFyc+KAnSAoaHR0cHM6Ly9hdmF0YWFhcnMuY29tLykgYnkg4oCeUGFibG8gU3RhbmxleeKAnSwgbGljZW5zZWQgdW5kZXIg4oCeRnJlZSBmb3IgcGVyc29uYWwgYW5kIGNvbW1lcmNpYWwgdXNl4oCdIChodHRwczovL2F2YXRhYWFycy5jb20vKTwvZGM6cmlnaHRzPjwvcmRmOkRlc2NyaXB0aW9uPjwvcmRmOlJERj48L21ldGFkYXRhPjxtYXNrIGlkPSJ2aWV3Ym94TWFzayI+PHJlY3Qgd2lkdGg9IjI4MCIgaGVpZ2h0PSIyODAiIHJ4PSIxNDAiIHJ5PSIxNDAiIHg9IjAiIHk9IjAiIGZpbGw9IiNmZmYiIC8+PC9tYXNrPjxnIG1hc2s9InVybCgjdmlld2JveE1hc2spIj48cmVjdCBmaWxsPSIjZDFkNGY5IiB3aWR0aD0iMjgwIiBoZWlnaHQ9IjI4MCIgeD0iMCIgeT0iMCIgLz48ZyB0cmFuc2Zvcm09InRyYW5zbGF0ZSg4KSI+PHBhdGggZD0iTTEzMiAzNmE1NiA1NiAwIDAgMC01NiA1NnY2LjE3QTEyIDEyIDAgMCAwIDY2IDExMHYxNGExMiAxMiAwIDAgMCAxMC4zIDExLjg4IDU2LjA0IDU2LjA0IDAgMCAwIDMxLjcgNDQuNzN2MTguNGgtNGE3MiA3MiAwIDAgMC03MiA3MnY5aDIwMHYtOWE3MiA3MiAwIDAgMC03Mi03MmgtNHYtMTguMzlhNTYuMDQgNTYuMDQgMCAwIDAgMzEuNy00NC43M0ExMiAxMiAwIDAgMCAxOTggMTI0di0xNGExMiAxMiAwIDAgMC0xMC0xMS44M1Y5MmE1NiA1NiAwIDAgMC01Ni01NloiIGZpbGw9IiNhZTVkMjkiLz48cGF0aCBkPSJNMTA4IDE4MC42MXY4YTU1Ljc5IDU1Ljc5IDAgMCAwIDI0IDUuMzljOC41OSAwIDE2LjczLTEuOTMgMjQtNS4zOXYtOGE1NS43OSA1NS43OSAwIDAgMS0yNCA1LjM5IDU1Ljc5IDU1Ljc5IDAgMCAxLTI0LTUuMzlaIiBmaWxsPSIjMDAwIiBmaWxsLW9wYWNpdHk9Ii4xIi8+PGcgdHJhbnNmb3JtPSJ0cmFuc2xhdGUoMCAxNzApIj48cGF0aCBkPSJNMTMyIDU3LjA1YzE0LjkxIDAgMjctMTEuMiAyNy0yNSAwLTEuMDEtLjA2LTIuMDEtLjItM2gxLjJhNzIgNzIgMCAwIDEgNzIgNzJWMTEwSDMydi04Ljk1YTcyIDcyIDAgMCAxIDcyLTcyaDEuMmMtLjE0Ljk5LS4yIDEuOTktLjIgMyAwIDEzLjggMTIuMDkgMjUgMjcgMjVaIiBmaWxsPSIjRTZFNkU2Ii8+PHBhdGggZD0iTTEwMC43OCAyOS4xMiAxMDEgMjhjLTIuOTYuMDUtNiAxLTYgMWwtLjQyLjY2QTcyLjAxIDcyLjAxIDAgMCAwIDMyIDEwMS4wNlYxMTBoNzRzLTEwLjctNTEuNTYtNS4yNC04MC44bC4wMi0uMDhaTTE1OCAxMTBzMTEtNTMgNS04MmMyLjk2LjA1IDYgMSA2IDFsLjQyLjY2YTcyLjAxIDcyLjAxIDAgMCAxIDYyLjU4IDcxLjRWMTEwaC03NFoiIGZpbGw9IiMyNjJlMzMiLz48cGF0aCBkPSJNMTAxIDI4Yy02IDI5IDUgODIgNSA4Mkg5MEw3NiA3NGw2LTktNi02IDE5LTMwczMuMDQtLjk1IDYtMVpNMTYzIDI4YzYgMjktNSA4Mi01IDgyaDE2bDE0LTM2LTYtOSA2LTYtMTktMzBzLTMuMDQtLjk1LTYtMVoiIGZpbGwtcnVsZT0iZXZlbm9kZCIgY2xpcC1ydWxlPSJldmVub2RkIiBmaWxsPSIjMDAwIiBmaWxsLW9wYWNpdHk9Ii4xNSIvPjxwYXRoIGQ9Ik0xMDggMjEuNTRjLTYuNzcgNC42LTExIDExLjEyLTExIDE4LjM1IDAgNy40IDQuNDMgMTQuMDUgMTEuNDggMTguNjdsNS45NC00LjY4IDQuNTguMzMtMS0zLjE1LjA4LS4wNmMtNi4xLTMuMTUtMTAuMDgtOC4zLTEwLjA4LTE0LjEyVjIxLjU0Wk0xNTYgMzYuODhjMCA1LjgyLTMuOTggMTAuOTctMTAuMDggMTQuMTJsLjA4LjA2LTEgMy4xNSA0LjU4LS4zMyA1Ljk0IDQuNjhDMTYyLjU3IDUzLjk0IDE2NyA0Ny4yOSAxNjcgMzkuODljMC03LjIzLTQuMjMtMTMuNzUtMTEtMTguMzV2MTUuMzRaIiBmaWxsPSIjRjJGMkYyIi8+PHBhdGggZD0ibTE4My40MiA4NS43Ny44Ny0yLjI0IDYuMjctNC43YTQgNCAwIDAgMSA0Ljg1LjA1bDYuNiA1LjEyLTE4LjU5IDEuNzdaIiBmaWxsPSIjRTZFNkU2Ii8+PC9nPjxnIHRyYW5zZm9ybT0idHJhbnNsYXRlKDc4IDEzNCkiPjxyZWN0IHg9IjQyIiB5PSIxOCIgd2lkdGg9IjI0IiBoZWlnaHQ9IjYiIHJ4PSIzIiBmaWxsPSIjMDAwIiBmaWxsLW9wYWNpdHk9Ii43Ii8+PC9nPjxnIHRyYW5zZm9ybT0idHJhbnNsYXRlKDEwNCAxMjIpIj48cGF0aCBmaWxsLXJ1bGU9ImV2ZW5vZGQiIGNsaXAtcnVsZT0iZXZlbm9kZCIgZD0iTTE2IDhjMCA0LjQyIDUuMzcgOCAxMiA4czEyLTMuNTggMTItOCIgZmlsbD0iIzAwMCIgZmlsbC1vcGFjaXR5PSIuMTYiLz48L2c+PGcgdHJhbnNmb3JtPSJ0cmFuc2xhdGUoNzYgOTApIj48Y2lyY2xlIGN4PSI4MiIgY3k9IjIyIiByPSIxMiIgZmlsbD0iI2ZmZiIvPjxjaXJjbGUgY3g9IjgyIiBjeT0iMjIiIHI9IjYiIGZpbGw9IiMwMDAiIGZpbGwtb3BhY2l0eT0iLjciLz48cGF0aCBmaWxsLXJ1bGU9ImV2ZW5vZGQiIGNsaXAtcnVsZT0iZXZlbm9kZCIgZD0iTTE2LjE2IDI1LjQ1YzEuODUtMy44IDYtNi40NSAxMC44NC02LjQ1IDQuODEgMCA4Ljk2IDIuNjMgMTAuODIgNi40LjU1IDEuMTMtLjI0IDIuMDUtMS4wMyAxLjM3YTE1LjA1IDE1LjA1IDAgMCAwLTkuOC0zLjQzYy0zLjczIDAtNy4xMiAxLjI0LTkuNTUgMy4yMy0uOS43My0xLjgyLS4wMS0xLjI4LTEuMTJaIiBmaWxsPSIjMDAwIiBmaWxsLW9wYWNpdHk9Ii42Ii8+PC9nPjxnIHRyYW5zZm9ybT0idHJhbnNsYXRlKDc2IDgyKSI+PHBhdGggZD0iTTE1LjYzIDE3LjE2YzMuOTItNS41MSAxNC42NS04LjYgMjMuOS02LjMzYTIgMiAwIDEgMCAuOTUtMy44OGMtMTAuNzQtMi42NC0yMy4xNy45NC0yOC4xMSA3LjlhMiAyIDAgMCAwIDMuMjYgMi4zWk05Ni4zNyAxNy4xNmMtMy45MS01LjUxLTE0LjY1LTguNi0yMy45LTYuMzNhMiAyIDAgMSAxLS45NS0zLjg4YzEwLjc0LTIuNjQgMjMuMTcuOTQgMjguMTEgNy45YTIgMiAwIDAgMS0zLjI2IDIuM1oiIGZpbGw9IiMwMDAiIGZpbGwtb3BhY2l0eT0iLjYiLz48L2c+PGcgdHJhbnNmb3JtPSJ0cmFuc2xhdGUoLTEpIj48cGF0aCBkPSJNNDAgMTQ1Yy0uNjItMzAuODQgMjguMzItOTUuMiAzOS0xMDggNy45Mi05LjUgMjkuNy0xNy40NSA1NC0xNyAyNC4zLjQ1IDQ2Ljg2IDUuODEgNTUgMTYgMTIuMzIgMTUuNDMgMzcuODcgNzQuMDggMzggMTA5IC4xIDI0LjgtOS41NCA0OS42Ni0yMyA1MS03LjYuNzYtMTcuMjYtLjIzLTI4Ljg2LTEuNC01LjMtLjU1LTExLjAyLTEuMTMtMTcuMTQtMS42VjE4MC42QTU2IDU2IDAgMCAwIDE4OSAxMzB2LTI4LjQ0YTEzMC4zNCAxMzAuMzQgMCAwIDEtMjYuOS0xOS44OGMzLjM1IDYuMjQgNy4xOSAxMS45IDExLjUxIDE2LjItMzAuNTctOC41OS01MS43MS0yNi4xNi02NC4zOC0zOS45NEMxMDMuMzkgNjkuMDIgOTIuOTYgODUuMjMgNzcgOTcuNTdWMTMwYTU2IDU2IDAgMCAwIDMyIDUwLjYxdjEzLjE0Yy02Ljk1Ljk1LTEzLjQxIDIuMTYtMTkuMzYgMy4yNy0xMC44NSAyLjAyLTE5Ljk4IDMuNzMtMjcuMjYgMi45OC0xNC4yMi0xLjQ3LTIxLjg4LTMwLjItMjIuMzgtNTVaIiBmaWxsPSIjZThlMWUxIi8+PC9nPjxnIHRyYW5zZm9ybT0idHJhbnNsYXRlKDQ5IDcyKSI+PC9nPjxnIHRyYW5zZm9ybT0idHJhbnNsYXRlKDYyIDQyKSI+PC9nPjwvZz48L2c+PC9zdmc+', '{"personal":{"isChild":false,"sex":"Masculino","gender":"Homem cisgênero","rg":"27.230.681-3","maritalStatus":"União estável","profession":"Vendedora","company":"Empresa privada","education":"Ensino médio completo","address":"Rua Dias, 193","city":"Curitiba","state":"PR","zip":"84071-382"},"clinical":{"complaint":"Conflitos familiares","goals":"Melhorar a qualidade do sono","suffering":"Intenso","history":"Primeira experiência com terapia. Buscou ajuda por indicação médica.","priorDiagnoses":"Transtorno de ansiedade generalizada","priorTreatments":"Nenhum","psychiatric":"Não","referrals":"—"},"health":{"depression":false,"anxiety":true,"tdah":false,"tag":true,"bipolar":false,"medications":"—","diseases":"—","surgeries":"—","hospitalizations":"Não","familyHistory":"Histórico familiar de depressão/ansiedade"},"lifestyle":{"sleep":"Irregular","diet":"Restritiva","sports":"Musculação","gym":"Não","alcohol":"Social","smoking":"Não","drugs":"Não","religion":"Evangélica","spirituality":"Pouco"},"financial":{"situation":"Em dificuldade","income":"2 a 4 salários","work":"Autônomo","ownHome":"Não","rent":"Não","withFamily":"Não","debt":"Endividado","car":"Sim","motorcycle":"Não"},"interests":{"hobbies":"Música","music":"Pop","movies":"Drama","books":"—","games":"—","tech":"Alto","social":"Instagram"},"personality":{"introvert":false,"extrovert":false,"communicative":true,"reserved":true,"organized":false,"creative":false,"impulsive":true,"notes":"Tende a evitar conflitos."},"relationships":{"family":"Conflituosa","friends":"Poucos amigos","romantic":"Instável","work":"Tensa"}}', NULL, 1776869890288);
INSERT INTO sessions (id, clinic_id, patient_id, psychologist_id, occurred_at, duration_min, mood, emotional_scale, topics, objectives, techniques, evolution, next_steps, free_notes, created_at) VALUES ('7678b994-4b58-4d37-a43f-ab3f12497408', '8bbe67c5-8a26-4bb3-93fa-274c02a8bdd2', 'e2e08874-fd47-4e31-b1a3-062939459085', 'b55a3cfb-a65d-4540-8821-d20f7a3c8d56', 1780239490289, 45, 'Motivado(a)', 8, '["autoestima","trabalho"]', 'Melhorar a comunicação nos relacionamentos', 'Técnicas de mindfulness', 'Relatou leve melhora nos sintomas ao longo da semana.', 'Manter diário do sono.', NULL, 1780239490289);
INSERT INTO sessions (id, clinic_id, patient_id, psychologist_id, occurred_at, duration_min, mood, emotional_scale, topics, objectives, techniques, evolution, next_steps, free_notes, created_at) VALUES ('1ff7fe62-6d02-4eb8-9c60-d8109241a8ce', '8bbe67c5-8a26-4bb3-93fa-274c02a8bdd2', 'e2e08874-fd47-4e31-b1a3-062939459085', 'b55a3cfb-a65d-4540-8821-d20f7a3c8d56', 1781017090289, 50, 'Estável', 5, '["trabalho","autoestima","saúde"]', 'Fortalecer a autoestima', 'Respiração diafragmática', 'Percebe-se maior consciência emocional e vocabulário afetivo.', 'Trabalhar limites nos relacionamentos.', 'Sessão produtiva. Manter plano terapêutico.', 1781017090289);
INSERT INTO sessions (id, clinic_id, patient_id, psychologist_id, occurred_at, duration_min, mood, emotional_scale, topics, objectives, techniques, evolution, next_steps, free_notes, created_at) VALUES ('9a108bb1-e855-4085-97dd-c02c2fc31ef0', '8bbe67c5-8a26-4bb3-93fa-274c02a8bdd2', 'e2e08874-fd47-4e31-b1a3-062939459085', 'b55a3cfb-a65d-4540-8821-d20f7a3c8d56', 1781449090289, 50, 'Motivado(a)', 6, '["finanças","sono","lazer"]', 'Desenvolver estratégias de enfrentamento', 'Ativação comportamental', 'Semana difícil, com aumento da sintomatologia ansiosa.', 'Manter diário do sono.', NULL, 1781449090289);
INSERT INTO sessions (id, clinic_id, patient_id, psychologist_id, occurred_at, duration_min, mood, emotional_scale, topics, objectives, techniques, evolution, next_steps, free_notes, created_at) VALUES ('fa9745a8-e158-450c-bdc7-2b6366c04d27', '8bbe67c5-8a26-4bb3-93fa-274c02a8bdd2', 'e2e08874-fd47-4e31-b1a3-062939459085', 'b55a3cfb-a65d-4540-8821-d20f7a3c8d56', 1782226690289, 60, 'Irritado(a)', 8, '["sono","trabalho","estudos"]', 'Melhorar a qualidade do sono', 'Psicoeducação', 'Trouxe avanços na aplicação das técnicas no dia a dia.', 'Retomar atividade física gradualmente.', NULL, 1782226690289);
INSERT INTO sessions (id, clinic_id, patient_id, psychologist_id, occurred_at, duration_min, mood, emotional_scale, topics, objectives, techniques, evolution, next_steps, free_notes, created_at) VALUES ('62bf2c38-ec8f-4c15-a69c-c0ae6e83de75', '8bbe67c5-8a26-4bb3-93fa-274c02a8bdd2', 'e2e08874-fd47-4e31-b1a3-062939459085', 'b55a3cfb-a65d-4540-8821-d20f7a3c8d56', 1782917890289, 60, 'Angustiado(a)', 5, '["trabalho","família","relacionamento","estudos"]', 'Reduzir a frequência das crises de ansiedade', 'Ativação comportamental', 'Paciente demonstrou boa adesão às tarefas propostas.', 'Retomar atividade física gradualmente.', NULL, 1782917890289);
INSERT INTO timeline_events (id, clinic_id, patient_id, session_id, title, description, event_date, category, status, source, created_at) VALUES ('dbcdf46d-4037-42c9-a86a-c8f086f53f19', '8bbe67c5-8a26-4bb3-93fa-274c02a8bdd2', 'e2e08874-fd47-4e31-b1a3-062939459085', 'fa9745a8-e158-450c-bdc7-2b6366c04d27', 'Mudança de emprego', 'Trouxe avanços na aplicação das técnicas no dia a dia.', 1772549890289, 'pessoal', 'suggested', 'manual', 1777215490289);
INSERT INTO timeline_events (id, clinic_id, patient_id, session_id, title, description, event_date, category, status, source, created_at) VALUES ('387684b5-7654-44d1-925b-7b06c2b643de', '8bbe67c5-8a26-4bb3-93fa-274c02a8bdd2', 'e2e08874-fd47-4e31-b1a3-062939459085', '7678b994-4b58-4d37-a43f-ab3f12497408', 'Conclusão de etapa', 'Paciente demonstrou boa adesão às tarefas propostas.', 1771772290289, 'pessoal', 'confirmed', 'manual', 1768748290289);
INSERT INTO timeline_events (id, clinic_id, patient_id, session_id, title, description, event_date, category, status, source, created_at) VALUES ('96c94f84-504f-4afd-92b3-97a43b119ba6', '8bbe67c5-8a26-4bb3-93fa-274c02a8bdd2', 'e2e08874-fd47-4e31-b1a3-062939459085', '7678b994-4b58-4d37-a43f-ab3f12497408', 'Viagem/afastamento', 'Semana difícil, com aumento da sintomatologia ansiosa.', 1767106690289, 'clínico', 'suggested', 'ai', 1776783490289);
INSERT INTO timeline_events (id, clinic_id, patient_id, session_id, title, description, event_date, category, status, source, created_at) VALUES ('e5d1d1fa-d748-4b0b-bbd7-dc722c6d19a6', '8bbe67c5-8a26-4bb3-93fa-274c02a8bdd2', 'e2e08874-fd47-4e31-b1a3-062939459085', NULL, 'Perda familiar', 'Relatou leve melhora nos sintomas ao longo da semana.', 1782226690289, 'pessoal', 'suggested', 'ai', 1768834690289);
INSERT INTO timeline_events (id, clinic_id, patient_id, session_id, title, description, event_date, category, status, source, created_at) VALUES ('6ac81c19-5524-47e4-9ed7-5d1cb8173fb1', '8bbe67c5-8a26-4bb3-93fa-274c02a8bdd2', 'e2e08874-fd47-4e31-b1a3-062939459085', 'fa9745a8-e158-450c-bdc7-2b6366c04d27', 'Perda familiar', 'Semana difícil, com aumento da sintomatologia ansiosa.', 1767797890289, 'pessoal', 'confirmed', 'manual', 1775746690289);
INSERT INTO ai_summaries (id, clinic_id, patient_id, appointment_id, content, suggested_questions, model, status, approved_content, approved_by, approved_at, created_at) VALUES ('79b1fdab-f594-469d-9201-ced79e6b92ed', '8bbe67c5-8a26-4bb3-93fa-274c02a8bdd2', 'e2e08874-fd47-4e31-b1a3-062939459085', NULL, 'Paciente em acompanhamento por dificuldade de concentração e foco. Ao longo das sessões observa-se evolução gradual, com melhor manejo emocional e boa adesão às técnicas propostas. Recomenda-se manter o plano terapêutico atual.', '["Como você tem dormido esta semana?","O que funcionou melhor entre as estratégias que combinamos?","Houve algum gatilho importante desde a última sessão?"]', 'vinculo-ai', 'ready', NULL, 'b55a3cfb-a65d-4540-8821-d20f7a3c8d56', 1782053890289, 1781276290289);
INSERT INTO appointments (id, clinic_id, patient_id, psychologist_id, starts_at, ends_at, status, created_at) VALUES ('de25e129-81e2-4171-885c-9d6ecf09d5f6', '8bbe67c5-8a26-4bb3-93fa-274c02a8bdd2', 'e2e08874-fd47-4e31-b1a3-062939459085', 'b55a3cfb-a65d-4540-8821-d20f7a3c8d56', 1782313090289, 1782316090289, 'done', 1781794690289);
INSERT INTO appointments (id, clinic_id, patient_id, psychologist_id, starts_at, ends_at, status, created_at) VALUES ('951c2326-3bcd-4741-9245-efccb170f188', '8bbe67c5-8a26-4bb3-93fa-274c02a8bdd2', 'e2e08874-fd47-4e31-b1a3-062939459085', 'b55a3cfb-a65d-4540-8821-d20f7a3c8d56', 1782917890289, 1782920890289, 'canceled', 1782485890289);
INSERT INTO appointments (id, clinic_id, patient_id, psychologist_id, starts_at, ends_at, status, created_at) VALUES ('52e6de34-2b8b-4048-bffe-e6294650dbbe', '8bbe67c5-8a26-4bb3-93fa-274c02a8bdd2', 'e2e08874-fd47-4e31-b1a3-062939459085', 'b55a3cfb-a65d-4540-8821-d20f7a3c8d56', 1784473090289, 1784216890289, 'scheduled', 1783349890289);
INSERT INTO consents (id, clinic_id, patient_id, type, version, granted_at, ip, revoked_at, created_at) VALUES ('7cd2cf2a-4e66-4aef-afb9-d73f6599bdc8', '8bbe67c5-8a26-4bb3-93fa-274c02a8bdd2', 'e2e08874-fd47-4e31-b1a3-062939459085', 'general', '1.0', 1776869890288, '189.10.204.45', NULL, 1776869890288);
INSERT INTO consents (id, clinic_id, patient_id, type, version, granted_at, ip, revoked_at, created_at) VALUES ('3693fa25-bdab-4513-92b8-b6d4ce515f1e', '8bbe67c5-8a26-4bb3-93fa-274c02a8bdd2', 'e2e08874-fd47-4e31-b1a3-062939459085', 'ai', '1.0', 1776869890288, '189.125.133.139', NULL, 1776869890288);
INSERT INTO patients (id, clinic_id, psychologist_id, full_name, social_name, cpf, email, phone, whatsapp, birth_date, status, photo, profile, deleted_at, created_at) VALUES ('0ee84317-3551-473c-945d-bc0ad44bb3f3', '8bbe67c5-8a26-4bb3-93fa-274c02a8bdd2', 'b55a3cfb-a65d-4540-8821-d20f7a3c8d56', 'Débora Nunes Gomes', NULL, '382.328.980-86', 'débora.11@email.com', '(41) 98370-4286', '(28) 97452-6187', 1486911490289, 'active', 'data:image/svg+xml;base64,PHN2ZyB4bWxucz0iaHR0cDovL3d3dy53My5vcmcvMjAwMC9zdmciIHZpZXdCb3g9IjAgMCAyODAgMjgwIiBmaWxsPSJub25lIiBzaGFwZS1yZW5kZXJpbmc9ImF1dG8iPjxtZXRhZGF0YSB4bWxuczpyZGY9Imh0dHA6Ly93d3cudzMub3JnLzE5OTkvMDIvMjItcmRmLXN5bnRheC1ucyMiIHhtbG5zOnhzaT0iaHR0cDovL3d3dy53My5vcmcvMjAwMS9YTUxTY2hlbWEtaW5zdGFuY2UiIHhtbG5zOmRjPSJodHRwOi8vcHVybC5vcmcvZGMvZWxlbWVudHMvMS4xLyIgeG1sbnM6ZGN0ZXJtcz0iaHR0cDovL3B1cmwub3JnL2RjL3Rlcm1zLyI+PHJkZjpSREY+PHJkZjpEZXNjcmlwdGlvbj48ZGM6dGl0bGU+QXZhdGFhYXJzPC9kYzp0aXRsZT48ZGM6Y3JlYXRvcj5QYWJsbyBTdGFubGV5PC9kYzpjcmVhdG9yPjxkYzpzb3VyY2UgeHNpOnR5cGU9ImRjdGVybXM6VVJJIj5odHRwczovL2F2YXRhYWFycy5jb20vPC9kYzpzb3VyY2U+PGRjdGVybXM6bGljZW5zZSB4c2k6dHlwZT0iZGN0ZXJtczpVUkkiPmh0dHBzOi8vYXZhdGFhYXJzLmNvbS88L2RjdGVybXM6bGljZW5zZT48ZGM6cmlnaHRzPlJlbWl4IG9mIOKAnkF2YXRhYWFyc+KAnSAoaHR0cHM6Ly9hdmF0YWFhcnMuY29tLykgYnkg4oCeUGFibG8gU3RhbmxleeKAnSwgbGljZW5zZWQgdW5kZXIg4oCeRnJlZSBmb3IgcGVyc29uYWwgYW5kIGNvbW1lcmNpYWwgdXNl4oCdIChodHRwczovL2F2YXRhYWFycy5jb20vKTwvZGM6cmlnaHRzPjwvcmRmOkRlc2NyaXB0aW9uPjwvcmRmOlJERj48L21ldGFkYXRhPjxtYXNrIGlkPSJ2aWV3Ym94TWFzayI+PHJlY3Qgd2lkdGg9IjI4MCIgaGVpZ2h0PSIyODAiIHJ4PSIxNDAiIHJ5PSIxNDAiIHg9IjAiIHk9IjAiIGZpbGw9IiNmZmYiIC8+PC9tYXNrPjxnIG1hc2s9InVybCgjdmlld2JveE1hc2spIj48cmVjdCBmaWxsPSIjZmZkZmJmIiB3aWR0aD0iMjgwIiBoZWlnaHQ9IjI4MCIgeD0iMCIgeT0iMCIgLz48ZyB0cmFuc2Zvcm09InRyYW5zbGF0ZSg4KSI+PHBhdGggZD0iTTEzMiAzNmE1NiA1NiAwIDAgMC01NiA1NnY2LjE3QTEyIDEyIDAgMCAwIDY2IDExMHYxNGExMiAxMiAwIDAgMCAxMC4zIDExLjg4IDU2LjA0IDU2LjA0IDAgMCAwIDMxLjcgNDQuNzN2MTguNGgtNGE3MiA3MiAwIDAgMC03MiA3MnY5aDIwMHYtOWE3MiA3MiAwIDAgMC03Mi03MmgtNHYtMTguMzlhNTYuMDQgNTYuMDQgMCAwIDAgMzEuNy00NC43M0ExMiAxMiAwIDAgMCAxOTggMTI0di0xNGExMiAxMiAwIDAgMC0xMC0xMS44M1Y5MmE1NiA1NiAwIDAgMC01Ni01NloiIGZpbGw9IiNmZDk4NDEiLz48cGF0aCBkPSJNMTA4IDE4MC42MXY4YTU1Ljc5IDU1Ljc5IDAgMCAwIDI0IDUuMzljOC41OSAwIDE2LjczLTEuOTMgMjQtNS4zOXYtOGE1NS43OSA1NS43OSAwIDAgMS0yNCA1LjM5IDU1Ljc5IDU1Ljc5IDAgMCAxLTI0LTUuMzlaIiBmaWxsPSIjMDAwIiBmaWxsLW9wYWNpdHk9Ii4xIi8+PGcgdHJhbnNmb3JtPSJ0cmFuc2xhdGUoMCAxNzApIj48cGF0aCBkPSJNMTAwLjM3IDI5LjE0YTI3LjYgMjcuNiAwIDAgMSA3LjYzLTcuNTd2MTUuM2MwIDUuODMgMy45OCAxMC45OCAxMC4wOCAxNC4xM2wtLjA4LjA2LjkgMi44NmMzLjg5IDIgOC4zNSAzLjEzIDEzLjEgMy4xM3M5LjIxLTEuMTMgMTMuMS0zLjEzbC45LTIuODYtLjA4LS4wNmM2LjEtMy4xNSAxMC4wOC04LjMgMTAuMDgtMTQuMTJ2LTE0LjZhMjcuMSAyNy4xIDAgMCAxIDYuNiA2LjgyIDcyIDcyIDAgMCAxIDY5LjQgNzEuOTVWMTEwSDMydi04Ljk1YTcyIDcyIDAgMCAxIDY4LjM3LTcxLjlaIiBmaWxsPSIjOTI5NTk4Ii8+PHBhdGggZD0iTTEwOCAyMS41N2MtNi43NyA0LjYtMTEgMTEuMTctMTEgMTguNDYgMCA3LjQgNC4zNiAxNC4wNSAxMS4zIDE4LjY2bDYuMTItNC44MSA0LjU4LjMzLTEtMy4xNS4wOC0uMDZjLTYuMS0zLjE1LTEwLjA4LTguMy0xMC4wOC0xNC4xMnYtMTUuM1pNMTU2IDM2Ljg4YzAgNS44Mi0zLjk4IDEwLjk3LTEwLjA4IDE0LjEybC4wOC4wNi0xIDMuMTUgNC41OC0uMzMgNS42NSA0LjQ1YzYuNjMtNC42IDEwLjc3LTExLjEgMTAuNzctMTguMyAwLTYuOTItMy44Mi0xMy4yLTEwLTE3Ljc1djE0LjZaIiBmaWxsPSIjZmZmIiBmaWxsLW9wYWNpdHk9Ii43NSIvPjwvZz48ZyB0cmFuc2Zvcm09InRyYW5zbGF0ZSg3OCAxMzQpIj48cGF0aCBmaWxsLXJ1bGU9ImV2ZW5vZGQiIGNsaXAtcnVsZT0iZXZlbm9kZCIgZD0iTTM1LjEyIDI5Ljg3YTE5IDE5IDAgMCAxIDM3Ljc3LjA5Yy4wOC43Ny0uNzcgMi4wNC0xLjg1IDIuMDRIMzcuMUMzNiAzMiAzNSAzMC44MiAzNS4xMiAyOS44N1oiIGZpbGw9IiMwMDAiIGZpbGwtb3BhY2l0eT0iLjciLz48cGF0aCBkPSJNNjkuNTkgMzJIMzguNGExMSAxMSAwIDAgMSAxNS42LTYuOEExMSAxMSAwIDAgMSA2OS41OSAzMloiIGZpbGw9IiNGRjRGNkQiLz48cGF0aCBkPSJNNjYuNTcgMTcuNzVBNSA1IDAgMCAxIDY1IDE4SDQ0Yy0uOCAwLTEuNTctLjItMi4yNC0uNTNBMTguOTIgMTguOTIgMCAwIDEgNTQgMTNjNC44MiAwIDkuMjIgMS44IDEyLjU3IDQuNzVaIiBmaWxsPSIjZmZmIi8+PC9nPjxnIHRyYW5zZm9ybT0idHJhbnNsYXRlKDEwNCAxMjIpIj48cGF0aCBmaWxsLXJ1bGU9ImV2ZW5vZGQiIGNsaXAtcnVsZT0iZXZlbm9kZCIgZD0iTTE2IDhjMCA0LjQyIDUuMzcgOCAxMiA4czEyLTMuNTggMTItOCIgZmlsbD0iIzAwMCIgZmlsbC1vcGFjaXR5PSIuMTYiLz48L2c+PGcgdHJhbnNmb3JtPSJ0cmFuc2xhdGUoNzYgOTApIj48cGF0aCBkPSJNMzYgMjJhNiA2IDAgMSAxLTEyIDAgNiA2IDAgMCAxIDEyIDBaTTg4IDIyYTYgNiAwIDEgMS0xMiAwIDYgNiAwIDAgMSAxMiAwWiIgZmlsbD0iIzAwMCIgZmlsbC1vcGFjaXR5PSIuNiIvPjwvZz48ZyB0cmFuc2Zvcm09InRyYW5zbGF0ZSg3NiA4MikiPjxwYXRoIGQ9Ik0yNi41NSA2LjE1Yy01LjguMjctMTUuMiA0LjQ5LTE0Ljk2IDEwLjM0LjAxLjE4LjMuMjcuNDMuMTIgMi43Ni0yLjk2IDIyLjMyLTUuOTUgMjkuMi00LjM2LjY0LjE0IDEuMTItLjQ4LjcyLS45My0zLjQzLTMuODUtMTAuMi01LjQzLTE1LjQtNS4xOFpNODYuNDUgNi4xNWM1LjguMjcgMTUuMiA0LjQ5IDE0Ljk2IDEwLjM0LS4wMS4xOC0uMy4yNy0uNDMuMTItMi43Ni0yLjk2LTIyLjMyLTUuOTUtMjkuMi00LjM2LS42NC4xNC0xLjEyLS40OC0uNzItLjkzIDMuNDMtMy44NSAxMC4yLTUuNDMgMTUuNC01LjE4WiIgZmlsbC1ydWxlPSJldmVub2RkIiBjbGlwLXJ1bGU9ImV2ZW5vZGQiIGZpbGw9IiMwMDAiIGZpbGwtb3BhY2l0eT0iLjYiLz48L2c+PGcgdHJhbnNmb3JtPSJ0cmFuc2xhdGUoLTEpIj48cGF0aCBkPSJNNDQuODMgMTA1LjZjLS4zOS0xLjYxLS43Ny0zLjI0LTEuMTMtNC45Mi0xLjk1LTkuMjMtMi45NS0yMC4yMiAyLjg5LTM5LjY3LTYuOSAyMi45OS00LjI1IDM0LjE1LTEuNzYgNDQuNTggMS4yMyA1LjIgMi40MyAxMC4yIDIuMzcgMTYuNGExNS40NCAxNS40NCAwIDAgMCAwIDBjLjA2LTYuMi0xLjE0LTExLjIxLTIuMzctMTYuNFpNMjE4LjM4IDExNC4yM2MtLjEzLjQtLjE2LjgtLjE4IDEuMjNsLjE4LTEuMjNaTTIxOC4wNSAxMTYuODFjLS4xMSAxLjA5LS4yIDIuMi0uMjMgMy4zNS0yOS4wNC0xMC43Ni01NC45NC0yOS42Mi03MC4zMi01MS41NS0xMi4xIDE1LjYyLTMxLjk2IDIzLjA0LTUxLjYzIDMwLjQtMTcuMzggNi41LTM0LjYyIDEyLjk0LTQ2LjIgMjQuOTRsMS4wOS0xLjVjMTEtMTQuNiAyOC43Ni0yMS44OCA0Ni43LTI5LjI0IDE4LjgyLTcuNzEgMzcuODItMTUuNSA0OS4zOS0zMS45IDE1LjQgMjQuMSA0MS44MSA0NC42NSA3MS4xNiA1NS42M2wuMDQtLjEyWiIgZmlsbD0iIzAwMCIgZmlsbC1vcGFjaXR5PSIuMTYiLz48cGF0aCBkPSJNMzIgMjgwaDF2LTlhNzIgNzIgMCAwIDEgNzItNzJoNHYtMTguMzlhNTYuMDMgNTYuMDMgMCAwIDEtMzEuOC00NS43NEExMiAxMiAwIDAgMSA2NyAxMjN2LTEzYzAtLjguMDgtMS41Ny4yMi0yLjMyIDkuMTItNS44MiAxOS42NS0xMC4xMyAzMC4yNC0xNC40OCAxOC44MS03LjcxIDM3LjgyLTE1LjUgNDkuMzktMzEuOUMxNTguOCA4MCAxNzcuNCA5Ni42IDE5OC44NyAxMDguMmMuMDguNTkuMTMgMS4xOS4xMyAxLjh2MTNhMTIgMTIgMCAwIDEtMTAuMiAxMS44N0E1Ni4wMyA1Ni4wMyAwIDAgMSAxNTcgMTgwLjZWMTk5aDRhNzIgNzIgMCAwIDEgNzIgNzJ2OWMyNC40MS0xMy45NCAxNS44Ni0zMy4yMSA2LjI4LTQ4LjQ2YTMwMy4xNyAzMDMuMTcgMCAwIDAtNC4wNy02LjI3Yy0zLjQ4LTUuMjUtNi40NS05Ljc0LTcuMi0xMi45Ny0uMS0uNDYtLjE3LS45LS4xOC0xLjMtLjE0LTQuNjIgMy4xNC03Ljg0IDcuMTYtMTEuNzggNi4yMi02LjA4IDE0LjE4LTEzLjg5IDE0LjAxLTMxLjIyLS41MS0xNS44My05LjgtMjIuMjUtMTguMS0yOC02LjkzLTQuNzgtMTMuMTctOS4xLTEzLjEtMTgtLjAxLTEuODIuMDgtMy41NC4yNS01LjE5LjExLS40LjEzLS44My4xNS0xLjI1di0uMWMuNDUtMy40NCAxLjItNi42MiAxLjk4LTkuODcgMi41NS0xMC43MiA1LjMtMjIuMjMtMi4zOC00Ni41OS0yLjktOS4xMi02Ljk3LTE2LjUtMTIuMS0yMi40Ni0xNC4xMi0xNi40Mi0zNi4zNS0yMi4wNC02NC45LTIzLjI5LTIuNTUtLjExLTUuMTUtLjE5LTcuOC0uMjNWMTNoLTFjLTQzLjA4Ljc3LTczLjE2IDkuNTQtODQuOCA0Ni03LjY3IDI0LjM2LTQuOTMgMzUuODctMi4zNyA0Ni42IDEuMjMgNS4xOSAyLjQzIDEwLjIgMi4zNyAxNi40LjAzIDMuNzUtMS4wNiA2LjctMi44NSA5LjItMi40NiAzLjQzLTYuMjMgNi4wNC0xMC4yNCA4LjgtOC4zIDUuNzUtMTcuNiAxMi4xNy0xOC4xIDI4LS4xNyAxNy4zMyA3LjggMjUuMTQgMTQuMDEgMzEuMjIgNC4wMyAzLjk0IDcuMzIgNy4xNiA3LjE3IDExLjc4LS4wOCAzLjI2LTMuNCA4LjI3LTcuMzggMTQuMjctMTAuNTQgMTUuOS0yNS43IDM4LjggMi4yIDU0LjczWiIgZmlsbD0iI2U4ZTFlMSIvPjxwYXRoIGZpbGwtcnVsZT0iZXZlbm9kZCIgY2xpcC1ydWxlPSJldmVub2RkIiBkPSJNNTAuNTggMTIyLjQ1YzIyLjU0LTI5LjkyIDczLjQ5LTI5LjEzIDk2LjA5LTYxLjE1IDE1LjQgMjQuMSA0MS44MiA0NC42NSA3MS4xNiA1NS42My4zLS44Ni4wOC0xLjg1LjM3LTIuNyAyLjE1LTE0LjE0IDkuMTQtMjQuMzctLjU4LTU1LjIzLTExLjYzLTM2LjQ2LTQxLjcxLTQ1LjIzLTg0LjgtNDUuOThsLTEtLjAyYy00My4wOC43Ny03My4xNiA5LjU0LTg0LjggNDYtMTEuMzggMzYuMTYuMTcgNDQgMCA2MyAuMDQgMy43NS0xLjA1IDYuNy0yLjg1IDkuMi4xOS40IDQuMTYtNS43NiA2LjQxLTguNzVaIiBmaWxsPSIjZmZmIiBmaWxsLW9wYWNpdHk9Ii4yIi8+PC9nPjxnIHRyYW5zZm9ybT0idHJhbnNsYXRlKDQ5IDcyKSI+PC9nPjxnIHRyYW5zZm9ybT0idHJhbnNsYXRlKDYyIDQyKSI+PC9nPjwvZz48L2c+PC9zdmc+', '{"personal":{"isChild":true,"sex":"Feminino","gender":"Mulher cisgênero","rg":"56.217.184-1","maritalStatus":"Solteiro(a)","profession":"Estudante","company":"Escola Municipal","education":"Ensino fundamental","address":"Rua Rocha, 548","city":"Salvador","state":"BA","zip":"25152-570"},"clinical":{"complaint":"Luto pela perda de um familiar","goals":"Reorganizar a rotina e o autocuidado","suffering":"Intenso","history":"Procurou a clínica de forma espontânea, motivado(a) por autoconhecimento.","priorDiagnoses":"Transtorno de ansiedade generalizada","priorTreatments":"Nenhum","psychiatric":"Não","referrals":"—"},"health":{"depression":true,"anxiety":false,"tdah":false,"tag":true,"bipolar":false,"medications":"—","diseases":"Hipertensão","surgeries":"—","hospitalizations":"Não","familyHistory":"Sem histórico relevante"},"lifestyle":{"sleep":"Irregular","diet":"Restritiva","sports":"Sedentário","gym":"Sim","alcohol":"Social","smoking":"Sim","drugs":"Não","religion":"Católica","spirituality":"Moderada"},"financial":{"situation":"Estável","income":"2 a 4 salários","work":"Não se aplica","ownHome":"Não","rent":"Sim","withFamily":"Sim","debt":"Endividado","car":"Não","motorcycle":"Não"},"interests":{"hobbies":"Culinária","music":"Pop","movies":"Documentários","books":"—","games":"—","tech":"Baixo","social":"Instagram"},"personality":{"introvert":true,"extrovert":false,"communicative":true,"reserved":false,"organized":true,"creative":false,"impulsive":true,"notes":"Bom senso de humor, acolhedor(a)."},"relationships":{"family":"Muito próxima","friends":"Poucos amigos","romantic":"Estável","work":"Tensa"}}', NULL, 1778079490289);
INSERT INTO sessions (id, clinic_id, patient_id, psychologist_id, occurred_at, duration_min, mood, emotional_scale, topics, objectives, techniques, evolution, next_steps, free_notes, created_at) VALUES ('daadf491-0db1-4ef1-b50f-3cb7a9fd7315', '8bbe67c5-8a26-4bb3-93fa-274c02a8bdd2', '0ee84317-3551-473c-945d-bc0ad44bb3f3', 'b55a3cfb-a65d-4540-8821-d20f7a3c8d56', 1781621890289, 45, 'Ansioso(a)', 6, '["rotina","lazer","luto"]', 'Reorganizar a rotina e o autocuidado', 'Treino de habilidades sociais', 'Semana difícil, com aumento da sintomatologia ansiosa.', 'Manter diário do sono.', NULL, 1781621890289);
INSERT INTO sessions (id, clinic_id, patient_id, psychologist_id, occurred_at, duration_min, mood, emotional_scale, topics, objectives, techniques, evolution, next_steps, free_notes, created_at) VALUES ('79a85ce3-5e56-4be9-977c-4e0c0283a8d3', '8bbe67c5-8a26-4bb3-93fa-274c02a8bdd2', '0ee84317-3551-473c-945d-bc0ad44bb3f3', 'b55a3cfb-a65d-4540-8821-d20f7a3c8d56', 1782053890289, 50, 'Angustiado(a)', 4, '["rotina","lazer"]', 'Reorganizar a rotina e o autocuidado', 'Ativação comportamental', 'Relatou leve melhora nos sintomas ao longo da semana.', 'Manter diário do sono.', 'Sessão produtiva. Manter plano terapêutico.', 1782053890289);
INSERT INTO sessions (id, clinic_id, patient_id, psychologist_id, occurred_at, duration_min, mood, emotional_scale, topics, objectives, techniques, evolution, next_steps, free_notes, created_at) VALUES ('945b21e7-0c0b-4cc1-9e03-99f4082e2a06', '8bbe67c5-8a26-4bb3-93fa-274c02a8bdd2', '0ee84317-3551-473c-945d-bc0ad44bb3f3', 'b55a3cfb-a65d-4540-8821-d20f7a3c8d56', 1782658690289, 60, 'Esperançoso(a)', 4, '["ansiedade","rotina","trabalho","lazer"]', 'Aumentar a tolerância à frustração', 'Respiração diafragmática', 'Paciente demonstrou boa adesão às tarefas propostas.', 'Praticar respiração diafragmática 2x ao dia.', 'Sessão produtiva. Manter plano terapêutico.', 1782658690289);
INSERT INTO timeline_events (id, clinic_id, patient_id, session_id, title, description, event_date, category, status, source, created_at) VALUES ('29db12cc-9795-4164-9f71-e3dfcf44319e', '8bbe67c5-8a26-4bb3-93fa-274c02a8bdd2', '0ee84317-3551-473c-945d-bc0ad44bb3f3', 'daadf491-0db1-4ef1-b50f-3cb7a9fd7315', 'Conclusão de etapa', 'Apresentou resistência inicial, mas engajou-se ao final da sessão.', 1768143490289, 'trabalho', 'suggested', 'ai', 1773586690289);
INSERT INTO timeline_events (id, clinic_id, patient_id, session_id, title, description, event_date, category, status, source, created_at) VALUES ('cc4e390d-c42f-4d1b-bada-0f7f9bc5b9d7', '8bbe67c5-8a26-4bb3-93fa-274c02a8bdd2', '0ee84317-3551-473c-945d-bc0ad44bb3f3', NULL, 'Mudança de emprego', 'Paciente demonstrou boa adesão às tarefas propostas.', 1767797890289, 'trabalho', 'confirmed', 'ai', 1771513090289);
INSERT INTO timeline_events (id, clinic_id, patient_id, session_id, title, description, event_date, category, status, source, created_at) VALUES ('645c964c-ca66-47b1-915a-98fb07de1db5', '8bbe67c5-8a26-4bb3-93fa-274c02a8bdd2', '0ee84317-3551-473c-945d-bc0ad44bb3f3', '79a85ce3-5e56-4be9-977c-4e0c0283a8d3', 'Melhora significativa', 'Semana difícil, com aumento da sintomatologia ansiosa.', 1780498690289, 'clínico', 'suggested', 'ai', 1776956290289);
INSERT INTO ai_summaries (id, clinic_id, patient_id, appointment_id, content, suggested_questions, model, status, approved_content, approved_by, approved_at, created_at) VALUES ('09a9c682-d7eb-448f-ae5b-e2beced5b7da', '8bbe67c5-8a26-4bb3-93fa-274c02a8bdd2', '0ee84317-3551-473c-945d-bc0ad44bb3f3', NULL, 'Paciente em acompanhamento por dificuldades no relacionamento conjugal. Ao longo das sessões observa-se evolução gradual, com melhor manejo emocional e boa adesão às técnicas propostas. Recomenda-se manter o plano terapêutico atual.', '["Como você tem dormido esta semana?","O que funcionou melhor entre as estratégias que combinamos?","Houve algum gatilho importante desde a última sessão?"]', 'vinculo-ai', 'ready', NULL, NULL, 1783090690301, 1781708290301);
INSERT INTO appointments (id, clinic_id, patient_id, psychologist_id, starts_at, ends_at, status, created_at) VALUES ('2da9d5f0-5616-4ce7-9501-3afb5478aa21', '8bbe67c5-8a26-4bb3-93fa-274c02a8bdd2', '0ee84317-3551-473c-945d-bc0ad44bb3f3', 'b55a3cfb-a65d-4540-8821-d20f7a3c8d56', 1782313090301, 1782316090301, 'done', 1781794690301);
INSERT INTO appointments (id, clinic_id, patient_id, psychologist_id, starts_at, ends_at, status, created_at) VALUES ('68adafc3-43ce-4174-8d5c-43ec0d779bb4', '8bbe67c5-8a26-4bb3-93fa-274c02a8bdd2', '0ee84317-3551-473c-945d-bc0ad44bb3f3', 'b55a3cfb-a65d-4540-8821-d20f7a3c8d56', 1782917890301, 1782920890301, 'done', 1782485890301);
INSERT INTO appointments (id, clinic_id, patient_id, psychologist_id, starts_at, ends_at, status, created_at) VALUES ('ca624649-4954-4469-8d27-bbdadb18657f', '8bbe67c5-8a26-4bb3-93fa-274c02a8bdd2', '0ee84317-3551-473c-945d-bc0ad44bb3f3', 'b55a3cfb-a65d-4540-8821-d20f7a3c8d56', 1784559490301, 1783957690301, 'scheduled', 1783349890301);
INSERT INTO consents (id, clinic_id, patient_id, type, version, granted_at, ip, revoked_at, created_at) VALUES ('25df7b70-03c5-4c54-979c-0b2a0361c7dc', '8bbe67c5-8a26-4bb3-93fa-274c02a8bdd2', '0ee84317-3551-473c-945d-bc0ad44bb3f3', 'general', '1.0', 1778079490289, '189.150.146.179', NULL, 1778079490289);
INSERT INTO consents (id, clinic_id, patient_id, type, version, granted_at, ip, revoked_at, created_at) VALUES ('81e4fc45-f6eb-41fc-acc1-48b837be8ca8', '8bbe67c5-8a26-4bb3-93fa-274c02a8bdd2', '0ee84317-3551-473c-945d-bc0ad44bb3f3', 'ai', '1.0', 1778079490289, '189.62.218.89', NULL, 1778079490289);
INSERT INTO patients (id, clinic_id, psychologist_id, full_name, social_name, cpf, email, phone, whatsapp, birth_date, status, photo, profile, deleted_at, created_at) VALUES ('360a8048-e8d7-4c43-a0a4-5fd061666c36', '8bbe67c5-8a26-4bb3-93fa-274c02a8bdd2', 'b55a3cfb-a65d-4540-8821-d20f7a3c8d56', 'Daniel Santos Ferreira', NULL, '442.200.080-23', 'daniel.12@email.com', '(56) 97855-8550', '(17) 99857-1035', 1238684290301, 'inactive', 'data:image/svg+xml;base64,PHN2ZyB4bWxucz0iaHR0cDovL3d3dy53My5vcmcvMjAwMC9zdmciIHZpZXdCb3g9IjAgMCAyODAgMjgwIiBmaWxsPSJub25lIiBzaGFwZS1yZW5kZXJpbmc9ImF1dG8iPjxtZXRhZGF0YSB4bWxuczpyZGY9Imh0dHA6Ly93d3cudzMub3JnLzE5OTkvMDIvMjItcmRmLXN5bnRheC1ucyMiIHhtbG5zOnhzaT0iaHR0cDovL3d3dy53My5vcmcvMjAwMS9YTUxTY2hlbWEtaW5zdGFuY2UiIHhtbG5zOmRjPSJodHRwOi8vcHVybC5vcmcvZGMvZWxlbWVudHMvMS4xLyIgeG1sbnM6ZGN0ZXJtcz0iaHR0cDovL3B1cmwub3JnL2RjL3Rlcm1zLyI+PHJkZjpSREY+PHJkZjpEZXNjcmlwdGlvbj48ZGM6dGl0bGU+QXZhdGFhYXJzPC9kYzp0aXRsZT48ZGM6Y3JlYXRvcj5QYWJsbyBTdGFubGV5PC9kYzpjcmVhdG9yPjxkYzpzb3VyY2UgeHNpOnR5cGU9ImRjdGVybXM6VVJJIj5odHRwczovL2F2YXRhYWFycy5jb20vPC9kYzpzb3VyY2U+PGRjdGVybXM6bGljZW5zZSB4c2k6dHlwZT0iZGN0ZXJtczpVUkkiPmh0dHBzOi8vYXZhdGFhYXJzLmNvbS88L2RjdGVybXM6bGljZW5zZT48ZGM6cmlnaHRzPlJlbWl4IG9mIOKAnkF2YXRhYWFyc+KAnSAoaHR0cHM6Ly9hdmF0YWFhcnMuY29tLykgYnkg4oCeUGFibG8gU3RhbmxleeKAnSwgbGljZW5zZWQgdW5kZXIg4oCeRnJlZSBmb3IgcGVyc29uYWwgYW5kIGNvbW1lcmNpYWwgdXNl4oCdIChodHRwczovL2F2YXRhYWFycy5jb20vKTwvZGM6cmlnaHRzPjwvcmRmOkRlc2NyaXB0aW9uPjwvcmRmOlJERj48L21ldGFkYXRhPjxtYXNrIGlkPSJ2aWV3Ym94TWFzayI+PHJlY3Qgd2lkdGg9IjI4MCIgaGVpZ2h0PSIyODAiIHJ4PSIxNDAiIHJ5PSIxNDAiIHg9IjAiIHk9IjAiIGZpbGw9IiNmZmYiIC8+PC9tYXNrPjxnIG1hc2s9InVybCgjdmlld2JveE1hc2spIj48cmVjdCBmaWxsPSIjZmZkZmJmIiB3aWR0aD0iMjgwIiBoZWlnaHQ9IjI4MCIgeD0iMCIgeT0iMCIgLz48ZyB0cmFuc2Zvcm09InRyYW5zbGF0ZSg4KSI+PHBhdGggZD0iTTEzMiAzNmE1NiA1NiAwIDAgMC01NiA1NnY2LjE3QTEyIDEyIDAgMCAwIDY2IDExMHYxNGExMiAxMiAwIDAgMCAxMC4zIDExLjg4IDU2LjA0IDU2LjA0IDAgMCAwIDMxLjcgNDQuNzN2MTguNGgtNGE3MiA3MiAwIDAgMC03MiA3MnY5aDIwMHYtOWE3MiA3MiAwIDAgMC03Mi03MmgtNHYtMTguMzlhNTYuMDQgNTYuMDQgMCAwIDAgMzEuNy00NC43M0ExMiAxMiAwIDAgMCAxOTggMTI0di0xNGExMiAxMiAwIDAgMC0xMC0xMS44M1Y5MmE1NiA1NiAwIDAgMC01Ni01NloiIGZpbGw9IiM2MTQzMzUiLz48cGF0aCBkPSJNMTA4IDE4MC42MXY4YTU1Ljc5IDU1Ljc5IDAgMCAwIDI0IDUuMzljOC41OSAwIDE2LjczLTEuOTMgMjQtNS4zOXYtOGE1NS43OSA1NS43OSAwIDAgMS0yNCA1LjM5IDU1Ljc5IDU1Ljc5IDAgMCAxLTI0LTUuMzlaIiBmaWxsPSIjMDAwIiBmaWxsLW9wYWNpdHk9Ii4xIi8+PGcgdHJhbnNmb3JtPSJ0cmFuc2xhdGUoMCAxNzApIj48cGF0aCBkPSJNMTMyLjUgNjUuODNjMjcuMzQgMCA0OS41LTEzLjIgNDkuNS0yOS40OCAwLTEuMzctLjE2LTIuNy0uNDYtNC4wMkE3Mi4wMyA3Mi4wMyAwIDAgMSAyMzIgMTAxLjA1VjExMEgzMnYtOC45NUE3Mi4wMyA3Mi4wMyAwIDAgMSA4My41MyAzMmExOCAxOCAwIDAgMC0uNTMgNC4zNWMwIDE2LjI4IDIyLjE2IDI5LjQ4IDQ5LjUgMjkuNDhaIiBmaWxsPSIjM2M0ZjVjIi8+PC9nPjxnIHRyYW5zZm9ybT0idHJhbnNsYXRlKDc4IDEzNCkiPjxyZWN0IHg9IjIyIiB5PSI3IiB3aWR0aD0iNjQiIGhlaWdodD0iMjYiIHJ4PSIxMyIgZmlsbD0iIzAwMCIgZmlsbC1vcGFjaXR5PSIuNiIvPjxyZWN0IHg9IjI0IiB5PSI5IiB3aWR0aD0iNjAiIGhlaWdodD0iMjIiIHJ4PSIxMSIgZmlsbD0iI2ZmZiIvPjxwYXRoIGQ9Ik0yNC4xOCAxOEgzMlY5LjQxQTExIDExIDAgMCAxIDM1IDloMXY5aDlWOWg0djloOVY5aDR2OWg5VjloMmMuNjggMCAxLjM1LjA2IDIgLjE4VjE4aDguODJsLjA1LjI4djMuNDRsLS4wNS4yOEg3NXY4LjgyYy0uNjUuMTItMS4zMi4xOC0yIC4xOGgtMnYtOWgtOXY5aC00di05aC05djloLTR2LTloLTl2OWgtMWExMSAxMSAwIDAgMS0zLS40MVYyMmgtNy44MmExMS4wNiAxMS4wNiAwIDAgMSAwLTRaIiBmaWxsPSIjRTZFNkU2Ii8+PC9nPjxnIHRyYW5zZm9ybT0idHJhbnNsYXRlKDEwNCAxMjIpIj48cGF0aCBmaWxsLXJ1bGU9ImV2ZW5vZGQiIGNsaXAtcnVsZT0iZXZlbm9kZCIgZD0iTTE2IDhjMCA0LjQyIDUuMzcgOCAxMiA4czEyLTMuNTggMTItOCIgZmlsbD0iIzAwMCIgZmlsbC1vcGFjaXR5PSIuMTYiLz48L2c+PGcgdHJhbnNmb3JtPSJ0cmFuc2xhdGUoNzYgOTApIj48cGF0aCBkPSJNMjcgMTZjLTQuODQgMC05IDIuNjUtMTAuODQgNi40NS0uNTQgMS4xLjM5IDEuODUgMS4yOCAxLjEyYTE1LjEzIDE1LjEzIDAgMCAxIDkuOC0zLjIyIDYgNiAwIDEgMCAxMC43IDIuOCAyIDIgMCAwIDAtLjEyLS43NGwtLjE1LS4zOGE2IDYgMCAwIDAtMS42NC0yLjQ4QzMzLjkgMTcuMzIgMzAuNSAxNiAyNyAxNlpNODUgMTZjLTQuODQgMC05IDIuNjUtMTAuODQgNi40NS0uNTQgMS4xLjM5IDEuODUgMS4yOCAxLjEyYTE1LjEzIDE1LjEzIDAgMCAxIDkuOC0zLjIyIDYgNiAwIDEgMCAxMC43IDIuOCAyIDIgMCAwIDAtLjEyLS43NGwtLjE1LS4zOGE2IDYgMCAwIDAtMS42NC0yLjQ4QzkxLjkgMTcuMzIgODguNSAxNiA4NSAxNloiIGZpbGw9IiMwMDAiIGZpbGwtb3BhY2l0eT0iLjYiLz48L2c+PGcgdHJhbnNmb3JtPSJ0cmFuc2xhdGUoNzYgODIpIj48cGF0aCBkPSJNMzguNjYgMTEuMWMtNSAuMzUtOS45Mi4wOC0xNC45Mi0uMTMtMy44My0uMTYtNy43Mi0uNjgtMTEuMzcgMS4wMS0uNy4zMi00LjUzIDIuMjgtNC40NCAzLjM1LjA3Ljg1IDMuOTMgMi4yIDQuNjMgMi40NCAzLjY3IDEuMjkgNy4xOC45IDEwLjk1LjY2IDQuNjQtLjI3IDkuMjUtLjA3IDEzLjg3LS4yIDMuMTItLjEgNy45Mi0uNjMgOS40Ni00LjQuNDYtMS4xNC4xLTMuNDItLjM2LTQuNjYtLjE5LS41LS43Mi0uNjktMS4xMy0uNGExNS4wNCAxNS4wNCAwIDAgMS02LjY4IDIuMzJaTTczLjM0IDExLjFjNSAuMzUgOS45Mi4wOCAxNC45Mi0uMTMgMy44My0uMTYgNy43Mi0uNjggMTEuMzcgMS4wMS43LjMyIDQuNTMgMi4yOCA0LjQ0IDMuMzUtLjA3Ljg1LTMuOTMgMi4yLTQuNjMgMi40NC0zLjY3IDEuMjktNy4xOC45LTEwLjk1LjY2LTQuNjMtLjI3LTkuMjQtLjA3LTEzLjg2LS4yLTMuMTItLjEtNy45Mi0uNjMtOS40Ni00LjQtLjQ2LTEuMTQtLjEtMy40Mi4zNi00LjY2LjE4LS41LjcyLS42OSAxLjEzLS40YTE1LjA0IDE1LjA0IDAgMCAwIDYuNjggMi4zMloiIGZpbGwtcnVsZT0iZXZlbm9kZCIgY2xpcC1ydWxlPSJldmVub2RkIiBmaWxsPSIjMDAwIiBmaWxsLW9wYWNpdHk9Ii42Ii8+PC9nPjxnIHRyYW5zZm9ybT0idHJhbnNsYXRlKC0xKSI+PGNpcmNsZSBjeD0iMTMzIiBjeT0iMjAiIHI9IjIwIiBmaWxsPSIjRjRGNEY0Ii8+PHBhdGggZmlsbC1ydWxlPSJldmVub2RkIiBjbGlwLXJ1bGU9ImV2ZW5vZGQiIGQ9Ik02NyA3OGE2NiA2NiAwIDEgMSAxMzIgMHY1SDY3di01WiIgZmlsbD0iI2IxZTJmZiIvPjxwYXRoIGZpbGwtcnVsZT0iZXZlbm9kZCIgY2xpcC1ydWxlPSJldmVub2RkIiBkPSJNNjQgNjkuNzdhNy4wNSA3LjA1IDAgMCAxIDMuMDUtNS45NmM3LjgtNS4xOCAzMC40Mi0xNy44IDY2LjAyLTE3LjggMzUuNiAwIDU4LjE0IDEyLjYyIDY1LjkgMTcuODFhNy4wNCA3LjA0IDAgMCAxIDMuMDMgNS45NXYzMC4yYzAgMy4zLTMuOSA1LjM4LTYuNzggMy43NUMxODQuODQgOTcuODMgMTYzLjEgODggMTMzLjggODhhMTMzLjU3IDEzMy41NyAwIDAgMC02My4xNyAxNS45OGMtMi44NSAxLjU2LTYuNjMtLjUtNi42My0zLjc1VjY5Ljc3WiIgZmlsbD0iIzAwMCIgZmlsbC1vcGFjaXR5PSIuMSIvPjxwYXRoIGZpbGwtcnVsZT0iZXZlbm9kZCIgY2xpcC1ydWxlPSJldmVub2RkIiBkPSJNNjQgNjcuNzdhNy4wNSA3LjA1IDAgMCAxIDMuMDUtNS45NmM3LjgtNS4xOCAzMC40Mi0xNy44IDY2LjAyLTE3LjggMzUuNiAwIDU4LjE0IDEyLjYyIDY1LjkgMTcuODFhNy4wNCA3LjA0IDAgMCAxIDMuMDMgNS45NXYzMC4yYzAgMy4zLTMuOSA1LjM4LTYuNzggMy43NUMxODQuODQgOTUuODMgMTYzLjEgODYgMTMzLjggODZhMTMzLjU3IDEzMy41NyAwIDAgMC02My4xNyAxNS45OGMtMi44NSAxLjU2LTYuNjMtLjUtNi42My0zLjc1VjY3Ljc3WiIgZmlsbD0iI0Y0RjRGNCIvPjwvZz48ZyB0cmFuc2Zvcm09InRyYW5zbGF0ZSg0OSA3MikiPjwvZz48ZyB0cmFuc2Zvcm09InRyYW5zbGF0ZSg2MiA0MikiPjxwYXRoIGZpbGwtcnVsZT0iZXZlbm9kZCIgY2xpcC1ydWxlPSJldmVub2RkIiBkPSJNMzkuMjUgNTJjLTIxLjEzIDAtMjguNjMgNS4xNy0yOS4zMiA1Ljg2QTIuOTMgMi45MyAwIDAgMCA3IDYwLjc5djIuOTJhMi45MyAyLjkzIDAgMCAwIDIuOTMgMi45M3M1Ljg3IDAgNS44NyAyLjkzYzAgLjIgMCAuMzQuMDMuNDUtLjAzLjgyLS4wNCAxLjY1LS4wNCAyLjQ4QzE1Ljc4IDg1LjM0IDI0LjA3IDkzIDM3Ljk2IDkzaDIuNzVjMTQuNjggMCAyNC45My04LjQzIDI0LjkzLTIwLjUgMC0xLjQ0LS4wNC0yLjg4LS4xNi00LjI4bDEuNDUtLjczYy41Ny0uMjggMS4yLS41IDEuODctLjY0IDEuODUtLjM5IDMuOTMtLjIzIDUuOTUuMjguNzMuMTggMS4yNS4zNiAxLjUuNDZsMS4yNS41YTUwLjU4IDUwLjU4IDAgMCAwLS4xNiA0LjRjMCAxMi44NCA4LjI5IDIwLjUgMjIuMTcgMjAuNWgyLjc1YzE0LjY4IDAgMjQuOTMtOC40MyAyNC45My0yMC41IDAtLjgzIDAtMS42Ni0uMDQtMi40OC4wMi0uMTEuMDMtLjI2LjAzLS40NSAwLTIuOTMgNS44Ny0yLjkzIDUuODctMi45MyAxLjYyIDAgMi45My0xLjMgMi45My0yLjkzVjYwLjhhMi45MyAyLjkzIDAgMCAwLTIuOTMtMi45M2MtLjY5LS42OS04LjItNS44Ni0yOS4zMi01Ljg2aC0yLjkzYy0xLjgzIDAtMy41Mi4wNy01LjA4LjIxLTkuMzguNTYtMTQuNDYgMi4xOS0xOS42MyA0Ljc2LS41NC4yLTIuMzguNzktNC41My44OGExNi41NiAxNi41NiAwIDAgMS00Ljc3LS45MmwtLjQyLS4ydi0uMDFjLTQuOS0yLjQ1LTguMzYtNC4xOC0yMC41NS00LjYxLTEuMTUtLjA3LTIuMzctLjEtMy42Ni0uMWgtMi45M1ptLTEuMTIgNS44NmgxLjEyYzIuNDQgMCA0LjU5LjAzIDYuNDguMSAxNC4wNS44NCAxNC4wNSA2Ljk1IDE0LjA1IDE0LjU0IDAgOC42Mi03Ljg0IDE0LjY0LTE5LjA2IDE0LjY0aC0yLjc1Yy0xMy41IDAtMTYuMzItNy45Ni0xNi4zMi0xNC42NCAwLTggMC0xNC4zNyAxNi40OC0xNC42NFptMjYuMTEgNC4zNi4xLjAzLS4wNy4wMy0uMDMtLjA2Wm0xNC41MiAwLS4wNy4wMy4wNC4wMmMwLS4wMiAwLS4wMy4wMi0uMDVabTE2LjctNC4xMmExMjUuMjIgMTI1LjIyIDAgMCAxIDkuNC0uMjRjMTYuNDkuMjcgMTYuNDkgNi42MyAxNi40OSAxNC42NCAwIDguNjItNy44NCAxNC42NC0xOS4wNyAxNC42NGgtMi43NWMtMTMuNDggMC0xNi4zMS03Ljk2LTE2LjMxLTE0LjY0IDAtNy4yNSAwLTEzLjE1IDEyLjI0LTE0LjRaIiBmaWxsPSIjMDAwIiBmaWxsLW9wYWNpdHk9Ii4xIi8+PHBhdGggZD0iTTQwLjcyIDg4LjA3YzEzLjc0IDAgMjItNy44NyAyMi0xNy41N3MtMS4zLTE3LjU3LTIwLjU0LTE3LjU3aC0yLjkzYy0xOS4yNSAwLTIwLjUzIDcuODYtMjAuNTMgMTcuNTcgMCA5LjcgNS41IDE3LjU3IDE5LjI1IDE3LjU3aDIuNzVaIiBmaWxsPSIjMDAwIiBmaWxsLW9wYWNpdHk9Ii43Ii8+PHBhdGggZD0iTTQwLjcyIDg4LjA3YzEzLjc0IDAgMjItNy44NyAyMi0xNy41N3MtMS4zLTE3LjU3LTIwLjU0LTE3LjU3aC0yLjkzYy0xOS4yNSAwLTIwLjUzIDcuODYtMjAuNTMgMTcuNTcgMCA5LjcgNS41IDE3LjU3IDE5LjI1IDE3LjU3aDIuNzVaIiBmaWxsPSJ1cmwoI2FjY2Vzc29yaWVzV2F5ZmFyZXJzLWEpIiBzdHlsZT0ibWl4LWJsZW5kLW1vZGU6c2NyZWVuIi8+PHBhdGggZD0iTTEwMi4yOCA4OC4wN2MxMy43NSAwIDIyLTcuODcgMjItMTcuNTdTMTIzIDUyLjkzIDEwMy43NSA1Mi45M2gtMi45M2MtMTkuMjUgMC0yMC41MyA3Ljg2LTIwLjUzIDE3LjU3IDAgOS43IDUuNSAxNy41NyAxOS4yNCAxNy41N2gyLjc1WiIgZmlsbD0iIzAwMCIgZmlsbC1vcGFjaXR5PSIuNyIvPjxwYXRoIGQ9Ik0xMDIuMjggODguMDdjMTMuNzUgMCAyMi03Ljg3IDIyLTE3LjU3UzEyMyA1Mi45MyAxMDMuNzUgNTIuOTNoLTIuOTNjLTE5LjI1IDAtMjAuNTMgNy44Ni0yMC41MyAxNy41NyAwIDkuNyA1LjUgMTcuNTcgMTkuMjQgMTcuNTdoMi43NVoiIGZpbGw9InVybCgjYWNjZXNzb3JpZXNXYXlmYXJlcnMtYikiIHN0eWxlPSJtaXgtYmxlbmQtbW9kZTpzY3JlZW4iLz48cGF0aCBmaWxsLXJ1bGU9ImV2ZW5vZGQiIGNsaXAtcnVsZT0iZXZlbm9kZCIgZD0iTTM5LjI1IDUwYy0yMS4xMyAwLTI4LjYzIDUuMTctMjkuMzIgNS44NkEyLjkzIDIuOTMgMCAwIDAgNyA1OC43OXYyLjkyYTIuOTMgMi45MyAwIDAgMCAyLjkzIDIuOTNzNS44NyAwIDUuODcgMi45M2MwIC4yIDAgLjM0LjAzLjQ1LS4wMy44Mi0uMDQgMS42NS0uMDQgMi40OEMxNS43OCA4My4zNCAyNC4wNyA5MSAzNy45NiA5MWgyLjc1YzE0LjY4IDAgMjQuOTMtOC40MyAyNC45My0yMC41IDAtMS40NC0uMDQtMi44OC0uMTYtNC4yOGwxLjQ1LS43M2MuNTctLjI4IDEuMi0uNSAxLjg3LS42NCAxLjg1LS4zOSAzLjkzLS4yMyA1Ljk1LjI4LjczLjE4IDEuMjUuMzYgMS41LjQ2bDEuMjUuNWE1MC41OCA1MC41OCAwIDAgMC0uMTYgNC40YzAgMTIuODQgOC4yOSAyMC41IDIyLjE3IDIwLjVoMi43NWMxNC42OCAwIDI0LjkzLTguNDMgMjQuOTMtMjAuNSAwLS44MyAwLTEuNjYtLjA0LTIuNDguMDItLjExLjAzLS4yNi4wMy0uNDUgMC0yLjkzIDUuODctMi45MyA1Ljg3LTIuOTMgMS42MiAwIDIuOTMtMS4zIDIuOTMtMi45M1Y1OC44YTIuOTMgMi45MyAwIDAgMC0yLjkzLTIuOTNjLS42OS0uNjktOC4yLTUuODYtMjkuMzItNS44NmgtMi45M2MtMS44MyAwLTMuNTIuMDctNS4wOC4yMS05LjM4LjU2LTE0LjQ2IDIuMTktMTkuNjMgNC43Ni0uNTQuMi0yLjM4Ljc5LTQuNTMuODhhMTYuNTYgMTYuNTYgMCAwIDEtNC43Ny0uOTJsLS40Mi0uMnYtLjAxYy00LjktMi40NS04LjM2LTQuMTgtMjAuNTUtNC42MS0xLjE1LS4wNy0yLjM3LS4xLTMuNjYtLjFoLTIuOTNabS0xLjEyIDUuODZoMS4xMmMyLjQ0IDAgNC41OS4wMyA2LjQ4LjEgMTQuMDUuODQgMTQuMDUgNi45NSAxNC4wNSAxNC41NCAwIDguNjItNy44NCAxNC42NC0xOS4wNiAxNC42NGgtMi43NWMtMTMuNSAwLTE2LjMyLTcuOTYtMTYuMzItMTQuNjQgMC04IDAtMTQuMzcgMTYuNDgtMTQuNjRabTI2LjExIDQuMzYuMS4wMy0uMDcuMDMtLjAzLS4wNlptMTQuNTIgMC0uMDcuMDMuMDQuMDJjMC0uMDIgMC0uMDMuMDItLjA1Wm0xNi43LTQuMTJhMTI1LjIyIDEyNS4yMiAwIDAgMSA5LjQtLjI0YzE2LjQ5LjI3IDE2LjQ5IDYuNjMgMTYuNDkgMTQuNjQgMCA4LjYyLTcuODQgMTQuNjQtMTkuMDcgMTQuNjRoLTIuNzVjLTEzLjQ4IDAtMTYuMzEtNy45Ni0xNi4zMS0xNC42NCAwLTcuMjUgMC0xMy4xNSAxMi4yNC0xNC40WiIgZmlsbD0iI2ZmZGViNSIvPjxkZWZzPjxsaW5lYXJHcmFkaWVudCBpZD0iYWNjZXNzb3JpZXNXYXlmYXJlcnMtYSIgeDE9IjgwLjI5IiB5MT0iNTIuOTMiIHgyPSI4MC4yOSIgeTI9Ijg4LjA3IiBncmFkaWVudFVuaXRzPSJ1c2VyU3BhY2VPblVzZSI+PHN0b3Agc3RvcC1jb2xvcj0iI2ZmZiIgc3RvcC1vcGFjaXR5PSIuNSIvPjxzdG9wIG9mZnNldD0iLjcxIiBzdG9wLW9wYWNpdHk9Ii41Ii8+PC9saW5lYXJHcmFkaWVudD48bGluZWFyR3JhZGllbnQgaWQ9ImFjY2Vzc29yaWVzV2F5ZmFyZXJzLWIiIHgxPSI4MC4yOSIgeTE9IjUyLjkzIiB4Mj0iODAuMjkiIHkyPSI4OC4wNyIgZ3JhZGllbnRVbml0cz0idXNlclNwYWNlT25Vc2UiPjxzdG9wIHN0b3AtY29sb3I9IiNmZmYiIHN0b3Atb3BhY2l0eT0iLjUiLz48c3RvcCBvZmZzZXQ9Ii43MSIgc3RvcC1vcGFjaXR5PSIuNSIvPjwvbGluZWFyR3JhZGllbnQ+PC9kZWZzPjwvZz48L2c+PC9nPjwvc3ZnPg==', '{"personal":{"isChild":true,"sex":"Masculino","gender":"Homem cisgênero","rg":"27.340.159-7","maritalStatus":"Solteiro(a)","profession":"Estudante","company":"Escola Municipal","education":"Ensino fundamental","address":"Rua Rodrigues, 869","city":"Campinas","state":"SP","zip":"16954-850"},"clinical":{"complaint":"Ansiedade e crises de pânico","goals":"Desenvolver estratégias de enfrentamento","suffering":"Intenso","history":"Encaminhado(a) pelo clínico geral devido a queixas somáticas.","priorDiagnoses":"Nenhum","priorTreatments":"Nenhum","psychiatric":"Não","referrals":"—"},"health":{"depression":true,"anxiety":false,"tdah":false,"tag":false,"bipolar":false,"medications":"—","diseases":"Hipertensão","surgeries":"—","hospitalizations":"Não","familyHistory":"Sem histórico relevante"},"lifestyle":{"sleep":"Boa","diet":"Restritiva","sports":"Sedentário","gym":"Sim","alcohol":"Não","smoking":"Não","drugs":"Não","religion":"Espírita","spirituality":"Pouco"},"financial":{"situation":"Instável","income":"Acima de 8 salários","work":"Não se aplica","ownHome":"Sim","rent":"Não","withFamily":"Sim","debt":"Alguma","car":"Sim","motorcycle":"Não"},"interests":{"hobbies":"Culinária","music":"Pop","movies":"Comédia","books":"—","games":"—","tech":"Médio","social":"WhatsApp"},"personality":{"introvert":false,"extrovert":true,"communicative":true,"reserved":true,"organized":true,"creative":true,"impulsive":true,"notes":"Dificuldade em pedir ajuda."},"relationships":{"family":"Distante","friends":"Rede sólida","romantic":"Instável","work":"Tensa"}}', NULL, 1772809090301);
INSERT INTO sessions (id, clinic_id, patient_id, psychologist_id, occurred_at, duration_min, mood, emotional_scale, topics, objectives, techniques, evolution, next_steps, free_notes, created_at) VALUES ('f772482f-357c-4e60-a488-c005c754d005', '8bbe67c5-8a26-4bb3-93fa-274c02a8bdd2', '360a8048-e8d7-4c43-a0a4-5fd061666c36', 'b55a3cfb-a65d-4540-8821-d20f7a3c8d56', 1780844290301, 50, 'Ansioso(a)', 6, '["lazer","família","luto","ansiedade"]', 'Desenvolver estratégias de enfrentamento', 'Respiração diafragmática', 'Paciente demonstrou boa adesão às tarefas propostas.', 'Manter diário do sono.', NULL, 1780844290301);
INSERT INTO sessions (id, clinic_id, patient_id, psychologist_id, occurred_at, duration_min, mood, emotional_scale, topics, objectives, techniques, evolution, next_steps, free_notes, created_at) VALUES ('a49a0309-e1e4-4a4a-9b51-bdedd1606a00', '8bbe67c5-8a26-4bb3-93fa-274c02a8bdd2', '360a8048-e8d7-4c43-a0a4-5fd061666c36', 'b55a3cfb-a65d-4540-8821-d20f7a3c8d56', 1781449090301, 45, 'Irritado(a)', 6, '["trabalho","autoestima","finanças"]', 'Melhorar a qualidade do sono', 'Reestruturação cognitiva', 'Apresentou resistência inicial, mas engajou-se ao final da sessão.', 'Manter diário do sono.', 'Sessão produtiva. Manter plano terapêutico.', 1781449090301);
INSERT INTO sessions (id, clinic_id, patient_id, psychologist_id, occurred_at, duration_min, mood, emotional_scale, topics, objectives, techniques, evolution, next_steps, free_notes, created_at) VALUES ('3c3a674d-0468-4a17-a294-a5e56110121d', '8bbe67c5-8a26-4bb3-93fa-274c02a8bdd2', '360a8048-e8d7-4c43-a0a4-5fd061666c36', 'b55a3cfb-a65d-4540-8821-d20f7a3c8d56', 1782053890301, 50, 'Cansado(a)', 9, '["família","estudos","lazer"]', 'Melhorar a comunicação nos relacionamentos', 'Ativação comportamental', 'Semana difícil, com aumento da sintomatologia ansiosa.', 'Retomar atividade física gradualmente.', NULL, 1782053890301);
INSERT INTO sessions (id, clinic_id, patient_id, psychologist_id, occurred_at, duration_min, mood, emotional_scale, topics, objectives, techniques, evolution, next_steps, free_notes, created_at) VALUES ('37a19321-f49e-43b9-8311-f11e0caa7ac4', '8bbe67c5-8a26-4bb3-93fa-274c02a8bdd2', '360a8048-e8d7-4c43-a0a4-5fd061666c36', 'b55a3cfb-a65d-4540-8821-d20f7a3c8d56', 1782831490301, 50, 'Ansioso(a)', 3, '["luto","ansiedade"]', 'Reorganizar a rotina e o autocuidado', 'Respiração diafragmática', 'Percebe-se maior consciência emocional e vocabulário afetivo.', 'Praticar respiração diafragmática 2x ao dia.', NULL, 1782831490301);
INSERT INTO timeline_events (id, clinic_id, patient_id, session_id, title, description, event_date, category, status, source, created_at) VALUES ('82024bba-fa67-4dea-a519-e7591284dc55', '8bbe67c5-8a26-4bb3-93fa-274c02a8bdd2', '360a8048-e8d7-4c43-a0a4-5fd061666c36', NULL, 'Início do acompanhamento', 'Relatou leve melhora nos sintomas ao longo da semana.', 1778252290301, 'família', 'confirmed', 'ai', 1780153090301);
INSERT INTO timeline_events (id, clinic_id, patient_id, session_id, title, description, event_date, category, status, source, created_at) VALUES ('2786709f-0408-4000-813c-c09b0ca6f214', '8bbe67c5-8a26-4bb3-93fa-274c02a8bdd2', '360a8048-e8d7-4c43-a0a4-5fd061666c36', NULL, 'Ajuste de medicação', 'Relatou leve melhora nos sintomas ao longo da semana.', 1766415490301, 'trabalho', 'confirmed', 'manual', 1774969090301);
INSERT INTO timeline_events (id, clinic_id, patient_id, session_id, title, description, event_date, category, status, source, created_at) VALUES ('de7c4f23-bebc-43ba-af45-21f32d28c9ad', '8bbe67c5-8a26-4bb3-93fa-274c02a8bdd2', '360a8048-e8d7-4c43-a0a4-5fd061666c36', NULL, 'Viagem/afastamento', 'Percebe-se maior consciência emocional e vocabulário afetivo.', 1774537090301, 'clínico', 'confirmed', 'manual', 1771858690301);
INSERT INTO timeline_events (id, clinic_id, patient_id, session_id, title, description, event_date, category, status, source, created_at) VALUES ('3218c553-06c9-4680-b379-41b03dbc9387', '8bbe67c5-8a26-4bb3-93fa-274c02a8bdd2', '360a8048-e8d7-4c43-a0a4-5fd061666c36', '3c3a674d-0468-4a17-a294-a5e56110121d', 'Mudança de emprego', 'Relatou leve melhora nos sintomas ao longo da semana.', 1767538690301, 'família', 'suggested', 'manual', 1767970690301);
INSERT INTO timeline_events (id, clinic_id, patient_id, session_id, title, description, event_date, category, status, source, created_at) VALUES ('ebb3bfda-10f2-4608-a8c1-fcb2b90be1e6', '8bbe67c5-8a26-4bb3-93fa-274c02a8bdd2', '360a8048-e8d7-4c43-a0a4-5fd061666c36', NULL, 'Perda familiar', 'Relatou leve melhora nos sintomas ao longo da semana.', 1782140290301, 'família', 'confirmed', 'manual', 1773932290301);
INSERT INTO ai_summaries (id, clinic_id, patient_id, appointment_id, content, suggested_questions, model, status, approved_content, approved_by, approved_at, created_at) VALUES ('4077abf1-842e-46e0-8a1b-86bd655aecc2', '8bbe67c5-8a26-4bb3-93fa-274c02a8bdd2', '360a8048-e8d7-4c43-a0a4-5fd061666c36', NULL, 'Paciente em acompanhamento por dificuldade em lidar com mudanças. Ao longo das sessões observa-se evolução gradual, com melhor manejo emocional e boa adesão às técnicas propostas. Recomenda-se manter o plano terapêutico atual.', '["Como você tem dormido esta semana?","O que funcionou melhor entre as estratégias que combinamos?","Houve algum gatilho importante desde a última sessão?"]', 'vinculo-ai', 'ready', NULL, NULL, NULL, 1782831490301);
INSERT INTO ai_alerts (id, clinic_id, patient_id, type, severity, message, status, created_at) VALUES ('bd837420-359b-48c1-8f16-4714e91f77bc', '8bbe67c5-8a26-4bb3-93fa-274c02a8bdd2', '360a8048-e8d7-4c43-a0a4-5fd061666c36', 'engagement', 'low', 'Queda no engajamento com as tarefas terapêuticas.', 'reviewed', 1781017090301);
INSERT INTO ai_alerts (id, clinic_id, patient_id, type, severity, message, status, created_at) VALUES ('7bdb3474-6c1c-4c00-8e40-3d879b33342c', '8bbe67c5-8a26-4bb3-93fa-274c02a8bdd2', '360a8048-e8d7-4c43-a0a4-5fd061666c36', 'risk', 'high', 'Menção a pensamentos de desesperança na última sessão. Avaliar risco.', 'reviewed', 1781967490301);
INSERT INTO appointments (id, clinic_id, patient_id, psychologist_id, starts_at, ends_at, status, created_at) VALUES ('ebf2d5d1-cd04-40e0-b955-e0d9ebab6191', '8bbe67c5-8a26-4bb3-93fa-274c02a8bdd2', '360a8048-e8d7-4c43-a0a4-5fd061666c36', 'b55a3cfb-a65d-4540-8821-d20f7a3c8d56', 1782313090301, 1782316090301, 'done', 1781794690301);
INSERT INTO appointments (id, clinic_id, patient_id, psychologist_id, starts_at, ends_at, status, created_at) VALUES ('81068f19-bfd1-4c4f-9844-0102a1379fbd', '8bbe67c5-8a26-4bb3-93fa-274c02a8bdd2', '360a8048-e8d7-4c43-a0a4-5fd061666c36', 'b55a3cfb-a65d-4540-8821-d20f7a3c8d56', 1782917890301, 1782920890301, 'done', 1782485890301);
INSERT INTO consents (id, clinic_id, patient_id, type, version, granted_at, ip, revoked_at, created_at) VALUES ('e060c641-34cd-4141-b968-17bca1179ccd', '8bbe67c5-8a26-4bb3-93fa-274c02a8bdd2', '360a8048-e8d7-4c43-a0a4-5fd061666c36', 'general', '1.0', 1772809090301, '189.198.55.125', NULL, 1772809090301);
INSERT INTO consents (id, clinic_id, patient_id, type, version, granted_at, ip, revoked_at, created_at) VALUES ('21a5f5e1-2ea1-4b8a-a912-cb1620876e00', '8bbe67c5-8a26-4bb3-93fa-274c02a8bdd2', '360a8048-e8d7-4c43-a0a4-5fd061666c36', 'ai', '1.0', 1772809090301, '189.140.128.79', NULL, 1772809090301);
INSERT INTO patients (id, clinic_id, psychologist_id, full_name, social_name, cpf, email, phone, whatsapp, birth_date, status, photo, profile, deleted_at, created_at) VALUES ('4964cc0c-1ab7-4bd2-9384-b81773709b3b', '8bbe67c5-8a26-4bb3-93fa-274c02a8bdd2', 'b55a3cfb-a65d-4540-8821-d20f7a3c8d56', 'Gabriela Mendes Almeida', NULL, '127.057.499-61', 'gabriela.13@email.com', '(94) 96080-4917', '(96) 93964-7154', 915461890301, 'inactive', 'data:image/svg+xml;base64,PHN2ZyB4bWxucz0iaHR0cDovL3d3dy53My5vcmcvMjAwMC9zdmciIHZpZXdCb3g9IjAgMCAyODAgMjgwIiBmaWxsPSJub25lIiBzaGFwZS1yZW5kZXJpbmc9ImF1dG8iPjxtZXRhZGF0YSB4bWxuczpyZGY9Imh0dHA6Ly93d3cudzMub3JnLzE5OTkvMDIvMjItcmRmLXN5bnRheC1ucyMiIHhtbG5zOnhzaT0iaHR0cDovL3d3dy53My5vcmcvMjAwMS9YTUxTY2hlbWEtaW5zdGFuY2UiIHhtbG5zOmRjPSJodHRwOi8vcHVybC5vcmcvZGMvZWxlbWVudHMvMS4xLyIgeG1sbnM6ZGN0ZXJtcz0iaHR0cDovL3B1cmwub3JnL2RjL3Rlcm1zLyI+PHJkZjpSREY+PHJkZjpEZXNjcmlwdGlvbj48ZGM6dGl0bGU+QXZhdGFhYXJzPC9kYzp0aXRsZT48ZGM6Y3JlYXRvcj5QYWJsbyBTdGFubGV5PC9kYzpjcmVhdG9yPjxkYzpzb3VyY2UgeHNpOnR5cGU9ImRjdGVybXM6VVJJIj5odHRwczovL2F2YXRhYWFycy5jb20vPC9kYzpzb3VyY2U+PGRjdGVybXM6bGljZW5zZSB4c2k6dHlwZT0iZGN0ZXJtczpVUkkiPmh0dHBzOi8vYXZhdGFhYXJzLmNvbS88L2RjdGVybXM6bGljZW5zZT48ZGM6cmlnaHRzPlJlbWl4IG9mIOKAnkF2YXRhYWFyc+KAnSAoaHR0cHM6Ly9hdmF0YWFhcnMuY29tLykgYnkg4oCeUGFibG8gU3RhbmxleeKAnSwgbGljZW5zZWQgdW5kZXIg4oCeRnJlZSBmb3IgcGVyc29uYWwgYW5kIGNvbW1lcmNpYWwgdXNl4oCdIChodHRwczovL2F2YXRhYWFycy5jb20vKTwvZGM6cmlnaHRzPjwvcmRmOkRlc2NyaXB0aW9uPjwvcmRmOlJERj48L21ldGFkYXRhPjxtYXNrIGlkPSJ2aWV3Ym94TWFzayI+PHJlY3Qgd2lkdGg9IjI4MCIgaGVpZ2h0PSIyODAiIHJ4PSIxNDAiIHJ5PSIxNDAiIHg9IjAiIHk9IjAiIGZpbGw9IiNmZmYiIC8+PC9tYXNrPjxnIG1hc2s9InVybCgjdmlld2JveE1hc2spIj48cmVjdCBmaWxsPSIjYjZlM2Y0IiB3aWR0aD0iMjgwIiBoZWlnaHQ9IjI4MCIgeD0iMCIgeT0iMCIgLz48ZyB0cmFuc2Zvcm09InRyYW5zbGF0ZSg4KSI+PHBhdGggZD0iTTEzMiAzNmE1NiA1NiAwIDAgMC01NiA1NnY2LjE3QTEyIDEyIDAgMCAwIDY2IDExMHYxNGExMiAxMiAwIDAgMCAxMC4zIDExLjg4IDU2LjA0IDU2LjA0IDAgMCAwIDMxLjcgNDQuNzN2MTguNGgtNGE3MiA3MiAwIDAgMC03MiA3MnY5aDIwMHYtOWE3MiA3MiAwIDAgMC03Mi03MmgtNHYtMTguMzlhNTYuMDQgNTYuMDQgMCAwIDAgMzEuNy00NC43M0ExMiAxMiAwIDAgMCAxOTggMTI0di0xNGExMiAxMiAwIDAgMC0xMC0xMS44M1Y5MmE1NiA1NiAwIDAgMC01Ni01NloiIGZpbGw9IiNmZDk4NDEiLz48cGF0aCBkPSJNMTA4IDE4MC42MXY4YTU1Ljc5IDU1Ljc5IDAgMCAwIDI0IDUuMzljOC41OSAwIDE2LjczLTEuOTMgMjQtNS4zOXYtOGE1NS43OSA1NS43OSAwIDAgMS0yNCA1LjM5IDU1Ljc5IDU1Ljc5IDAgMCAxLTI0LTUuMzlaIiBmaWxsPSIjMDAwIiBmaWxsLW9wYWNpdHk9Ii4xIi8+PGcgdHJhbnNmb3JtPSJ0cmFuc2xhdGUoMCAxNzApIj48cGF0aCBkPSJNMTA4IDE0LjdjLTE1LjUyIDMuNjgtMjcuMSAxMC44My0zMC43NyAxOS40NEE3Mi4wMiA3Mi4wMiAwIDAgMCAzMiAxMDF2OWgyMDB2LTlhNzIuMDIgNzIuMDIgMCAwIDAtNDUuMjMtNjYuODZDMTgzLjEgMjUuNTMgMTcxLjUyIDE4LjM4IDE1NiAxNC43VjMyYTI0IDI0IDAgMSAxLTQ4IDBWMTQuN1oiIGZpbGw9IiNmZmZmZmYiLz48cGF0aCBkPSJNMTAyIDYzLjM0YTY3LjEgNjcuMSAwIDAgMS03LTIuODJWMTEwaDdWNjMuMzRaTTE2MiA2My4zNGE2Ny4wNCA2Ny4wNCAwIDAgMCA3LTIuODJWOTguNWEzLjUgMy41IDAgMSAxLTcgMFY2My4zNFoiIGZpbGw9IiNGNEY0RjQiLz48cGF0aCBkPSJNMTg3LjYyIDM0LjQ5YTcxLjc5IDcxLjc5IDAgMCAxIDEwLjgzIDUuNjNDMTk3LjExIDU1LjYyIDE2Ny44NyA2OCAxMzIgNjhjMzAuOTMgMCA1Ni0xMy40MyA1Ni0zMCAwLTEuMTktLjEzLTIuMzYtLjM4LTMuNTFaTTc2LjM4IDM0LjQ5YTE2LjQ4IDE2LjQ4IDAgMCAwLS4zOCAzLjVjMCAxNi41OCAyNS4wNyAzMCA1NiAzMC0zNS44NyAwLTY1LjEtMTIuMzgtNjYuNDUtMjcuODhhNzEuNzkgNzEuNzkgMCAwIDEgMTAuODMtNS42M1oiIGZpbGw9IiMwMDAiIGZpbGwtb3BhY2l0eT0iLjE2Ii8+PC9nPjxnIHRyYW5zZm9ybT0idHJhbnNsYXRlKDc4IDEzNCkiPjxyZWN0IHg9IjIyIiB5PSI3IiB3aWR0aD0iNjQiIGhlaWdodD0iMjYiIHJ4PSIxMyIgZmlsbD0iIzAwMCIgZmlsbC1vcGFjaXR5PSIuNiIvPjxyZWN0IHg9IjI0IiB5PSI5IiB3aWR0aD0iNjAiIGhlaWdodD0iMjIiIHJ4PSIxMSIgZmlsbD0iI2ZmZiIvPjxwYXRoIGQ9Ik0yNC4xOCAxOEgzMlY5LjQxQTExIDExIDAgMCAxIDM1IDloMXY5aDlWOWg0djloOVY5aDR2OWg5VjloMmMuNjggMCAxLjM1LjA2IDIgLjE4VjE4aDguODJsLjA1LjI4djMuNDRsLS4wNS4yOEg3NXY4LjgyYy0uNjUuMTItMS4zMi4xOC0yIC4xOGgtMnYtOWgtOXY5aC00di05aC05djloLTR2LTloLTl2OWgtMWExMSAxMSAwIDAgMS0zLS40MVYyMmgtNy44MmExMS4wNiAxMS4wNiAwIDAgMSAwLTRaIiBmaWxsPSIjRTZFNkU2Ii8+PC9nPjxnIHRyYW5zZm9ybT0idHJhbnNsYXRlKDEwNCAxMjIpIj48cGF0aCBmaWxsLXJ1bGU9ImV2ZW5vZGQiIGNsaXAtcnVsZT0iZXZlbm9kZCIgZD0iTTE2IDhjMCA0LjQyIDUuMzcgOCAxMiA4czEyLTMuNTggMTItOCIgZmlsbD0iIzAwMCIgZmlsbC1vcGFjaXR5PSIuMTYiLz48L2c+PGcgdHJhbnNmb3JtPSJ0cmFuc2xhdGUoNzYgOTApIj48cGF0aCBkPSJNNDQgMjJhMTQgMTQgMCAxIDEtMjggMCAxNCAxNCAwIDAgMSAyOCAwWk05NiAyMmExNCAxNCAwIDEgMS0yOCAwIDE0IDE0IDAgMCAxIDI4IDBaIiBmaWxsPSIjZmZmIi8+PHBhdGggZD0iTTM2IDE0YTYgNiAwIDEgMS0xMiAwIDYgNiAwIDAgMSAxMiAwWk04OCAxNGE2IDYgMCAxIDEtMTIgMCA2IDYgMCAwIDEgMTIgMFoiIGZpbGw9IiMwMDAiIGZpbGwtb3BhY2l0eT0iLjciLz48L2c+PGcgdHJhbnNmb3JtPSJ0cmFuc2xhdGUoNzYgODIpIj48cGF0aCBkPSJNMzYuMzcgNi44OGMtMS45NyAyLjktNS41NSA0LjY0LTguNzQgNS42OC0zLjk0IDEuMjktMTguNTUgMy4zOC0xNS4xMSAxMS4zNS4wNS4xMi4yMi4xMi4yNyAwIDEuMTUtMi42NSAxNy40Ny01LjEyIDE4Ljk3LTUuNyA0LjQ1LTEuNzEgOC40LTUuNSA5LjE3LTEwLjU1LjM1LTIuMzEtLjY0LTYuMDUtMS41NS03LjU1LS4xMS0uMTgtLjM3LS4xMy0uNDMuMDctLjM2IDEuMzMtMS40MSA0Ljk3LTIuNTggNi43Wk03NS42MyA2Ljg4YzEuOTcgMi45IDUuNTUgNC42NCA4Ljc0IDUuNjggMy45NCAxLjI5IDE4LjU1IDMuMzggMTUuMTEgMTEuMzVhLjE1LjE1IDAgMCAxLS4yNyAwYy0xLjE1LTIuNjUtMTcuNDctNS4xMi0xOC45Ny01LjctNC40NS0xLjcxLTguNC01LjUtOS4xNy0xMC41NS0uMzUtMi4zMS42NC02LjA1IDEuNTUtNy41NS4xMS0uMTguMzctLjEzLjQzLjA3LjM2IDEuMzMgMS40MSA0Ljk3IDIuNTggNi43WiIgZmlsbC1ydWxlPSJldmVub2RkIiBjbGlwLXJ1bGU9ImV2ZW5vZGQiIGZpbGw9IiMwMDAiIGZpbGwtb3BhY2l0eT0iLjYiLz48L2c+PGcgdHJhbnNmb3JtPSJ0cmFuc2xhdGUoLTEpIj48cGF0aCBmaWxsLXJ1bGU9ImV2ZW5vZGQiIGNsaXAtcnVsZT0iZXZlbm9kZCIgZD0iTTIxOC4yIDEwNy4xNmExMi4yIDEyLjIgMCAwIDEtNi4yNS01LjU2IDkuNjIgOS42MiAwIDAgMSAxLjk1LS4xM2MyLjI3LS4wMiA1LjE1LS4wNCA0LjYyLTIuODctLjU3LTIuOTgtNS40LTIuMDctNy4yOC0xLjYuNTgtLjM2IDEuMzQtLjQ5IDIuMTItLjYyIDEuNDktLjI1IDMtLjUxIDMuMzEtMi4zMy41My0zLjE4LTMuMjktMy4wOC01LjA4LTIuNC0uMjYtMi4xMiAyLTMuODkgNC4xNC01LjU1IDEuMjUtLjk3IDIuNDUtMS45IDMuMDgtMi44NS4xMy0uMi4yOS0uMzguNDMtLjU1LjQ3LS41My44Ni0uOTcuMzEtMi4wOC0xLjE2LTIuMzUtMy45NS4zMi01LjM0IDEuNjZsLS40NS40M2MuODgtMS42MyAzLjMyLTguNCAyLjk1LTEwLjEzLS41NC0yLjUyLTIuMzQtMi42MS0zLjc4LS41Ni0uNjIuODgtLjk0IDIuNjUtMS4yMyA0LjI2LS4xNS44MS0uMjkgMS41OC0uNDUgMi4xNi0uODctLjY1LTEuMzktLjctMS43LS43NC0uNDMtLjA0LS40OS0uMDUtLjU1LTEuNDUtLjA0LTEuMDIuOC0yLjcgMS41Ni00LjE2LjQtLjguNzktMS41NC45Ny0yLjA5LjA4LS4yNC4yLS41MS4zLS44MS41My0xLjM2IDEuMjQtMy4xOC42NS00LjIzLTEuNzgtMy4xNS0zLjQ4IDEuMTctMy45NCAyLjY1LS41LTIuMTQuNS0zLjk3IDEuNTMtNS44OC42LTEuMTMgMS4yNC0yLjMgMS41Ny0zLjU1LjU0LTIuMDUgMS45Ny03LjU4LS41MS04LjU2LTIuNDgtLjk4LTIuNTEgMi4xMi0yLjUzIDQuNjYtLjAxLjkzLS4wMiAxLjc5LS4xNSAyLjM0bC0uMDMuMTNjLS4zNyAxLjU3LS45MiAzLjk3LTIuMSA0LjcxLS4xOC4xMS0yLjgzLjM0LTIuOTYuMi0xLjEtMS4yOS40Mi0zLjUzIDEuNzQtNS40OS43Ni0xLjEzIDEuNDYtMi4xNyAxLjU1LTIuODcuMjItMS43My0uNDQtMi44Mi0yLjA2LTIuOTItLjQ3LS4wMy0xLjEuMzYtMS42MS43LS40LjI0LS43My40NS0uODkuNDEtMS4wNy0uMjMtLjM2LTMuODIuMTctNi41LjItMS4wNC4zOC0xLjk0LjQyLTIuNDYuMTUtMi0uMS03LjE3LTMuNDgtNC43OWwuMTYtMi4wNmMuMTUtMS45NS4zLTMuODYuNTctNS44My4wNS0uMzcuMTgtLjczLjMtMS4wOC4zMi0uOTcuNjMtMS44Ni0uNjctMi42OS0yLjE2LTEuMzYtMy4zNiAxLjUtMy44NSAzLjE3LS4yNi45LS4yNyAxLjkzLS4yOCAyLjk1LS4wNCAyLjI5LS4wNyA0LjQ1LTIuODcgNC41Mi0zLjM3LjA3LTIuNjMtMi40Mi0xLjg3LTQuOTkuMjktMSAuNTktMiAuNjUtMi44OC4xMy0xLjc0LTEuMDEtNi40Mi0zLjI2LTMuMjYtLjUzLjczLS42NCAyLjU2LS43NCA0LjI1LS4wNyAxLjE5LS4xNCAyLjMtLjM0IDIuOTItLjU2LS4yNS0uMzctMS40LS4xNy0yLjYxLjItMS4yLjQxLTIuNDQtLjA2LTIuOTUtMS41LTEuNjQtMi44Mi0uMzYtMy45NC43Mi0uNDEuNC0uOC43OS0xLjE2Ljk3bC0uMDgtMS4yMmMtLjA2LTEuMDQtLjEzLTIuMDgtLjE3LTMuMTItLjAzLS43Mi4xLTEuNy4yMi0yLjc1LjI4LTIuMTUuNTgtNC41OC0uMzQtNS42LTIuMzMtMi41OS0zLjgyLjQzLTQuNSAyLjUzLS4xLjI4LS4xOC41Ny0uMjUuODUtLjQ1IDEuNTYtLjgzIDIuOTMtMi45OCAzLjE1LjA4LTEuMS0uMjgtMi43LS42NS00LjM4LS41NC0yLjQzLTEuMTItNS0uMzktNi4zNS4yNy0uNS42Ny0uNTkgMS4wNy0uNjguNDItLjA5Ljg1LS4xOCAxLjEtLjc4LjgzLTEuOS0uNTEtMi43MS0xLjk4LTIuNzctNC4xNy0uMTgtMy44IDMuMzEtMy40NiA2LjU4LjIyIDIuMDQuNDIgNC0uNSA0LjktLjU1LS41LS41NC0xLjAzLS41Mi0xLjYuMDEtLjYuMDMtMS4yNC0uNTUtMS45OS0xLjIyLTEuNi0zLjE3LTEuNDYtNC45Mi0uNzMgMC0uMy4wNi0uOTMuMTYtMS43Mi40MS0zLjUgMS4yLTEwLjI3LTMuMjQtNi4xLS44Mi43Ny0xIDEuODYtMS4xOCAyLjkzLS4xMi43LS4yMyAxLjM3LS41MSAxLjk1LS43IDEuNDUtMi40IDMuNi0zLjM0IDQuNzgtLjQ3LTEuOTIuMTYtNC4yNi43LTYuMjJsLjEyLS40NWMuMTItLjQ1LjQ2LTEuMi44NS0yLjA3Ljg0LTEuODQgMS45LTQuMiAxLjUzLTUuMTctMS4yNy0zLjM4LTQuNjMuNS02LjUyIDIuNjgtLjQ1LjUxLS44Ljk0LTEuMDUgMS4xNS0xLjU4IDEuNC03Ljg4IDYuMDQtOS45IDQuNjQtLjMyLS4yMy0uMzYtLjc0LS40LTEuMy0uMDUtLjY1LS4xMS0xLjM4LS42Mi0xLjgzLS40OC0uNC0yLjQ4LS42LTMuMDYtLjU0LjM2LTEuNS0uMzQtMy40My0yLjA1LTIuOS0xLjIzLjM2LTEuNDUgMS41Ni0xLjY3IDIuNzQtLjE2Ljg4LS4zMyAxLjc1LS45MSAyLjI1LTEuNSAxLjI5LTMuMTcuMy00Ljg0LS42OC0xLjE1LS42OC0yLjMtMS4zNi0zLjQtMS4zLjA3LS4zMi4yMi0uNzYuNC0xLjI4Ljg0LTIuNDQgMi4yMi02LjQ1LTEuOC00Ljg3LTEuMjUuNDktMi4xMyAzLjM1LTIuNDUgNC41NC0uMTQuNTUtLjI0IDEuMDItLjMyIDEuNDItLjM5IDEuODItLjUgMi4zMi0zLjE4IDMuMDMuMDktLjYzLjA5LTEuMy4xLTEuOTggMC0xLjI1IDAtMi41My41NS0zLjU0LjE0LS4yOC40LS42My43LTEuMDMgMS4xNi0xLjUzIDIuODEtMy43MS0uMjQtNC4wNS0zLjc4LS40LTQuMjYgNC42OC00LjU5IDguMTctLjA4LjktLjE2IDEuNy0uMjggMi4yNy00LjEyLTIuNS02Ljg2Ljk2LTkuMzMgNC4wN2wtLjE1LjE5Yy40NS0xLjQyIDEuNTYtMTUuNTYtMi45Ni0xMS4yNC0uODQuOC0uNTMgMS44NC0uMjQgMi44Ny4xNi41NS4zMiAxLjEuMjkgMS42LS4wOCAxLjI5LS41IDIuNDMtMSAzLjYyYTI0LjUyIDI0LjUyIDAgMCAxLTIuOTcgNS41M2MtLjMuNC0uNTMuNzMtLjcxLjk5LS4zMi40Ni0uNDguNy0uNjkuNzQtLjIyLjA0LS40OC0uMTctMS4wNC0uNjFhNTguNyA1OC43IDAgMCAwLS4zOC0uM2MtMi40My0xLjg3LTMuNTgtNi42Mi0zLjQ2LTkuNTIgMC0uMzUuMDUtLjc2LjEtMS4xOS4yMi0yLjI0LjUxLTUuMi0yLjUtNC4zNS0zLjAxLjg2LTIuMDUgNi4xNS0xLjUgOS4ybC4yMSAxLjI2Yy40IDIuNjkuNjUgNS40My4yIDguMTctMi4zLTIuMzYtMy4wOS44Ny0zLjYgMi45Ny0uMTYuNjMtLjI4IDEuMTYtLjQyIDEuNC0uNyAxLjI2LTEuODQgMi4wNy0yLjk4IDIuODYtLjQ2LjMzLS45My42NS0xLjM2IDEtLjQyLTEuNDcuMjgtMi44My45My00LjEuNTktMS4xNSAxLjE0LTIuMjMuODQtMy4yNy0xLjEtMy44Ny00LjEuOTMtNS4xMSAyLjU1bC0uMi4zMmMtLjI0LjM3LS42OSAxLjQyLTEuMTkgMi41OS0uOCAxLjg2LTEuNzMgNC4wNC0yLjE3IDQuMzQtMS4wMy42OS03LjYtMi41My04LjI4LTMuMTQtLjU1LS41MS0uNzYtMS40NS0uOTctMi4zOC0uMjUtMS4xMS0uNS0yLjIyLTEuMzQtMi42MS00LjcyLTIuMi0xLjkzIDUuNzMtMSA3LjM3YTI0LjMgMjQuMyAwIDAgMSAyLjk0IDE0LjUgNi40IDYuNCAwIDAgMS0yLjQ2LTIuMDcgNi4yOCA2LjI4IDAgMCAxLS44Ny0yLjUzYy0uMTktLjk2LS4zNi0xLjg4LS45NC0yLjQ2LTMuMy0zLjI4LTMuNjggMi44OC0zLjQgNC44LjMyIDIuMzUgMS4yIDMuNjYgMi4yIDUuMTMuNTEuNzYgMS4wNiAxLjU3IDEuNTcgMi42Ljk0IDEuOS4zNyA0LjA3LS4yIDYuMjMtLjI1Ljk3LS41MSAxLjk1LS42MyAyLjktMy40My0zLjMtMTguMi0uNTUtMTQuNCA0LjUgMS4xNyAxLjU1IDIuNDcuNDQgMy44LS43LjkzLS44IDEuODctMS42IDIuOC0xLjU1IDQuMDkuMjIgNi4yNCA1LjMgNS45NyA4Ljg0LS41LTEuOS0yLjQyLTMuNzYtMy43NS0xLjQ0LS44IDEuNC4zMiAzLjY3IDEuMSA1LjI1bC4yOC41N2MtLjktLjQ0LTUuMzctMi41Mi02LjI1LTIuMTYtMy40NCAxLjQxIDEuMyA0LjE1IDIuNTQgNC43IDQuMjIgMS44NyA2Ljg5IDMuOTIgOC4yIDguOTktMS40My0uNDYtMS44NS0xLjA1LTIuMy0xLjctLjMtLjQzLS42Mi0uODgtMS4yNS0xLjM0LS45NS0uNy0xLjQtLjctMS45Ni0uNzMtLjMxIDAtLjY2LS4wMi0xLjEzLS4xNGwtLjA3LS4wMmMtMi4zNi0uNi01LjQtMS40LTguMDQtLjMtMS45Ny44Mi01LjMgMy4zMS01LjkgNS42NS0uNzcgMi44Ny44NCAzLjYgMi45IDIuMTRhOS43NyA5Ljc3IDAgMCAwIDIuMDgtMi4yM2MxLjA5LTEuNDUgMi4xMi0yLjgyIDQuNS0yLjczYTYuNiA2LjYgMCAwIDEgNC42NCAyLjMzYy40NC41My44IDEuMTkgMS4xNCAxLjg1LjMuNTcuNiAxLjE1Ljk4IDEuNjQuMjguMzguNzUuODIgMS4yMyAxLjI3LjczLjY4IDEuNDkgMS40IDEuNzMgMS45OSAxLjMgMy4zLS44NyA2LjI3LTIuNjMgOC42OGwtLjQ2LjYzYy0uNDItLjU1LTMuNDctMS43Ni00LjEtMS44OC0yLjk1LS41Ni00LjA1LjgtMi4yIDMuNTIuMy40NS44Ljc3IDEuMjggMS4wOC40My4yOC44NS41NSAxLjE1LjkxLjM3LjQ1LjY2IDEuMDMuOTQgMS42MS4yNy41NC41NCAxLjA4Ljg4IDEuNTMuOTIgMS4yNCAyIDIuMDggMy4xIDIuOTQuNTUuNDQgMS4xMi44OCAxLjY4IDEuMzktLjMzLjIxLS40Ni4wMi0uNi0uMTctLjEyLS4xNy0uMjUtLjM0LS41LS4yNC0uMi4wNy0uNDcuMDQtLjc1IDAtLjMtLjA0LS42MS0uMDgtLjg3IDAtLjQ3LjE2LS42NC42OC0uNzkgMS4xNS0uMTIuMzYtLjIzLjctLjQ2Ljc5LTEuOTEuNzYtMy44NC0uNTgtNS43LTEuODYtMS4zNC0uOTQtMi42NC0xLjg1LTMuODktMS45Mi0xLjYxLS4wOC0yLjk3IDEtMi4yIDMuMDMuNDQgMS4xMyAyLjA0IDEuODUgMy4yNSAyLjRsLjc5LjM2YzMuMjQgMS42NSA2LjQ4IDIuODcgOS45NSAxLjZhMTQuNzMgMTQuNzMgMCAwIDAgOS42NyAzLjY5Yy0yLjAxIDEtNCAyLjIzLTQuNyA0LjcyYTEyLjMgMTIuMyAwIDAgMS0uOS0xLjE3Yy0xLjQxLTEuOTUtMy41Mi00Ljg4LTQuNzQtMS4zLTEuMDQgMy4xIDMuNzMgNi44NyA1LjkzIDguMjctMi41Ni43NS00LjY4LjktNy4yOC42LS4zLS4wMy0uNjYtLjE0LTEuMDQtLjI1LTEuNC0uNDMtMy4wNi0uOTItMi4yIDIgMS4xMyAzLjgzIDcuNTkgMi4zNyAxMC4xMyAxLjYyLTEuNzggMS41LTkuNTYgMTEuNy0yLjggOS4zOS45NS0uMzMgMS41My0xLjM0IDIuMTMtMi40Ljc3LTEuMzUgMS41OC0yLjc3IDMuMjgtMi45OCAyLjQ4LS4zIDMuMzggMS4zNyA0LjQxIDMuMjguNDMuNzkuODggMS42MiAxLjQ3IDIuMzcuMzkuNDkgMS4zIDEuMjEgMi4yOCAxLjk4IDEuNTggMS4yNCAzLjMgMi42IDMuMTcgMy4yOC0uMS40Ni0uNzIuODItMS40IDEuMjEtLjc3LjQ0LTEuNi45Mi0xLjkgMS42Mi0uNjIgMS41NS0uMzQgMi43NS41NCA0LjA4IDEuMTcgMS43OCAzLjA5IDIuNCA0LjkyIDMuMDEuNTguMiAxLjE0LjM4IDEuNjcuNiAzLjE3IDEuMjkgNC4zMSAyLjg2IDUuNzMgNi4yMS0yLjUuMTItOS42MiA3LjM2LTUuMjYgOC42NSAxLjEyLjMzIDEuMzUtLjI1IDEuNi0uOTEuMTItLjMuMjQtLjYuNDUtLjg2bC41NS0xLjAyLjI3LS41MmMuNDYtMS4yLjk3LTEuMjcgMS41Mi0uMjIuMDctLjAyLjQ3LjA4LjkuMTguNDIuMS44OC4yMiAxLjA1LjIzIDEuMTkuMDcgMi4xLS41MyAzLjAzLTEuMTUuNC0uMjYuOC0uNTMgMS4yNC0uNzUuMzEtLjE1LjYyLS4yNS45My0uMzUuNjgtLjIyIDEuMzMtLjQyIDEuODYtMS4yMy0uMDkuMTMuNTYtMi41MS41Ny0yLjU0LjEzLS4zMS4zOC0uNDUuNjMtLjYuMjUtLjEzLjUxLS4yOC42OC0uNjNhNTUuOCA1NS44IDAgMCAxLTE1LjUtMzQuNDdBMTIgMTIgMCAwIDEgNjkgMTIzdi0xM2ExMiAxMiAwIDAgMSA3LjUtMTEuMTNjLjUzLjM4IDEuMjcgMCAxLjUtLjg0LS40Ni0xLjUgMy4zLTI3Ljg1IDEzLTM0Ljg3IDMuNjItMi40NCAyMy0yLjYyIDQyLjMxLTIuNiAxOS4xIDAgMzguMTEuMTggNDEuNjkgMi42IDkuNyA3LjAyIDEzLjQ2IDMzLjM3IDEzIDM0Ljg3LjIzLjg0Ljk3IDEuMjIgMS41Ljg0QTEyIDEyIDAgMCAxIDE5NyAxMTB2MTNhMTIgMTIgMCAwIDEtOC4xNyAxMS4zOCA1NS43IDU1LjcgMCAwIDEtMTEuMDcgMjkuMjhjLjIuODEuNCAxLjYzLjU1IDIuNS4xOCAxLjEuMjMgMi4xNC4yOCAzLjE1LjEgMi4wNC4xOSAzLjk0IDEuMzcgNS45NS4xOS4zMy40Mi42LjY2Ljg2LjMzLjM4LjY2Ljc2Ljg2IDEuMjguMTYuNDQuMiAxLjA1LjI1IDEuNjguMSAxLjQuMiAyLjkyIDEuNyAyLjkyIDMuMSAwIDEuMzctNS45Ny42LTcuMzgtLjMtLjU0LS41Ny0xLS44Mi0xLjQxLTEuMDMtMS43NC0xLjYzLTIuNzQtMS41Ny01LjY0IDEuNzUgMS4xNiA3LjUzIDMuMzggOS40NSAyLjMyIDMuNS0xLjk0LTIuNjktMy45LTUuODMtNC44OWExMS43IDExLjcgMCAwIDEtMS42LS41NmMuNjMtLjYzIDEuMy0xLjE0IDEuOTctMS42NiAxLjEzLS44NiAyLjI1LTEuNzIgMy4yMi0zLjEuMjUtLjM0LjQ5LS43Mi43My0xLjExIDEuMDEtMS42IDIuMS0zLjMgMy44Mi0zLjM4LjQtLjAyIDEuMDQuMyAxLjc3LjY1IDEuNDYuNyAzLjI0IDEuNTYgMy45NC4yMS43NC0xLjQtLjI2LTEuODktMS4xNS0yLjMzLS4yOS0uMTQtLjU3LS4yOC0uNzctLjQ0LS41NS0uNDUtLjk1LS41Ny0xLjItLjY1LS40NS0uMTMtLjUtLjE0LS4yNy0xLjQ5IDEuMSAxLjE3IDIuOC40MyAzLjI1LTEuMDEuMy0uOTItLjE2LTEuNDYtLjU2LTEuOTUtLjI4LS4zNC0uNTUtLjY2LS41NC0xLjA3IDAgLjQuODQtNS4xMS43LTQuOTMuODUtMS4xMiAzLjgxLS44IDUuMzQtLjYzaC4wN2MyLjEzLjI0IDIuMTcuMzEgMy4wMyAyLjAybC4yMi40MmMuODggMS43MiAzLjIgNS4xOCAzLjcuNjQuMTMtMS4wOC0uODYtMy40LTEuNDQtNC4zNGE1LjEyIDUuMTIgMCAwIDAtMS42LTEuMzNjLS41OC0uMzctMS4xMi0uNzEtMS4zMS0xLjEtLjQ4LS45NC4wOC0yLjQ3LjY4LTQuMTIuNTktMS42MSAxLjIyLTMuMzMuOTYtNC43My4zLjEyLjczLjcgMS4yMyAxLjM4IDEuMjkgMS43NSAzIDQuMDcgMy45Ni4yMi4zMy0xLjI3LTEuMDEtMy4yNS0yLjI3LTUuMTItMS40OC0yLjItMi44Ni00LjI1LTEuMjQtNC43NiAyLjI5LS43MyA0LjYxIDIuMjIgNS4yNSA0LjA0LjIuNTYuMjcgMS4zNy4zNSAyLjIyLjEyIDEuMi4yNCAyLjQ4LjcyIDMuMTQgMy4wMyA0LjIgMy40LTIuNzUgMy4xNi00LjU4LS41Ni00LjAyLTEuOTktNi45OC01LjYzLTguNSAxLjE0LTEuNDIgMC0yLjU4LS45MS0zLjUzbC0uMzYtLjM3Yy41NS0uNiAyLjIyLS43NSA0LS45MSAzLjEzLS4yOCA2LjYyLS42IDUuMi0zLjQyLS4zOS0uNzgtMS41My0xLjEtMi41LTEuMzYtLjM2LS4xLS43LS4xOS0uOTYtLjNaTTU5LjUgMTM4LjhjMC0uMTQtLjEzLS4wOS0uMzYuMWwuMzUtLjFaIiBmaWxsPSIjZDZiMzcwIi8+PC9nPjxnIHRyYW5zZm9ybT0idHJhbnNsYXRlKDQ5IDcyKSI+PC9nPjxnIHRyYW5zZm9ybT0idHJhbnNsYXRlKDYyIDQyKSI+PC9nPjwvZz48L2c+PC9zdmc+', '{"personal":{"isChild":false,"sex":"Feminino","gender":"Mulher cisgênero","rg":"52.191.262-7","maritalStatus":"Solteiro(a)","profession":"Servidor público","company":"Empresa privada","education":"Superior completo","address":"Rua Teixeira, 216","city":"Rio de Janeiro","state":"RJ","zip":"24655-132"},"clinical":{"complaint":"Dificuldade em lidar com mudanças","goals":"Reorganizar a rotina e o autocuidado","suffering":"Leve","history":"Histórico familiar de transtornos de humor. Acompanhamento psiquiátrico em paralelo.","priorDiagnoses":"Nenhum","priorTreatments":"Nenhum","psychiatric":"Não","referrals":"Encaminhado pelo clínico geral"},"health":{"depression":false,"anxiety":true,"tdah":false,"tag":false,"bipolar":false,"medications":"—","diseases":"—","surgeries":"—","hospitalizations":"Não","familyHistory":"Sem histórico relevante"},"lifestyle":{"sleep":"Insônia frequente","diet":"Restritiva","sports":"Sedentário","gym":"Sim","alcohol":"Social","smoking":"Não","drugs":"Não","religion":"Budista","spirituality":"Muito presente"},"financial":{"situation":"Em dificuldade","income":"4 a 8 salários","work":"Desempregado","ownHome":"Sim","rent":"Sim","withFamily":"Não","debt":"Endividado","car":"Sim","motorcycle":"Não"},"interests":{"hobbies":"Música","music":"MPB","movies":"Documentários","books":"Ficção e autoajuda","games":"Jogos casuais","tech":"Médio","social":"Pouco ativo"},"personality":{"introvert":true,"extrovert":true,"communicative":true,"reserved":false,"organized":false,"creative":false,"impulsive":false,"notes":"Dificuldade em pedir ajuda."},"relationships":{"family":"Muito próxima","friends":"Isolamento recente","romantic":"Instável","work":"Neutra"}}', NULL, 1776524290301);
INSERT INTO sessions (id, clinic_id, patient_id, psychologist_id, occurred_at, duration_min, mood, emotional_scale, topics, objectives, techniques, evolution, next_steps, free_notes, created_at) VALUES ('bcb0f05c-9905-401b-8d39-d765410ec985', '8bbe67c5-8a26-4bb3-93fa-274c02a8bdd2', '4964cc0c-1ab7-4bd2-9384-b81773709b3b', 'b55a3cfb-a65d-4540-8821-d20f7a3c8d56', 1781621890301, 45, 'Ansioso(a)', 3, '["trabalho","família","finanças"]', 'Desenvolver estratégias de enfrentamento', 'Técnicas de mindfulness', 'Relatou leve melhora nos sintomas ao longo da semana.', 'Registrar pensamentos automáticos em situações de gatilho.', 'Sessão produtiva. Manter plano terapêutico.', 1781621890301);
INSERT INTO sessions (id, clinic_id, patient_id, psychologist_id, occurred_at, duration_min, mood, emotional_scale, topics, objectives, techniques, evolution, next_steps, free_notes, created_at) VALUES ('986143c9-8f99-4bd6-a25c-dc5b1f67c733', '8bbe67c5-8a26-4bb3-93fa-274c02a8bdd2', '4964cc0c-1ab7-4bd2-9384-b81773709b3b', 'b55a3cfb-a65d-4540-8821-d20f7a3c8d56', 1782313090302, 50, 'Deprimido(a)', 7, '["lazer","finanças","sono"]', 'Melhorar a qualidade do sono', 'Ativação comportamental', 'Relatou leve melhora nos sintomas ao longo da semana.', 'Registrar pensamentos automáticos em situações de gatilho.', NULL, 1782313090302);
INSERT INTO sessions (id, clinic_id, patient_id, psychologist_id, occurred_at, duration_min, mood, emotional_scale, topics, objectives, techniques, evolution, next_steps, free_notes, created_at) VALUES ('ad0c0036-2a39-4d9e-b223-37772da38ba6', '8bbe67c5-8a26-4bb3-93fa-274c02a8bdd2', '4964cc0c-1ab7-4bd2-9384-b81773709b3b', 'b55a3cfb-a65d-4540-8821-d20f7a3c8d56', 1782658690302, 50, 'Cansado(a)', 6, '["sono","relacionamento","família","trabalho"]', 'Desenvolver estratégias de enfrentamento', 'Exposição gradual', 'Semana difícil, com aumento da sintomatologia ansiosa.', 'Manter diário do sono.', 'Sessão produtiva. Manter plano terapêutico.', 1782658690302);
INSERT INTO timeline_events (id, clinic_id, patient_id, session_id, title, description, event_date, category, status, source, created_at) VALUES ('39842e52-f050-4f83-9aa9-7dc7e1a15866', '8bbe67c5-8a26-4bb3-93fa-274c02a8bdd2', '4964cc0c-1ab7-4bd2-9384-b81773709b3b', 'ad0c0036-2a39-4d9e-b223-37772da38ba6', 'Melhora significativa', 'Percebe-se maior consciência emocional e vocabulário afetivo.', 1771340290302, 'clínico', 'suggested', 'manual', 1769698690302);
INSERT INTO timeline_events (id, clinic_id, patient_id, session_id, title, description, event_date, category, status, source, created_at) VALUES ('b7d7d708-df87-4cc6-a40c-2d69b74bc3b8', '8bbe67c5-8a26-4bb3-93fa-274c02a8bdd2', '4964cc0c-1ab7-4bd2-9384-b81773709b3b', '986143c9-8f99-4bd6-a25c-dc5b1f67c733', 'Perda familiar', 'Paciente demonstrou boa adesão às tarefas propostas.', 1778252290302, 'família', 'confirmed', 'ai', 1778857090302);
INSERT INTO timeline_events (id, clinic_id, patient_id, session_id, title, description, event_date, category, status, source, created_at) VALUES ('b30a7c13-2f99-4143-9d21-1e3529975c70', '8bbe67c5-8a26-4bb3-93fa-274c02a8bdd2', '4964cc0c-1ab7-4bd2-9384-b81773709b3b', NULL, 'Início do acompanhamento', 'Paciente demonstrou boa adesão às tarefas propostas.', 1779289090302, 'trabalho', 'confirmed', 'ai', 1777215490302);
INSERT INTO timeline_events (id, clinic_id, patient_id, session_id, title, description, event_date, category, status, source, created_at) VALUES ('342065d4-75a0-42b6-b47d-5295dea0fa72', '8bbe67c5-8a26-4bb3-93fa-274c02a8bdd2', '4964cc0c-1ab7-4bd2-9384-b81773709b3b', 'bcb0f05c-9905-401b-8d39-d765410ec985', 'Mudança de emprego', 'Paciente demonstrou boa adesão às tarefas propostas.', 1774450690302, 'clínico', 'suggested', 'manual', 1778425090302);
INSERT INTO timeline_events (id, clinic_id, patient_id, session_id, title, description, event_date, category, status, source, created_at) VALUES ('ac979996-764f-4d5c-8f23-477fb0c1bc58', '8bbe67c5-8a26-4bb3-93fa-274c02a8bdd2', '4964cc0c-1ab7-4bd2-9384-b81773709b3b', '986143c9-8f99-4bd6-a25c-dc5b1f67c733', 'Recaída pontual', 'Trouxe avanços na aplicação das técnicas no dia a dia.', 1778684290302, 'família', 'confirmed', 'ai', 1778684290302);
INSERT INTO ai_summaries (id, clinic_id, patient_id, appointment_id, content, suggested_questions, model, status, approved_content, approved_by, approved_at, created_at) VALUES ('5c3bbb6b-22c3-41ae-8bb0-233134dbdfcc', '8bbe67c5-8a26-4bb3-93fa-274c02a8bdd2', '4964cc0c-1ab7-4bd2-9384-b81773709b3b', NULL, 'Paciente em acompanhamento por luto pela perda de um familiar. Ao longo das sessões observa-se evolução gradual, com melhor manejo emocional e boa adesão às técnicas propostas. Recomenda-se manter o plano terapêutico atual.', '["Como você tem dormido esta semana?","O que funcionou melhor entre as estratégias que combinamos?","Houve algum gatilho importante desde a última sessão?"]', 'vinculo-ai', 'approved', NULL, NULL, NULL, 1782917890302);
INSERT INTO ai_alerts (id, clinic_id, patient_id, type, severity, message, status, created_at) VALUES ('71a2c0ad-b629-4030-95b9-e30cc9a04279', '8bbe67c5-8a26-4bb3-93fa-274c02a8bdd2', '4964cc0c-1ab7-4bd2-9384-b81773709b3b', 'risk', 'critical', 'Ideação com conteúdo de autolesão — atenção prioritária.', 'reviewed', 1783090690302);
INSERT INTO appointments (id, clinic_id, patient_id, psychologist_id, starts_at, ends_at, status, created_at) VALUES ('9279e0c8-6047-4b19-8aae-91526b34bdd5', '8bbe67c5-8a26-4bb3-93fa-274c02a8bdd2', '4964cc0c-1ab7-4bd2-9384-b81773709b3b', 'b55a3cfb-a65d-4540-8821-d20f7a3c8d56', 1782313090302, 1782316090302, 'done', 1781794690302);
INSERT INTO appointments (id, clinic_id, patient_id, psychologist_id, starts_at, ends_at, status, created_at) VALUES ('1a5a312c-e2d7-4ba6-be80-845ba1657f00', '8bbe67c5-8a26-4bb3-93fa-274c02a8bdd2', '4964cc0c-1ab7-4bd2-9384-b81773709b3b', 'b55a3cfb-a65d-4540-8821-d20f7a3c8d56', 1782917890302, 1782920890302, 'done', 1782485890302);
INSERT INTO consents (id, clinic_id, patient_id, type, version, granted_at, ip, revoked_at, created_at) VALUES ('b8132698-3978-4e6d-9847-5d426ad7df34', '8bbe67c5-8a26-4bb3-93fa-274c02a8bdd2', '4964cc0c-1ab7-4bd2-9384-b81773709b3b', 'general', '1.0', 1776524290301, '189.211.146.104', NULL, 1776524290301);
INSERT INTO consents (id, clinic_id, patient_id, type, version, granted_at, ip, revoked_at, created_at) VALUES ('71cf198c-e1c6-477a-9219-e91046bb509c', '8bbe67c5-8a26-4bb3-93fa-274c02a8bdd2', '4964cc0c-1ab7-4bd2-9384-b81773709b3b', 'ai', '1.0', 1776524290301, '189.14.70.196', NULL, 1776524290301);
INSERT INTO consents (id, clinic_id, patient_id, type, version, granted_at, ip, revoked_at, created_at) VALUES ('ae14cc8c-0bfb-45e8-ad38-6b401c7912d3', '8bbe67c5-8a26-4bb3-93fa-274c02a8bdd2', '4964cc0c-1ab7-4bd2-9384-b81773709b3b', 'recording', '1.0', 1776524290301, NULL, NULL, 1776524290301);
INSERT INTO patients (id, clinic_id, psychologist_id, full_name, social_name, cpf, email, phone, whatsapp, birth_date, status, photo, profile, deleted_at, created_at) VALUES ('c8481d37-11bc-48bf-8093-a59874eb8081', '8bbe67c5-8a26-4bb3-93fa-274c02a8bdd2', 'b55a3cfb-a65d-4540-8821-d20f7a3c8d56', 'Fábio Costa Nunes', NULL, '065.080.925-12', 'fábio.14@email.com', '(38) 92076-8602', '(69) 93929-4992', 518799490302, 'active', 'data:image/svg+xml;base64,PHN2ZyB4bWxucz0iaHR0cDovL3d3dy53My5vcmcvMjAwMC9zdmciIHZpZXdCb3g9IjAgMCAyODAgMjgwIiBmaWxsPSJub25lIiBzaGFwZS1yZW5kZXJpbmc9ImF1dG8iPjxtZXRhZGF0YSB4bWxuczpyZGY9Imh0dHA6Ly93d3cudzMub3JnLzE5OTkvMDIvMjItcmRmLXN5bnRheC1ucyMiIHhtbG5zOnhzaT0iaHR0cDovL3d3dy53My5vcmcvMjAwMS9YTUxTY2hlbWEtaW5zdGFuY2UiIHhtbG5zOmRjPSJodHRwOi8vcHVybC5vcmcvZGMvZWxlbWVudHMvMS4xLyIgeG1sbnM6ZGN0ZXJtcz0iaHR0cDovL3B1cmwub3JnL2RjL3Rlcm1zLyI+PHJkZjpSREY+PHJkZjpEZXNjcmlwdGlvbj48ZGM6dGl0bGU+QXZhdGFhYXJzPC9kYzp0aXRsZT48ZGM6Y3JlYXRvcj5QYWJsbyBTdGFubGV5PC9kYzpjcmVhdG9yPjxkYzpzb3VyY2UgeHNpOnR5cGU9ImRjdGVybXM6VVJJIj5odHRwczovL2F2YXRhYWFycy5jb20vPC9kYzpzb3VyY2U+PGRjdGVybXM6bGljZW5zZSB4c2k6dHlwZT0iZGN0ZXJtczpVUkkiPmh0dHBzOi8vYXZhdGFhYXJzLmNvbS88L2RjdGVybXM6bGljZW5zZT48ZGM6cmlnaHRzPlJlbWl4IG9mIOKAnkF2YXRhYWFyc+KAnSAoaHR0cHM6Ly9hdmF0YWFhcnMuY29tLykgYnkg4oCeUGFibG8gU3RhbmxleeKAnSwgbGljZW5zZWQgdW5kZXIg4oCeRnJlZSBmb3IgcGVyc29uYWwgYW5kIGNvbW1lcmNpYWwgdXNl4oCdIChodHRwczovL2F2YXRhYWFycy5jb20vKTwvZGM6cmlnaHRzPjwvcmRmOkRlc2NyaXB0aW9uPjwvcmRmOlJERj48L21ldGFkYXRhPjxtYXNrIGlkPSJ2aWV3Ym94TWFzayI+PHJlY3Qgd2lkdGg9IjI4MCIgaGVpZ2h0PSIyODAiIHJ4PSIxNDAiIHJ5PSIxNDAiIHg9IjAiIHk9IjAiIGZpbGw9IiNmZmYiIC8+PC9tYXNrPjxnIG1hc2s9InVybCgjdmlld2JveE1hc2spIj48cmVjdCBmaWxsPSIjZmZkZmJmIiB3aWR0aD0iMjgwIiBoZWlnaHQ9IjI4MCIgeD0iMCIgeT0iMCIgLz48ZyB0cmFuc2Zvcm09InRyYW5zbGF0ZSg4KSI+PHBhdGggZD0iTTEzMiAzNmE1NiA1NiAwIDAgMC01NiA1NnY2LjE3QTEyIDEyIDAgMCAwIDY2IDExMHYxNGExMiAxMiAwIDAgMCAxMC4zIDExLjg4IDU2LjA0IDU2LjA0IDAgMCAwIDMxLjcgNDQuNzN2MTguNGgtNGE3MiA3MiAwIDAgMC03MiA3MnY5aDIwMHYtOWE3MiA3MiAwIDAgMC03Mi03MmgtNHYtMTguMzlhNTYuMDQgNTYuMDQgMCAwIDAgMzEuNy00NC43M0ExMiAxMiAwIDAgMCAxOTggMTI0di0xNGExMiAxMiAwIDAgMC0xMC0xMS44M1Y5MmE1NiA1NiAwIDAgMC01Ni01NloiIGZpbGw9IiNmZmRiYjQiLz48cGF0aCBkPSJNMTA4IDE4MC42MXY4YTU1Ljc5IDU1Ljc5IDAgMCAwIDI0IDUuMzljOC41OSAwIDE2LjczLTEuOTMgMjQtNS4zOXYtOGE1NS43OSA1NS43OSAwIDAgMS0yNCA1LjM5IDU1Ljc5IDU1Ljc5IDAgMCAxLTI0LTUuMzlaIiBmaWxsPSIjMDAwIiBmaWxsLW9wYWNpdHk9Ii4xIi8+PGcgdHJhbnNmb3JtPSJ0cmFuc2xhdGUoMCAxNzApIj48cGF0aCBkPSJNMTk2IDM4LjYzVjExMEg2OFYzOC42M2E3MS41MiA3MS41MiAwIDAgMSAyNi04Ljk0djQ0LjNoNzZWMjkuNjlhNzEuNTIgNzEuNTIgMCAwIDEgMjYgOC45NFoiIGZpbGw9IiM2NWM5ZmYiLz48cGF0aCBkPSJNODYgODNhNSA1IDAgMSAxLTEwIDAgNSA1IDAgMCAxIDEwIDBaTTE4OCA4M2E1IDUgMCAxIDEtMTAgMCA1IDUgMCAwIDEgMTAgMFoiIGZpbGw9IiNGNEY0RjQiLz48L2c+PGcgdHJhbnNmb3JtPSJ0cmFuc2xhdGUoNzggMTM0KSI+PHJlY3QgeD0iMjIiIHk9IjciIHdpZHRoPSI2NCIgaGVpZ2h0PSIyNiIgcng9IjEzIiBmaWxsPSIjMDAwIiBmaWxsLW9wYWNpdHk9Ii42Ii8+PHJlY3QgeD0iMjQiIHk9IjkiIHdpZHRoPSI2MCIgaGVpZ2h0PSIyMiIgcng9IjExIiBmaWxsPSIjZmZmIi8+PHBhdGggZD0iTTI0LjE4IDE4SDMyVjkuNDFBMTEgMTEgMCAwIDEgMzUgOWgxdjloOVY5aDR2OWg5VjloNHY5aDlWOWgyYy42OCAwIDEuMzUuMDYgMiAuMThWMThoOC44MmwuMDUuMjh2My40NGwtLjA1LjI4SDc1djguODJjLS42NS4xMi0xLjMyLjE4LTIgLjE4aC0ydi05aC05djloLTR2LTloLTl2OWgtNHYtOWgtOXY5aC0xYTExIDExIDAgMCAxLTMtLjQxVjIyaC03LjgyYTExLjA2IDExLjA2IDAgMCAxIDAtNFoiIGZpbGw9IiNFNkU2RTYiLz48L2c+PGcgdHJhbnNmb3JtPSJ0cmFuc2xhdGUoMTA0IDEyMikiPjxwYXRoIGZpbGwtcnVsZT0iZXZlbm9kZCIgY2xpcC1ydWxlPSJldmVub2RkIiBkPSJNMTYgOGMwIDQuNDIgNS4zNyA4IDEyIDhzMTItMy41OCAxMi04IiBmaWxsPSIjMDAwIiBmaWxsLW9wYWNpdHk9Ii4xNiIvPjwvZz48ZyB0cmFuc2Zvcm09InRyYW5zbGF0ZSg3NiA5MCkiPjxwYXRoIGQ9Ik00NCAyMmExNCAxNCAwIDEgMS0yOCAwIDE0IDE0IDAgMCAxIDI4IDBaTTk2IDIyYTE0IDE0IDAgMSAxLTI4IDAgMTQgMTQgMCAwIDEgMjggMFoiIGZpbGw9IiNmZmYiLz48cGF0aCBkPSJNMzYgMjJhNiA2IDAgMSAxLTEyIDAgNiA2IDAgMCAxIDEyIDBaTTg4IDIyYTYgNiAwIDEgMS0xMiAwIDYgNiAwIDAgMSAxMiAwWiIgZmlsbD0iIzAwMCIgZmlsbC1vcGFjaXR5PSIuNyIvPjwvZz48ZyB0cmFuc2Zvcm09InRyYW5zbGF0ZSg3NiA4MikiPjxwYXRoIGQ9Ik0xNS42MyAxNy4xNmMzLjkyLTUuNTEgMTQuNjUtOC42IDIzLjktNi4zM2EyIDIgMCAxIDAgLjk1LTMuODhjLTEwLjc0LTIuNjQtMjMuMTcuOTQtMjguMTEgNy45YTIgMiAwIDAgMCAzLjI2IDIuM1pNOTYuMzcgMTcuMTZjLTMuOTEtNS41MS0xNC42NS04LjYtMjMuOS02LjMzYTIgMiAwIDEgMS0uOTUtMy44OGMxMC43NC0yLjY0IDIzLjE3Ljk0IDI4LjExIDcuOWEyIDIgMCAwIDEtMy4yNiAyLjNaIiBmaWxsPSIjMDAwIiBmaWxsLW9wYWNpdHk9Ii42Ii8+PC9nPjxnIHRyYW5zZm9ybT0idHJhbnNsYXRlKC0xKSI+PHBhdGggZD0iTTY3IDExM2MxMC44Ni0yMi43IDM0LjY3LTMxLjYgNTUuNDQtMzkuMzYgMTMuMzItNC45NyAyNS4zOS05LjQ4IDMyLTE2Ljg2IDIuMjIgMi4wMiA0Ljc1IDQuMDUgNy40MSA2LjJDMTcyLjA2IDcxLjE2IDE4NC4yMSA4MC45MSAxODkgOTh2LjE3YTEyIDEyIDAgMCAxIDkuODEgOS43MlY4Ni4wNGMwLTEuMy0uMDUtMi41Ny0uMTUtMy44NCA0LjU0LTE3LTMuMS0zNy43OC0xMi42Ni00Ny4yLTkuNDgtOC44Mi0yMi4zLTEyLjMyLTMwLjk1LTguNDhDMTQzLjQ1IDguOTggMTA5LjkgMTMuMjQgOTAgMjhjLTEzLjIyIDkuOC0yNC43OSAyNS43Mi0yNy44NCA0NS43NUE0Ni4xOCA0Ni4xOCAwIDAgMCA2MSA4NC4wNXY4OC41Yy0uMiAzMS41LTcuNCA4Mi40OS0yMSA5MC40NSA2Mi4zNiAxNi44IDcxLjkzLTM4LjE1IDY5LTgydi0uMzlhNTYuMDMgNTYuMDMgMCAwIDEtMzEuOC00NS43NEExMiAxMiAwIDAgMSA2NyAxMjN2LTEwWk0xNTcgMTgwLjYxYTU2LjAzIDU2LjAzIDAgMCAwIDMxLjgtNDUuNzQgMTIgMTIgMCAwIDAgMTAuMDEtOS43NnYxLjM2QTEwMCAxMDAgMCAwIDAgMjA5Ljc4IDE3MmwyNi45NSA1Mi43MWEzNy43OSAzNy43OSAwIDAgMS0zLjk0IDQwLjc2QTcyIDcyIDAgMCAwIDE2MSAxOTloLTR2LTE4LjM5WiIgZmlsbD0iIzcyNDEzMyIvPjxwYXRoIGQ9Ik02NyAxMTNjMTAuODYtMjIuNyAzNC42Ny0zMS42IDU1LjQ0LTM5LjM2IDEzLjMyLTQuOTcgMjUuMzktOS40OCAzMi0xNi44NiAyLjIyIDIuMDIgNC43NSA0LjA1IDcuNDEgNi4yIDEwLjE5IDguMTcgMjIuMyAxNy44OSAyNy4xMSAzNC45LTQuNTctMTQuMDQtMTUuNzUtMjEuMjItMjUuNi0yNy41NS0zLjIxLTIuMDYtNi4yOC00LjAzLTguOTMtNi4xMi02LjYgNi40LTE4LjY3IDEwLjMyLTMyIDE0LjY0QzEwMS42OCA4NS41OCA3Ny44NyA5My4zIDY3IDExM1oiIGZpbGw9IiMwMDAiIGZpbGwtb3BhY2l0eT0iLjE2Ii8+PC9nPjxnIHRyYW5zZm9ybT0idHJhbnNsYXRlKDQ5IDcyKSI+PC9nPjxnIHRyYW5zZm9ybT0idHJhbnNsYXRlKDYyIDQyKSI+PC9nPjwvZz48L2c+PC9zdmc+', '{"personal":{"isChild":false,"sex":"Masculino","gender":"Homem cisgênero","rg":"42.962.223-6","maritalStatus":"Divorciado(a)","profession":"Designer","company":"—","education":"Superior incompleto","address":"Rua Ribeiro, 662","city":"Fortaleza","state":"CE","zip":"65809-597"},"clinical":{"complaint":"Baixa autoestima e insegurança","goals":"Reduzir a frequência das crises de ansiedade","suffering":"Intenso","history":"Histórico familiar de transtornos de humor. Acompanhamento psiquiátrico em paralelo.","priorDiagnoses":"Episódio depressivo","priorTreatments":"Nenhum","psychiatric":"Não","referrals":"—"},"health":{"depression":false,"anxiety":true,"tdah":false,"tag":false,"bipolar":false,"medications":"Sertralina 50mg","diseases":"—","surgeries":"—","hospitalizations":"Uma internação prévia","familyHistory":"Sem histórico relevante"},"lifestyle":{"sleep":"Sono não reparador","diet":"Restritiva","sports":"Sedentário","gym":"Sim","alcohol":"Social","smoking":"Não","drugs":"Não","religion":"Budista","spirituality":"Pouco"},"financial":{"situation":"Em dificuldade","income":"4 a 8 salários","work":"CLT","ownHome":"Sim","rent":"Sim","withFamily":"Não","debt":"Não","car":"Sim","motorcycle":"Não"},"interests":{"hobbies":"Culinária","music":"Sertanejo","movies":"Documentários","books":"Ficção e autoajuda","games":"—","tech":"Alto","social":"WhatsApp"},"personality":{"introvert":false,"extrovert":false,"communicative":true,"reserved":false,"organized":true,"creative":true,"impulsive":true,"notes":"Bom senso de humor, acolhedor(a)."},"relationships":{"family":"Conflituosa","friends":"Isolamento recente","romantic":"Solteiro(a)","work":"Tensa"}}', NULL, 1780930690302);
INSERT INTO sessions (id, clinic_id, patient_id, psychologist_id, occurred_at, duration_min, mood, emotional_scale, topics, objectives, techniques, evolution, next_steps, free_notes, created_at) VALUES ('b1448f6b-a350-446c-bd10-d9337f1742d8', '8bbe67c5-8a26-4bb3-93fa-274c02a8bdd2', 'c8481d37-11bc-48bf-8093-a59874eb8081', 'b55a3cfb-a65d-4540-8821-d20f7a3c8d56', 1779893890303, 45, 'Cansado(a)', 3, '["sono","lazer","trabalho"]', 'Melhorar a comunicação nos relacionamentos', 'Ativação comportamental', 'Semana difícil, com aumento da sintomatologia ansiosa.', 'Praticar respiração diafragmática 2x ao dia.', NULL, 1779893890303);
INSERT INTO sessions (id, clinic_id, patient_id, psychologist_id, occurred_at, duration_min, mood, emotional_scale, topics, objectives, techniques, evolution, next_steps, free_notes, created_at) VALUES ('948b6332-5461-4810-a66e-ce2f83c1a52f', '8bbe67c5-8a26-4bb3-93fa-274c02a8bdd2', 'c8481d37-11bc-48bf-8093-a59874eb8081', 'b55a3cfb-a65d-4540-8821-d20f7a3c8d56', 1780239490303, 50, 'Deprimido(a)', 8, '["rotina","luto","autoestima","estudos"]', 'Fortalecer a autoestima', 'Treino de habilidades sociais', 'Paciente demonstrou boa adesão às tarefas propostas.', 'Praticar respiração diafragmática 2x ao dia.', NULL, 1780239490303);
INSERT INTO sessions (id, clinic_id, patient_id, psychologist_id, occurred_at, duration_min, mood, emotional_scale, topics, objectives, techniques, evolution, next_steps, free_notes, created_at) VALUES ('c9a2d3f3-f226-42a5-acdf-fe7b8e1c0d85', '8bbe67c5-8a26-4bb3-93fa-274c02a8bdd2', 'c8481d37-11bc-48bf-8093-a59874eb8081', 'b55a3cfb-a65d-4540-8821-d20f7a3c8d56', 1780844290303, 45, 'Deprimido(a)', 7, '["família","luto","relacionamento"]', 'Fortalecer a autoestima', 'Ativação comportamental', 'Apresentou resistência inicial, mas engajou-se ao final da sessão.', 'Trabalhar limites nos relacionamentos.', NULL, 1780844290303);
INSERT INTO sessions (id, clinic_id, patient_id, psychologist_id, occurred_at, duration_min, mood, emotional_scale, topics, objectives, techniques, evolution, next_steps, free_notes, created_at) VALUES ('1639350c-138c-4b5c-a976-1ab7240b0d99', '8bbe67c5-8a26-4bb3-93fa-274c02a8bdd2', 'c8481d37-11bc-48bf-8093-a59874eb8081', 'b55a3cfb-a65d-4540-8821-d20f7a3c8d56', 1781708290303, 45, 'Esperançoso(a)', 8, '["trabalho","ansiedade","família","sono"]', 'Elaborar o processo de luto', 'Respiração diafragmática', 'Semana difícil, com aumento da sintomatologia ansiosa.', 'Retomar atividade física gradualmente.', 'Sessão produtiva. Manter plano terapêutico.', 1781708290303);
INSERT INTO sessions (id, clinic_id, patient_id, psychologist_id, occurred_at, duration_min, mood, emotional_scale, topics, objectives, techniques, evolution, next_steps, free_notes, created_at) VALUES ('e4ca1a60-44cf-4ff1-b5bd-0109851f88a6', '8bbe67c5-8a26-4bb3-93fa-274c02a8bdd2', 'c8481d37-11bc-48bf-8093-a59874eb8081', 'b55a3cfb-a65d-4540-8821-d20f7a3c8d56', 1782053890303, 45, 'Irritado(a)', 8, '["trabalho","família"]', 'Melhorar a comunicação nos relacionamentos', 'Respiração diafragmática', 'Semana difícil, com aumento da sintomatologia ansiosa.', 'Retomar atividade física gradualmente.', NULL, 1782053890303);
INSERT INTO sessions (id, clinic_id, patient_id, psychologist_id, occurred_at, duration_min, mood, emotional_scale, topics, objectives, techniques, evolution, next_steps, free_notes, created_at) VALUES ('0f5838d4-b408-460c-b4d9-bb6ca8e21443', '8bbe67c5-8a26-4bb3-93fa-274c02a8bdd2', 'c8481d37-11bc-48bf-8093-a59874eb8081', 'b55a3cfb-a65d-4540-8821-d20f7a3c8d56', 1782658690303, 60, 'Irritado(a)', 5, '["saúde","finanças","autoestima","sono"]', 'Melhorar a comunicação nos relacionamentos', 'Registro de pensamentos', 'Paciente demonstrou boa adesão às tarefas propostas.', 'Manter diário do sono.', 'Sessão produtiva. Manter plano terapêutico.', 1782658690303);
INSERT INTO timeline_events (id, clinic_id, patient_id, session_id, title, description, event_date, category, status, source, created_at) VALUES ('619ee090-2a87-4892-b0e8-37fcbd9a7434', '8bbe67c5-8a26-4bb3-93fa-274c02a8bdd2', 'c8481d37-11bc-48bf-8093-a59874eb8081', 'e4ca1a60-44cf-4ff1-b5bd-0109851f88a6', 'Perda familiar', 'Relatou leve melhora nos sintomas ao longo da semana.', 1776092290303, 'trabalho', 'suggested', 'manual', 1782226690303);
INSERT INTO timeline_events (id, clinic_id, patient_id, session_id, title, description, event_date, category, status, source, created_at) VALUES ('2ed71a35-ddfa-4cd3-81d4-819defe5864a', '8bbe67c5-8a26-4bb3-93fa-274c02a8bdd2', 'c8481d37-11bc-48bf-8093-a59874eb8081', 'b1448f6b-a350-446c-bd10-d9337f1742d8', 'Ajuste de medicação', 'Percebe-se maior consciência emocional e vocabulário afetivo.', 1782053890303, 'trabalho', 'confirmed', 'ai', 1773586690303);
INSERT INTO timeline_events (id, clinic_id, patient_id, session_id, title, description, event_date, category, status, source, created_at) VALUES ('8daaab0f-fed7-44db-89a1-90c4b95dd3c1', '8bbe67c5-8a26-4bb3-93fa-274c02a8bdd2', 'c8481d37-11bc-48bf-8093-a59874eb8081', '1639350c-138c-4b5c-a976-1ab7240b0d99', 'Recaída pontual', 'Relatou leve melhora nos sintomas ao longo da semana.', 1779029890303, 'família', 'suggested', 'manual', 1774537090303);
INSERT INTO timeline_events (id, clinic_id, patient_id, session_id, title, description, event_date, category, status, source, created_at) VALUES ('b7498a54-1dc6-4de3-8bd7-72996c6399ad', '8bbe67c5-8a26-4bb3-93fa-274c02a8bdd2', 'c8481d37-11bc-48bf-8093-a59874eb8081', 'e4ca1a60-44cf-4ff1-b5bd-0109851f88a6', 'Recaída pontual', 'Relatou leve melhora nos sintomas ao longo da semana.', 1775919490303, 'clínico', 'confirmed', 'manual', 1778857090303);
INSERT INTO timeline_events (id, clinic_id, patient_id, session_id, title, description, event_date, category, status, source, created_at) VALUES ('09db72b5-3f48-49ad-a132-c31c7ed7a13a', '8bbe67c5-8a26-4bb3-93fa-274c02a8bdd2', 'c8481d37-11bc-48bf-8093-a59874eb8081', 'c9a2d3f3-f226-42a5-acdf-fe7b8e1c0d85', 'Recaída pontual', 'Relatou leve melhora nos sintomas ao longo da semana.', 1770562690303, 'pessoal', 'confirmed', 'ai', 1773932290303);
INSERT INTO ai_summaries (id, clinic_id, patient_id, appointment_id, content, suggested_questions, model, status, approved_content, approved_by, approved_at, created_at) VALUES ('7fd9fdab-ad2c-49d3-9972-eb16f6b9d23a', '8bbe67c5-8a26-4bb3-93fa-274c02a8bdd2', 'c8481d37-11bc-48bf-8093-a59874eb8081', NULL, 'Paciente em acompanhamento por dificuldades no relacionamento conjugal. Ao longo das sessões observa-se evolução gradual, com melhor manejo emocional e boa adesão às técnicas propostas. Recomenda-se manter o plano terapêutico atual.', '["Como você tem dormido esta semana?","O que funcionou melhor entre as estratégias que combinamos?","Houve algum gatilho importante desde a última sessão?"]', 'vinculo-ai', 'ready', NULL, 'b55a3cfb-a65d-4540-8821-d20f7a3c8d56', 1782313090303, 1781103490303);
INSERT INTO ai_alerts (id, clinic_id, patient_id, type, severity, message, status, created_at) VALUES ('fcbf6f84-69f2-4ef4-a339-16bf8300d994', '8bbe67c5-8a26-4bb3-93fa-274c02a8bdd2', 'c8481d37-11bc-48bf-8093-a59874eb8081', 'pattern', 'low', 'Padrão recorrente de faltas às sextas-feiras.', 'active', 1782831490303);
INSERT INTO ai_alerts (id, clinic_id, patient_id, type, severity, message, status, created_at) VALUES ('08dc399c-49ad-4e14-8fb5-00e4b9ec950e', '8bbe67c5-8a26-4bb3-93fa-274c02a8bdd2', 'c8481d37-11bc-48bf-8093-a59874eb8081', 'medication', 'medium', 'Relato de interrupção da medicação por conta própria.', 'reviewed', 1780844290303);
INSERT INTO appointments (id, clinic_id, patient_id, psychologist_id, starts_at, ends_at, status, created_at) VALUES ('891a84a5-92f6-44e7-bc92-ebe7d0ce59e0', '8bbe67c5-8a26-4bb3-93fa-274c02a8bdd2', 'c8481d37-11bc-48bf-8093-a59874eb8081', 'b55a3cfb-a65d-4540-8821-d20f7a3c8d56', 1782313090303, 1782316090303, 'done', 1781794690303);
INSERT INTO appointments (id, clinic_id, patient_id, psychologist_id, starts_at, ends_at, status, created_at) VALUES ('97f0cf53-4a7b-48ec-bd29-f0a534bb7ff6', '8bbe67c5-8a26-4bb3-93fa-274c02a8bdd2', 'c8481d37-11bc-48bf-8093-a59874eb8081', 'b55a3cfb-a65d-4540-8821-d20f7a3c8d56', 1782917890303, 1782920890303, 'done', 1782485890303);
INSERT INTO appointments (id, clinic_id, patient_id, psychologist_id, starts_at, ends_at, status, created_at) VALUES ('e9d395bb-9f00-4d5a-93ec-70cf87935923', '8bbe67c5-8a26-4bb3-93fa-274c02a8bdd2', 'c8481d37-11bc-48bf-8093-a59874eb8081', 'b55a3cfb-a65d-4540-8821-d20f7a3c8d56', 1784559490303, 1783784890303, 'scheduled', 1783349890303);
INSERT INTO consents (id, clinic_id, patient_id, type, version, granted_at, ip, revoked_at, created_at) VALUES ('023c8276-26e7-40c4-8a9b-fd82f4acf729', '8bbe67c5-8a26-4bb3-93fa-274c02a8bdd2', 'c8481d37-11bc-48bf-8093-a59874eb8081', 'general', '1.0', 1780930690302, '189.97.204.61', NULL, 1780930690302);
INSERT INTO consents (id, clinic_id, patient_id, type, version, granted_at, ip, revoked_at, created_at) VALUES ('c90531f5-bb29-4597-8745-073bb929b85b', '8bbe67c5-8a26-4bb3-93fa-274c02a8bdd2', 'c8481d37-11bc-48bf-8093-a59874eb8081', 'ai', '1.0', 1780930690302, '189.50.52.231', NULL, 1780930690302);
INSERT INTO patients (id, clinic_id, psychologist_id, full_name, social_name, cpf, email, phone, whatsapp, birth_date, status, photo, profile, deleted_at, created_at) VALUES ('f29a414e-3e33-4233-9fa5-76bade7aaf3f', '8bbe67c5-8a26-4bb3-93fa-274c02a8bdd2', 'b55a3cfb-a65d-4540-8821-d20f7a3c8d56', 'Isabela Santos Nunes', NULL, '536.068.032-20', 'isabela.15@email.com', '(82) 95472-6316', '(65) 94231-9170', 1272812290303, 'active', 'data:image/svg+xml;base64,PHN2ZyB4bWxucz0iaHR0cDovL3d3dy53My5vcmcvMjAwMC9zdmciIHZpZXdCb3g9IjAgMCAyODAgMjgwIiBmaWxsPSJub25lIiBzaGFwZS1yZW5kZXJpbmc9ImF1dG8iPjxtZXRhZGF0YSB4bWxuczpyZGY9Imh0dHA6Ly93d3cudzMub3JnLzE5OTkvMDIvMjItcmRmLXN5bnRheC1ucyMiIHhtbG5zOnhzaT0iaHR0cDovL3d3dy53My5vcmcvMjAwMS9YTUxTY2hlbWEtaW5zdGFuY2UiIHhtbG5zOmRjPSJodHRwOi8vcHVybC5vcmcvZGMvZWxlbWVudHMvMS4xLyIgeG1sbnM6ZGN0ZXJtcz0iaHR0cDovL3B1cmwub3JnL2RjL3Rlcm1zLyI+PHJkZjpSREY+PHJkZjpEZXNjcmlwdGlvbj48ZGM6dGl0bGU+QXZhdGFhYXJzPC9kYzp0aXRsZT48ZGM6Y3JlYXRvcj5QYWJsbyBTdGFubGV5PC9kYzpjcmVhdG9yPjxkYzpzb3VyY2UgeHNpOnR5cGU9ImRjdGVybXM6VVJJIj5odHRwczovL2F2YXRhYWFycy5jb20vPC9kYzpzb3VyY2U+PGRjdGVybXM6bGljZW5zZSB4c2k6dHlwZT0iZGN0ZXJtczpVUkkiPmh0dHBzOi8vYXZhdGFhYXJzLmNvbS88L2RjdGVybXM6bGljZW5zZT48ZGM6cmlnaHRzPlJlbWl4IG9mIOKAnkF2YXRhYWFyc+KAnSAoaHR0cHM6Ly9hdmF0YWFhcnMuY29tLykgYnkg4oCeUGFibG8gU3RhbmxleeKAnSwgbGljZW5zZWQgdW5kZXIg4oCeRnJlZSBmb3IgcGVyc29uYWwgYW5kIGNvbW1lcmNpYWwgdXNl4oCdIChodHRwczovL2F2YXRhYWFycy5jb20vKTwvZGM6cmlnaHRzPjwvcmRmOkRlc2NyaXB0aW9uPjwvcmRmOlJERj48L21ldGFkYXRhPjxtYXNrIGlkPSJ2aWV3Ym94TWFzayI+PHJlY3Qgd2lkdGg9IjI4MCIgaGVpZ2h0PSIyODAiIHJ4PSIxNDAiIHJ5PSIxNDAiIHg9IjAiIHk9IjAiIGZpbGw9IiNmZmYiIC8+PC9tYXNrPjxnIG1hc2s9InVybCgjdmlld2JveE1hc2spIj48cmVjdCBmaWxsPSIjZDFkNGY5IiB3aWR0aD0iMjgwIiBoZWlnaHQ9IjI4MCIgeD0iMCIgeT0iMCIgLz48ZyB0cmFuc2Zvcm09InRyYW5zbGF0ZSg4KSI+PHBhdGggZD0iTTEzMiAzNmE1NiA1NiAwIDAgMC01NiA1NnY2LjE3QTEyIDEyIDAgMCAwIDY2IDExMHYxNGExMiAxMiAwIDAgMCAxMC4zIDExLjg4IDU2LjA0IDU2LjA0IDAgMCAwIDMxLjcgNDQuNzN2MTguNGgtNGE3MiA3MiAwIDAgMC03MiA3MnY5aDIwMHYtOWE3MiA3MiAwIDAgMC03Mi03MmgtNHYtMTguMzlhNTYuMDQgNTYuMDQgMCAwIDAgMzEuNy00NC43M0ExMiAxMiAwIDAgMCAxOTggMTI0di0xNGExMiAxMiAwIDAgMC0xMC0xMS44M1Y5MmE1NiA1NiAwIDAgMC01Ni01NloiIGZpbGw9IiNmZmRiYjQiLz48cGF0aCBkPSJNMTA4IDE4MC42MXY4YTU1Ljc5IDU1Ljc5IDAgMCAwIDI0IDUuMzljOC41OSAwIDE2LjczLTEuOTMgMjQtNS4zOXYtOGE1NS43OSA1NS43OSAwIDAgMS0yNCA1LjM5IDU1Ljc5IDU1Ljc5IDAgMCAxLTI0LTUuMzlaIiBmaWxsPSIjMDAwIiBmaWxsLW9wYWNpdHk9Ii4xIi8+PGcgdHJhbnNmb3JtPSJ0cmFuc2xhdGUoMCAxNzApIj48cGF0aCBkPSJNMTA4IDE0LjdjLTE1LjUyIDMuNjgtMjcuMSAxMC44My0zMC43NyAxOS40NEE3Mi4wMiA3Mi4wMiAwIDAgMCAzMiAxMDF2OWgyMDB2LTlhNzIuMDIgNzIuMDIgMCAwIDAtNDUuMjMtNjYuODZDMTgzLjEgMjUuNTMgMTcxLjUyIDE4LjM4IDE1NiAxNC43VjMyYTI0IDI0IDAgMSAxLTQ4IDBWMTQuN1oiIGZpbGw9IiMyNTU1N2MiLz48cGF0aCBkPSJNMTAyIDYzLjM0YTY3LjEgNjcuMSAwIDAgMS03LTIuODJWMTEwaDdWNjMuMzRaTTE2MiA2My4zNGE2Ny4wNCA2Ny4wNCAwIDAgMCA3LTIuODJWOTguNWEzLjUgMy41IDAgMSAxLTcgMFY2My4zNFoiIGZpbGw9IiNGNEY0RjQiLz48cGF0aCBkPSJNMTg3LjYyIDM0LjQ5YTcxLjc5IDcxLjc5IDAgMCAxIDEwLjgzIDUuNjNDMTk3LjExIDU1LjYyIDE2Ny44NyA2OCAxMzIgNjhjMzAuOTMgMCA1Ni0xMy40MyA1Ni0zMCAwLTEuMTktLjEzLTIuMzYtLjM4LTMuNTFaTTc2LjM4IDM0LjQ5YTE2LjQ4IDE2LjQ4IDAgMCAwLS4zOCAzLjVjMCAxNi41OCAyNS4wNyAzMCA1NiAzMC0zNS44NyAwLTY1LjEtMTIuMzgtNjYuNDUtMjcuODhhNzEuNzkgNzEuNzkgMCAwIDEgMTAuODMtNS42M1oiIGZpbGw9IiMwMDAiIGZpbGwtb3BhY2l0eT0iLjE2Ii8+PC9nPjxnIHRyYW5zZm9ybT0idHJhbnNsYXRlKDc4IDEzNCkiPjxwYXRoIGZpbGwtcnVsZT0iZXZlbm9kZCIgY2xpcC1ydWxlPSJldmVub2RkIiBkPSJNNDAgMjlhMTQgMTQgMCAxIDEgMjggMCIgZmlsbD0iIzAwMCIgZmlsbC1vcGFjaXR5PSIuNyIvPjwvZz48ZyB0cmFuc2Zvcm09InRyYW5zbGF0ZSgxMDQgMTIyKSI+PHBhdGggZmlsbC1ydWxlPSJldmVub2RkIiBjbGlwLXJ1bGU9ImV2ZW5vZGQiIGQ9Ik0xNiA4YzAgNC40MiA1LjM3IDggMTIgOHMxMi0zLjU4IDEyLTgiIGZpbGw9IiMwMDAiIGZpbGwtb3BhY2l0eT0iLjE2Ii8+PC9nPjxnIHRyYW5zZm9ybT0idHJhbnNsYXRlKDc2IDkwKSI+PHBhdGggZD0iTTQ0IDIyYTE0IDE0IDAgMSAxLTI4IDAgMTQgMTQgMCAwIDEgMjggMFpNOTYgMjJhMTQgMTQgMCAxIDEtMjggMCAxNCAxNCAwIDAgMSAyOCAwWiIgZmlsbD0iI2ZmZiIvPjxwYXRoIGQ9Ik0zNiAyMmE2IDYgMCAxIDEtMTIgMCA2IDYgMCAwIDEgMTIgMFpNODggMjJhNiA2IDAgMSAxLTEyIDAgNiA2IDAgMCAxIDEyIDBaIiBmaWxsPSIjMDAwIiBmaWxsLW9wYWNpdHk9Ii43Ii8+PC9nPjxnIHRyYW5zZm9ybT0idHJhbnNsYXRlKDc2IDgyKSI+PHBhdGggZD0iTTE1LjYgMTQuMTZjNC40OS02LjMyIDE0LTkuNSAyMy43NS02LjM2YTIgMiAwIDEgMCAxLjIzLTMuODFjLTExLjQxLTMuNjgtMjIuNzQuMS0yOC4yNSA3Ljg1YTIgMiAwIDEgMCAzLjI2IDIuMzJaTTk2LjM4IDIxLjE2Yy0zLjkyLTUuNTEtMTQuNjUtOC42LTIzLjktNi4zM2EyIDIgMCAwIDEtLjk1LTMuODhjMTAuNzQtMi42NCAyMy4xNy45NCAyOC4xIDcuOWEyIDIgMCAxIDEtMy4yNSAyLjNaIiBmaWxsPSIjMDAwIiBmaWxsLW9wYWNpdHk9Ii42Ii8+PC9nPjxnIHRyYW5zZm9ybT0idHJhbnNsYXRlKC0xKSI+PHBhdGggZD0iTTcwIDk3YzAgNCAuOTIgNS4wNyA2IDUgMy4yNS0uMDUgMy40NC02IDMuNjUtMTIuNTkuMTQtNC4zNy4yOS05LjAzIDEuMzUtMTIuNDEuNjItNC40My0xLjgyLTMuMTctMy0xLTMuOTYgNC43OC04IDE1LjM0LTggMjFaTTE5NiA5N2MwIDQtLjkyIDUuMDctNiA1LTMuMjUtLjA1LTMuNDQtNi0zLjY1LTEyLjU5LS4xNC00LjM3LS4yOS05LjAzLTEuMzUtMTIuNDEtLjYyLTQuNDMgMS44Mi0zLjE3IDMtMSAzLjk2IDQuNzggOCAxNS4zNCA4IDIxWiIgZmlsbD0iI2E1NTcyOCIvPjwvZz48ZyB0cmFuc2Zvcm09InRyYW5zbGF0ZSg0OSA3MikiPjwvZz48ZyB0cmFuc2Zvcm09InRyYW5zbGF0ZSg2MiA0MikiPjwvZz48L2c+PC9nPjwvc3ZnPg==', '{"personal":{"isChild":true,"sex":"Feminino","gender":"Mulher cisgênero","rg":"58.802.210-2","maritalStatus":"Solteiro(a)","profession":"Estudante","company":"Escola Municipal","education":"Ensino fundamental","address":"Rua Costa, 380","city":"Rio de Janeiro","state":"RJ","zip":"13934-267"},"clinical":{"complaint":"Dificuldades no relacionamento conjugal","goals":"Fortalecer a autoestima","suffering":"Leve","history":"Encaminhado(a) pelo clínico geral devido a queixas somáticas.","priorDiagnoses":"Nenhum","priorTreatments":"Nenhum","psychiatric":"Não","referrals":"Encaminhado pelo clínico geral"},"health":{"depression":true,"anxiety":true,"tdah":true,"tag":false,"bipolar":false,"medications":"—","diseases":"—","surgeries":"—","hospitalizations":"Não","familyHistory":"Sem histórico relevante"},"lifestyle":{"sleep":"Boa","diet":"Equilibrada","sports":"Musculação","gym":"Não","alcohol":"Frequente","smoking":"Não","drugs":"Não","religion":"Espírita","spirituality":"Moderada"},"financial":{"situation":"Estável","income":"4 a 8 salários","work":"Não se aplica","ownHome":"Sim","rent":"Sim","withFamily":"Sim","debt":"Não","car":"Não","motorcycle":"Não"},"interests":{"hobbies":"Música","music":"Pop","movies":"Ficção científica","books":"—","games":"—","tech":"Médio","social":"Instagram"},"personality":{"introvert":false,"extrovert":false,"communicative":true,"reserved":false,"organized":false,"creative":false,"impulsive":true,"notes":"Dificuldade em pedir ajuda."},"relationships":{"family":"Boa","friends":"Rede sólida","romantic":"Instável","work":"Tensa"}}', NULL, 1766415490303);
INSERT INTO sessions (id, clinic_id, patient_id, psychologist_id, occurred_at, duration_min, mood, emotional_scale, topics, objectives, techniques, evolution, next_steps, free_notes, created_at) VALUES ('9747561e-f1b1-47b9-960f-f247b8e08b08', '8bbe67c5-8a26-4bb3-93fa-274c02a8bdd2', 'f29a414e-3e33-4233-9fa5-76bade7aaf3f', 'b55a3cfb-a65d-4540-8821-d20f7a3c8d56', 1780325890303, 50, 'Irritado(a)', 6, '["família","rotina","sono","luto"]', 'Aumentar a tolerância à frustração', 'Treino de habilidades sociais', 'Trouxe avanços na aplicação das técnicas no dia a dia.', 'Retomar atividade física gradualmente.', 'Sessão produtiva. Manter plano terapêutico.', 1780325890303);
INSERT INTO sessions (id, clinic_id, patient_id, psychologist_id, occurred_at, duration_min, mood, emotional_scale, topics, objectives, techniques, evolution, next_steps, free_notes, created_at) VALUES ('5121a9df-c5c9-4d77-beb9-ae9de45fb0c9', '8bbe67c5-8a26-4bb3-93fa-274c02a8bdd2', 'f29a414e-3e33-4233-9fa5-76bade7aaf3f', 'b55a3cfb-a65d-4540-8821-d20f7a3c8d56', 1780930690303, 50, 'Motivado(a)', 4, '["autoestima","rotina","família","finanças"]', 'Desenvolver estratégias de enfrentamento', 'Técnicas de mindfulness', 'Percebe-se maior consciência emocional e vocabulário afetivo.', 'Registrar pensamentos automáticos em situações de gatilho.', 'Sessão produtiva. Manter plano terapêutico.', 1780930690303);
INSERT INTO sessions (id, clinic_id, patient_id, psychologist_id, occurred_at, duration_min, mood, emotional_scale, topics, objectives, techniques, evolution, next_steps, free_notes, created_at) VALUES ('7a00c038-ecc4-486d-993a-434644ffa8cd', '8bbe67c5-8a26-4bb3-93fa-274c02a8bdd2', 'f29a414e-3e33-4233-9fa5-76bade7aaf3f', 'b55a3cfb-a65d-4540-8821-d20f7a3c8d56', 1781449090303, 60, 'Irritado(a)', 9, '["luto","finanças"]', 'Aumentar a tolerância à frustração', 'Treino de habilidades sociais', 'Trouxe avanços na aplicação das técnicas no dia a dia.', 'Retomar atividade física gradualmente.', NULL, 1781449090303);
INSERT INTO sessions (id, clinic_id, patient_id, psychologist_id, occurred_at, duration_min, mood, emotional_scale, topics, objectives, techniques, evolution, next_steps, free_notes, created_at) VALUES ('4e3fea78-27db-4cba-8bfd-0c8a396c75e1', '8bbe67c5-8a26-4bb3-93fa-274c02a8bdd2', 'f29a414e-3e33-4233-9fa5-76bade7aaf3f', 'b55a3cfb-a65d-4540-8821-d20f7a3c8d56', 1782313090303, 60, 'Estável', 8, '["saúde","autoestima","lazer"]', 'Melhorar a comunicação nos relacionamentos', 'Psicoeducação', 'Trouxe avanços na aplicação das técnicas no dia a dia.', 'Praticar respiração diafragmática 2x ao dia.', NULL, 1782313090303);
INSERT INTO sessions (id, clinic_id, patient_id, psychologist_id, occurred_at, duration_min, mood, emotional_scale, topics, objectives, techniques, evolution, next_steps, free_notes, created_at) VALUES ('505d82ce-ca0a-4d94-ac96-9419cea2c35b', '8bbe67c5-8a26-4bb3-93fa-274c02a8bdd2', 'f29a414e-3e33-4233-9fa5-76bade7aaf3f', 'b55a3cfb-a65d-4540-8821-d20f7a3c8d56', 1782658690303, 50, 'Deprimido(a)', 3, '["autoestima","trabalho","família","luto"]', 'Fortalecer a autoestima', 'Reestruturação cognitiva', 'Paciente demonstrou boa adesão às tarefas propostas.', 'Registrar pensamentos automáticos em situações de gatilho.', NULL, 1782658690303);
INSERT INTO timeline_events (id, clinic_id, patient_id, session_id, title, description, event_date, category, status, source, created_at) VALUES ('b519bd0c-764f-4fd2-94da-0d14c3abfeed', '8bbe67c5-8a26-4bb3-93fa-274c02a8bdd2', 'f29a414e-3e33-4233-9fa5-76bade7aaf3f', '5121a9df-c5c9-4d77-beb9-ae9de45fb0c9', 'Conclusão de etapa', 'Trouxe avanços na aplicação das técnicas no dia a dia.', 1767538690303, 'trabalho', 'confirmed', 'ai', 1781276290303);
INSERT INTO timeline_events (id, clinic_id, patient_id, session_id, title, description, event_date, category, status, source, created_at) VALUES ('7b15d3bf-32e1-4220-80a4-d8d41581c6f3', '8bbe67c5-8a26-4bb3-93fa-274c02a8bdd2', 'f29a414e-3e33-4233-9fa5-76bade7aaf3f', '505d82ce-ca0a-4d94-ac96-9419cea2c35b', 'Mudança de emprego', 'Apresentou resistência inicial, mas engajou-se ao final da sessão.', 1771772290303, 'trabalho', 'confirmed', 'ai', 1766242690303);
INSERT INTO timeline_events (id, clinic_id, patient_id, session_id, title, description, event_date, category, status, source, created_at) VALUES ('55a3f9a5-c54b-4932-a3a5-df68848f82e5', '8bbe67c5-8a26-4bb3-93fa-274c02a8bdd2', 'f29a414e-3e33-4233-9fa5-76bade7aaf3f', NULL, 'Melhora significativa', 'Apresentou resistência inicial, mas engajou-se ao final da sessão.', 1774191490303, 'trabalho', 'confirmed', 'manual', 1778857090303);
INSERT INTO timeline_events (id, clinic_id, patient_id, session_id, title, description, event_date, category, status, source, created_at) VALUES ('9ec82afc-003b-4df5-938f-352c2caf81b5', '8bbe67c5-8a26-4bb3-93fa-274c02a8bdd2', 'f29a414e-3e33-4233-9fa5-76bade7aaf3f', '4e3fea78-27db-4cba-8bfd-0c8a396c75e1', 'Melhora significativa', 'Trouxe avanços na aplicação das técnicas no dia a dia.', 1774537090303, 'clínico', 'confirmed', 'ai', 1776956290303);
INSERT INTO ai_summaries (id, clinic_id, patient_id, appointment_id, content, suggested_questions, model, status, approved_content, approved_by, approved_at, created_at) VALUES ('a6797dfb-c6a0-4ca0-a645-3bd02c9b4d5a', '8bbe67c5-8a26-4bb3-93fa-274c02a8bdd2', 'f29a414e-3e33-4233-9fa5-76bade7aaf3f', NULL, 'Paciente em acompanhamento por insônia e alterações do sono. Ao longo das sessões observa-se evolução gradual, com melhor manejo emocional e boa adesão às técnicas propostas. Recomenda-se manter o plano terapêutico atual.', '["Como você tem dormido esta semana?","O que funcionou melhor entre as estratégias que combinamos?","Houve algum gatilho importante desde a última sessão?"]', 'vinculo-ai', 'ready', NULL, NULL, 1782917890303, 1782399490303);
INSERT INTO ai_alerts (id, clinic_id, patient_id, type, severity, message, status, created_at) VALUES ('bb56a72a-ff4d-42e5-bd83-f24e10c016a7', '8bbe67c5-8a26-4bb3-93fa-274c02a8bdd2', 'f29a414e-3e33-4233-9fa5-76bade7aaf3f', 'risk', 'high', 'Menção a pensamentos de desesperança na última sessão. Avaliar risco.', 'reviewed', 1781967490303);
INSERT INTO appointments (id, clinic_id, patient_id, psychologist_id, starts_at, ends_at, status, created_at) VALUES ('390f57db-5cbf-458f-8e6c-5c03d156a61e', '8bbe67c5-8a26-4bb3-93fa-274c02a8bdd2', 'f29a414e-3e33-4233-9fa5-76bade7aaf3f', 'b55a3cfb-a65d-4540-8821-d20f7a3c8d56', 1782313090303, 1782316090303, 'done', 1781794690303);
INSERT INTO appointments (id, clinic_id, patient_id, psychologist_id, starts_at, ends_at, status, created_at) VALUES ('eab599fd-6da7-4f62-96af-520006161f1c', '8bbe67c5-8a26-4bb3-93fa-274c02a8bdd2', 'f29a414e-3e33-4233-9fa5-76bade7aaf3f', 'b55a3cfb-a65d-4540-8821-d20f7a3c8d56', 1782917890303, 1782920890303, 'no_show', 1782485890303);
INSERT INTO appointments (id, clinic_id, patient_id, psychologist_id, starts_at, ends_at, status, created_at) VALUES ('e54c3f68-e909-4fb7-b598-e569b8736bcd', '8bbe67c5-8a26-4bb3-93fa-274c02a8bdd2', 'f29a414e-3e33-4233-9fa5-76bade7aaf3f', 'b55a3cfb-a65d-4540-8821-d20f7a3c8d56', 1783954690303, 1784303290303, 'scheduled', 1783349890303);
INSERT INTO consents (id, clinic_id, patient_id, type, version, granted_at, ip, revoked_at, created_at) VALUES ('642f72b9-e208-4cc3-bb44-3efc96736aee', '8bbe67c5-8a26-4bb3-93fa-274c02a8bdd2', 'f29a414e-3e33-4233-9fa5-76bade7aaf3f', 'general', '1.0', 1766415490303, '189.248.215.228', NULL, 1766415490303);
INSERT INTO consents (id, clinic_id, patient_id, type, version, granted_at, ip, revoked_at, created_at) VALUES ('64f18a5e-8a10-4d42-9159-e688b79d0ecd', '8bbe67c5-8a26-4bb3-93fa-274c02a8bdd2', 'f29a414e-3e33-4233-9fa5-76bade7aaf3f', 'ai', '1.0', 1766415490303, '189.48.79.234', NULL, 1766415490303);
INSERT INTO patients (id, clinic_id, psychologist_id, full_name, social_name, cpf, email, phone, whatsapp, birth_date, status, photo, profile, deleted_at, created_at) VALUES ('7521a289-6918-44d1-9a27-77dc29f10d13', '8bbe67c5-8a26-4bb3-93fa-274c02a8bdd2', 'b55a3cfb-a65d-4540-8821-d20f7a3c8d56', 'Igor Carvalho Silva', NULL, '734.728.207-68', 'igor.16@email.com', '(56) 96327-2747', '(87) 99992-3137', 1368543490303, 'active', 'data:image/svg+xml;base64,PHN2ZyB4bWxucz0iaHR0cDovL3d3dy53My5vcmcvMjAwMC9zdmciIHZpZXdCb3g9IjAgMCAyODAgMjgwIiBmaWxsPSJub25lIiBzaGFwZS1yZW5kZXJpbmc9ImF1dG8iPjxtZXRhZGF0YSB4bWxuczpyZGY9Imh0dHA6Ly93d3cudzMub3JnLzE5OTkvMDIvMjItcmRmLXN5bnRheC1ucyMiIHhtbG5zOnhzaT0iaHR0cDovL3d3dy53My5vcmcvMjAwMS9YTUxTY2hlbWEtaW5zdGFuY2UiIHhtbG5zOmRjPSJodHRwOi8vcHVybC5vcmcvZGMvZWxlbWVudHMvMS4xLyIgeG1sbnM6ZGN0ZXJtcz0iaHR0cDovL3B1cmwub3JnL2RjL3Rlcm1zLyI+PHJkZjpSREY+PHJkZjpEZXNjcmlwdGlvbj48ZGM6dGl0bGU+QXZhdGFhYXJzPC9kYzp0aXRsZT48ZGM6Y3JlYXRvcj5QYWJsbyBTdGFubGV5PC9kYzpjcmVhdG9yPjxkYzpzb3VyY2UgeHNpOnR5cGU9ImRjdGVybXM6VVJJIj5odHRwczovL2F2YXRhYWFycy5jb20vPC9kYzpzb3VyY2U+PGRjdGVybXM6bGljZW5zZSB4c2k6dHlwZT0iZGN0ZXJtczpVUkkiPmh0dHBzOi8vYXZhdGFhYXJzLmNvbS88L2RjdGVybXM6bGljZW5zZT48ZGM6cmlnaHRzPlJlbWl4IG9mIOKAnkF2YXRhYWFyc+KAnSAoaHR0cHM6Ly9hdmF0YWFhcnMuY29tLykgYnkg4oCeUGFibG8gU3RhbmxleeKAnSwgbGljZW5zZWQgdW5kZXIg4oCeRnJlZSBmb3IgcGVyc29uYWwgYW5kIGNvbW1lcmNpYWwgdXNl4oCdIChodHRwczovL2F2YXRhYWFycy5jb20vKTwvZGM6cmlnaHRzPjwvcmRmOkRlc2NyaXB0aW9uPjwvcmRmOlJERj48L21ldGFkYXRhPjxtYXNrIGlkPSJ2aWV3Ym94TWFzayI+PHJlY3Qgd2lkdGg9IjI4MCIgaGVpZ2h0PSIyODAiIHJ4PSIxNDAiIHJ5PSIxNDAiIHg9IjAiIHk9IjAiIGZpbGw9IiNmZmYiIC8+PC9tYXNrPjxnIG1hc2s9InVybCgjdmlld2JveE1hc2spIj48cmVjdCBmaWxsPSIjZmZkNWRjIiB3aWR0aD0iMjgwIiBoZWlnaHQ9IjI4MCIgeD0iMCIgeT0iMCIgLz48ZyB0cmFuc2Zvcm09InRyYW5zbGF0ZSg4KSI+PHBhdGggZD0iTTEzMiAzNmE1NiA1NiAwIDAgMC01NiA1NnY2LjE3QTEyIDEyIDAgMCAwIDY2IDExMHYxNGExMiAxMiAwIDAgMCAxMC4zIDExLjg4IDU2LjA0IDU2LjA0IDAgMCAwIDMxLjcgNDQuNzN2MTguNGgtNGE3MiA3MiAwIDAgMC03MiA3MnY5aDIwMHYtOWE3MiA3MiAwIDAgMC03Mi03MmgtNHYtMTguMzlhNTYuMDQgNTYuMDQgMCAwIDAgMzEuNy00NC43M0ExMiAxMiAwIDAgMCAxOTggMTI0di0xNGExMiAxMiAwIDAgMC0xMC0xMS44M1Y5MmE1NiA1NiAwIDAgMC01Ni01NloiIGZpbGw9IiNkMDhiNWIiLz48cGF0aCBkPSJNMTA4IDE4MC42MXY4YTU1Ljc5IDU1Ljc5IDAgMCAwIDI0IDUuMzljOC41OSAwIDE2LjczLTEuOTMgMjQtNS4zOXYtOGE1NS43OSA1NS43OSAwIDAgMS0yNCA1LjM5IDU1Ljc5IDU1Ljc5IDAgMCAxLTI0LTUuMzlaIiBmaWxsPSIjMDAwIiBmaWxsLW9wYWNpdHk9Ii4xIi8+PGcgdHJhbnNmb3JtPSJ0cmFuc2xhdGUoMCAxNzApIj48cGF0aCBkPSJNMTMyIDU3LjA1YzE0LjkxIDAgMjctMTEuMiAyNy0yNSAwLTEuMDEtLjA2LTIuMDEtLjItM2gxLjJhNzIgNzIgMCAwIDEgNzIgNzJWMTEwSDMydi04Ljk1YTcyIDcyIDAgMCAxIDcyLTcyaDEuMmMtLjE0Ljk5LS4yIDEuOTktLjIgMyAwIDEzLjggMTIuMDkgMjUgMjcgMjVaIiBmaWxsPSIjRTZFNkU2Ii8+PHBhdGggZD0iTTEwMC43OCAyOS4xMiAxMDEgMjhjLTIuOTYuMDUtNiAxLTYgMWwtLjQyLjY2QTcyLjAxIDcyLjAxIDAgMCAwIDMyIDEwMS4wNlYxMTBoNzRzLTEwLjctNTEuNTYtNS4yNC04MC44bC4wMi0uMDhaTTE1OCAxMTBzMTEtNTMgNS04MmMyLjk2LjA1IDYgMSA2IDFsLjQyLjY2YTcyLjAxIDcyLjAxIDAgMCAxIDYyLjU4IDcxLjRWMTEwaC03NFoiIGZpbGw9IiNiMWUyZmYiLz48cGF0aCBkPSJNMTAxIDI4Yy02IDI5IDUgODIgNSA4Mkg5MEw3NiA3NGw2LTktNi02IDE5LTMwczMuMDQtLjk1IDYtMVpNMTYzIDI4YzYgMjktNSA4Mi01IDgyaDE2bDE0LTM2LTYtOSA2LTYtMTktMzBzLTMuMDQtLjk1LTYtMVoiIGZpbGwtcnVsZT0iZXZlbm9kZCIgY2xpcC1ydWxlPSJldmVub2RkIiBmaWxsPSIjMDAwIiBmaWxsLW9wYWNpdHk9Ii4xNSIvPjxwYXRoIGQ9Ik0xMDggMjEuNTRjLTYuNzcgNC42LTExIDExLjEyLTExIDE4LjM1IDAgNy40IDQuNDMgMTQuMDUgMTEuNDggMTguNjdsNS45NC00LjY4IDQuNTguMzMtMS0zLjE1LjA4LS4wNmMtNi4xLTMuMTUtMTAuMDgtOC4zLTEwLjA4LTE0LjEyVjIxLjU0Wk0xNTYgMzYuODhjMCA1LjgyLTMuOTggMTAuOTctMTAuMDggMTQuMTJsLjA4LjA2LTEgMy4xNSA0LjU4LS4zMyA1Ljk0IDQuNjhDMTYyLjU3IDUzLjk0IDE2NyA0Ny4yOSAxNjcgMzkuODljMC03LjIzLTQuMjMtMTMuNzUtMTEtMTguMzV2MTUuMzRaIiBmaWxsPSIjRjJGMkYyIi8+PHBhdGggZD0ibTE4My40MiA4NS43Ny44Ny0yLjI0IDYuMjctNC43YTQgNCAwIDAgMSA0Ljg1LjA1bDYuNiA1LjEyLTE4LjU5IDEuNzdaIiBmaWxsPSIjRTZFNkU2Ii8+PC9nPjxnIHRyYW5zZm9ybT0idHJhbnNsYXRlKDc4IDEzNCkiPjxwYXRoIGZpbGwtcnVsZT0iZXZlbm9kZCIgY2xpcC1ydWxlPSJldmVub2RkIiBkPSJNNDAuMDYgMjcuNzJDNDAuNyAyMC43IDQ2LjcgMTYgNTQgMTZjNy4zNCAwIDEzLjM2IDQuNzUgMTMuOTUgMTEuODUuMDMuMzgtLjg3LjY3LTEuMzIuNDUtNS41NC0yLjc3LTkuNzUtNC4xNi0xMi42My00LjE2LTIuODQgMC03IDEuMzYtMTIuNDUgNC4wNy0uNS4yNS0xLjUzLS4wNy0xLjUtLjQ5WiIgZmlsbD0iIzAwMCIgZmlsbC1vcGFjaXR5PSIuNyIvPjwvZz48ZyB0cmFuc2Zvcm09InRyYW5zbGF0ZSgxMDQgMTIyKSI+PHBhdGggZmlsbC1ydWxlPSJldmVub2RkIiBjbGlwLXJ1bGU9ImV2ZW5vZGQiIGQ9Ik0xNiA4YzAgNC40MiA1LjM3IDggMTIgOHMxMi0zLjU4IDEyLTgiIGZpbGw9IiMwMDAiIGZpbGwtb3BhY2l0eT0iLjE2Ii8+PC9nPjxnIHRyYW5zZm9ybT0idHJhbnNsYXRlKDc2IDkwKSI+PHBhdGggZD0iTTM1Ljk2IDEwYy0yLjU1IDAtNS4wOCAxLjk4LTYuNDYgMy44Mi0xLjM5LTEuODQtMy45LTMuODItNi40Ni0zLjgyLTUuNDkgMC05LjA0IDMuMzMtOS4wNCA3LjY0IDAgNS43MyA0LjQxIDkuMTMgOS4wNCAxMi43NCAxLjY2IDEuMjMgNC43OCA0LjQgNS4xNyA1LjEuMzguNjggMi4xLjcgMi41OCAwIC40OC0uNzMgMy41MS0zLjg3IDUuMTctNS4xIDQuNjMtMy42IDkuMDQtNyA5LjA0LTEyLjc0IDAtNC4zLTMuNTUtNy42NC05LjA0LTcuNjRaTTg4Ljk2IDEwYy0yLjU1IDAtNS4wOCAxLjk4LTYuNDYgMy44Mi0xLjM5LTEuODQtMy45LTMuODItNi40Ni0zLjgyLTUuNDkgMC05LjA0IDMuMzMtOS4wNCA3LjY0IDAgNS43MyA0LjQxIDkuMTMgOS4wNCAxMi43NCAxLjY1IDEuMjMgNC43OCA0LjQgNS4xNyA1LjEuMzguNjggMi4xLjcgMi41OCAwIC40OC0uNzMgMy41MS0zLjg3IDUuMTctNS4xIDQuNjMtMy42IDkuMDQtNyA5LjA0LTEyLjc0IDAtNC4zLTMuNTUtNy42NC05LjA0LTcuNjRaIiBmaWxsPSIjRkY1MzUzIiBmaWxsLW9wYWNpdHk9Ii44Ii8+PC9nPjxnIHRyYW5zZm9ybT0idHJhbnNsYXRlKDc2IDgyKSI+PHBhdGggZD0iTTI2LjU1IDYuMTVjLTUuOC4yNy0xNS4yIDQuNDktMTQuOTYgMTAuMzQuMDEuMTguMy4yNy40My4xMiAyLjc2LTIuOTYgMjIuMzItNS45NSAyOS4yLTQuMzYuNjQuMTQgMS4xMi0uNDguNzItLjkzLTMuNDMtMy44NS0xMC4yLTUuNDMtMTUuNC01LjE4Wk04Ni40NSA2LjE1YzUuOC4yNyAxNS4yIDQuNDkgMTQuOTYgMTAuMzQtLjAxLjE4LS4zLjI3LS40My4xMi0yLjc2LTIuOTYtMjIuMzItNS45NS0yOS4yLTQuMzYtLjY0LjE0LTEuMTItLjQ4LS43Mi0uOTMgMy40My0zLjg1IDEwLjItNS40MyAxNS40LTUuMThaIiBmaWxsLXJ1bGU9ImV2ZW5vZGQiIGNsaXAtcnVsZT0iZXZlbm9kZCIgZmlsbD0iIzAwMCIgZmlsbC1vcGFjaXR5PSIuNiIvPjwvZz48ZyB0cmFuc2Zvcm09InRyYW5zbGF0ZSgtMSkiPjxwYXRoIGQ9Ik0xOTAuNDcgOTcuNWMxLTIuNCAxLjUzLTQuOTIgMS41My03LjUgMC0xOC4yMy0yNi40MS0zMy01OS0zMy0zMi41OCAwLTU5IDE0Ljc3LTU5IDMzIDAgMi41OC41MyA1LjEgMS41MyA3LjVDODEuNiA4Mi44OSAxMDUuMDMgNzIgMTMzIDcyczUxLjQgMTAuODkgNTcuNDcgMjUuNVoiIGZpbGw9IiNFREVDRTMiLz48cGF0aCBkPSJNNDkgOTQuMzJDNDguOTMgMTMzLjUgNzggMTQxIDc4IDE0MWMtNS40NC00OS41NSAyMy41NC02NS4xNSA0Ni41My03Ny41MyAyLjk0LTEuNTggNS43OC0zLjExIDguNDQtNC42NWEzMDkuNSAzMDkuNSAwIDAgMCA4LjQ4IDQuNjhDMTY0LjQzIDc1Ljg3IDE5My40MiA5MS40OCAxODggMTQxYzAgMCAyOS4wNy04LjQ2IDI5LTQ2LjY4QzIxNi45MiA0Ny4xNSAxNjQuODUgMyAxMzUgM2MtLjY3IDAtMS4zNC4wMy0yIC4wOS0uNjctLjA2LTEuMzMtLjA5LTItLjA5LTI5LjkzIDAtODEuOTIgNDQuMTUtODIgOTEuMzJaIiBmaWxsPSIjZmZmZmIxIi8+PHBhdGggZD0iTTQ5LjAxIDk1LjljLjcgMzcuOCAyOSA0NS4xIDI5IDQ1LjFzLTI5LjA3LTcuMDctMjktNDMuOTdsLjAxLTEuMTNaTTc3LjMzIDEyOS42OGMuMTUtMzcuODYgMjYuMTgtNTEuMDUgNDcuMi02MS43MSAxMS01LjU4IDIwLjY0LTEwLjQ3IDI0LjQ3LTE3LjgzIDQuMTMtNy4yNSA1LjM5LTEzLjk0IDQuNjUtMTkuNjctLjUgNC4zNy0xLjk4IDkuMS00LjY1IDE0LjA3LTMuODMgNy44Mi0xMy40NyAxMy0yNC40NyAxOC45My0yMS4xNCAxMS4zOC00Ny4zNSAyNS40OS00Ny4yIDY2LjIxWiIgZmlsbD0iIzAwMCIgZmlsbC1vcGFjaXR5PSIuMTYiLz48L2c+PGcgdHJhbnNmb3JtPSJ0cmFuc2xhdGUoNDkgNzIpIj48L2c+PGcgdHJhbnNmb3JtPSJ0cmFuc2xhdGUoNjIgNDIpIj48cGF0aCBkPSJNNzEgNTguMTFjLTExLjA0IDAtMTIuNjMtOS4wOC0zNS4zMy0xMC4zN0MxMyA0Ni43MiA1LjgyIDUzLjQ0IDUuNzcgNTguMTFjLjA0IDQuMy0xLjEyIDE1LjQ1IDEzLjYgMjguNTIgMTQuNzcgMTUuNTEgMjkuOSAxMC4yNSAzNS4zMiA1LjE4IDUuNDUtMi4zNCAxMS42NS0yMy4zNSAxNi4zLTIzLjMzIDQuNjcuMDIgMTAuODcgMjEgMTYuMzIgMjMuMzMgNS40MiA1LjA3IDIwLjU1IDEwLjMzIDM1LjMzLTUuMTggMTQuNzEtMTMuMDcgMTMuNTUtMjQuMjMgMTMuNTgtMjguNTItLjAzLTQuNjYtNy4yLTExLjQtMjkuOS0xMC4zN0M4My42MyA0OS4wMyA4Mi4wNSA1OC4xMSA3MSA1OC4xMVoiIGZpbGw9IiMwMDAiIGZpbGwtb3BhY2l0eT0iLjEiLz48cGF0aCBkPSJNNzEgNTYuMTFjLTExLjA0IDAtMTIuNjMtOS4wOC0zNS4zMy0xMC4zN0MxMyA0NC43MiA1LjgyIDUxLjQ0IDUuNzcgNTYuMTFjLjA0IDQuMy0xLjEyIDE1LjQ1IDEzLjYgMjguNTIgMTQuNzcgMTUuNTEgMjkuOSAxMC4yNSAzNS4zMiA1LjE4IDUuNDUtMi4zNCAxMS42NS0yMy4zNSAxNi4zLTIzLjMzIDQuNjcuMDIgMTAuODcgMjEgMTYuMzIgMjMuMzMgNS40MiA1LjA3IDIwLjU1IDEwLjMzIDM1LjMzLTUuMTggMTQuNzEtMTMuMDcgMTMuNTUtMjQuMjMgMTMuNTgtMjguNTItLjAzLTQuNjYtNy4yLTExLjQtMjkuOS0xMC4zN0M4My42MyA0Ny4wMyA4Mi4wNSA1Ni4xMSA3MSA1Ni4xMVoiIGZpbGw9IiNhN2ZmYzQiLz48cGF0aCBkPSJNMzIuOTUgNTAuOTNjMTQuMjctLjI5IDI3LjU2IDcuOSAyNy4xOCAxNS41NS0uMjIgNS4wNS0yLjkzIDIyLjgzLTE5LjAyIDIzLjMzLTE2LjEuNS0yNC44MS0xNy43OS0yNC40Ni0yNS45Mi4yLTMuNTEgMi4wNS0xMi42NyAxNi4zLTEyLjk2Wk0xMDkuMDUgNTAuOTNjLTE0LjI3LS4yOS0yNy41NiA3LjktMjcuMTggMTUuNTUuMjIgNS4wNSAyLjkzIDIyLjgzIDE5LjAyIDIzLjMzIDE2LjEuNSAyNC44MS0xNy43OSAyNC40Ni0yNS45Mi0uMi0zLjUxLTIuMDUtMTIuNjctMTYuMy0xMi45NloiIGZpbGw9IiMyRjM4M0IiLz48L2c+PC9nPjwvZz48L3N2Zz4=', '{"personal":{"isChild":true,"sex":"Masculino","gender":"Homem cisgênero","rg":"38.647.769-8","maritalStatus":"Solteiro(a)","profession":"Estudante","company":"Escola Municipal","education":"Ensino fundamental","address":"Rua Santos, 566","city":"Rio de Janeiro","state":"RJ","zip":"96049-228"},"clinical":{"complaint":"Dificuldades no relacionamento conjugal","goals":"Elaborar o processo de luto","suffering":"Leve","history":"Primeira experiência com terapia. Buscou ajuda por indicação médica.","priorDiagnoses":"Nenhum","priorTreatments":"Psicoterapia anterior","psychiatric":"Em acompanhamento psiquiátrico","referrals":"—"},"health":{"depression":false,"anxiety":false,"tdah":false,"tag":true,"bipolar":false,"medications":"—","diseases":"—","surgeries":"—","hospitalizations":"Uma internação prévia","familyHistory":"Sem histórico relevante"},"lifestyle":{"sleep":"Irregular","diet":"Equilibrada","sports":"Sedentário","gym":"Não","alcohol":"Social","smoking":"Ex-fumante","drugs":"Não","religion":"Umbanda","spirituality":"Pouco"},"financial":{"situation":"Instável","income":"4 a 8 salários","work":"Não se aplica","ownHome":"Não","rent":"Não","withFamily":"Sim","debt":"Não","car":"Não","motorcycle":"Não"},"interests":{"hobbies":"Games","music":"MPB","movies":"Documentários","books":"—","games":"Jogos casuais","tech":"Baixo","social":"Instagram"},"personality":{"introvert":true,"extrovert":false,"communicative":false,"reserved":false,"organized":false,"creative":true,"impulsive":true,"notes":"Dificuldade em pedir ajuda."},"relationships":{"family":"Conflituosa","friends":"Poucos amigos","romantic":"Em crise","work":"Neutra"}}', NULL, 1775055490303);
INSERT INTO sessions (id, clinic_id, patient_id, psychologist_id, occurred_at, duration_min, mood, emotional_scale, topics, objectives, techniques, evolution, next_steps, free_notes, created_at) VALUES ('e59cc791-2776-4091-9c5e-4e56d147249d', '8bbe67c5-8a26-4bb3-93fa-274c02a8bdd2', '7521a289-6918-44d1-9a27-77dc29f10d13', 'b55a3cfb-a65d-4540-8821-d20f7a3c8d56', 1781535490303, 45, 'Cansado(a)', 5, '["saúde","família","trabalho","sono"]', 'Elaborar o processo de luto', 'Treino de habilidades sociais', 'Apresentou resistência inicial, mas engajou-se ao final da sessão.', 'Manter diário do sono.', 'Sessão produtiva. Manter plano terapêutico.', 1781535490303);
INSERT INTO sessions (id, clinic_id, patient_id, psychologist_id, occurred_at, duration_min, mood, emotional_scale, topics, objectives, techniques, evolution, next_steps, free_notes, created_at) VALUES ('3be70b53-7cc7-473a-b970-25b0490f6bb8', '8bbe67c5-8a26-4bb3-93fa-274c02a8bdd2', '7521a289-6918-44d1-9a27-77dc29f10d13', 'b55a3cfb-a65d-4540-8821-d20f7a3c8d56', 1782053890303, 60, 'Esperançoso(a)', 5, '["trabalho","rotina"]', 'Melhorar a qualidade do sono', 'Técnicas de mindfulness', 'Percebe-se maior consciência emocional e vocabulário afetivo.', 'Manter diário do sono.', 'Sessão produtiva. Manter plano terapêutico.', 1782053890303);
INSERT INTO sessions (id, clinic_id, patient_id, psychologist_id, occurred_at, duration_min, mood, emotional_scale, topics, objectives, techniques, evolution, next_steps, free_notes, created_at) VALUES ('e7f6654b-4c28-45af-9cf4-17f19fb7ac28', '8bbe67c5-8a26-4bb3-93fa-274c02a8bdd2', '7521a289-6918-44d1-9a27-77dc29f10d13', 'b55a3cfb-a65d-4540-8821-d20f7a3c8d56', 1782745090303, 45, 'Motivado(a)', 7, '["trabalho","ansiedade","autoestima"]', 'Melhorar a qualidade do sono', 'Treino de habilidades sociais', 'Relatou leve melhora nos sintomas ao longo da semana.', 'Retomar atividade física gradualmente.', 'Sessão produtiva. Manter plano terapêutico.', 1782745090303);
INSERT INTO timeline_events (id, clinic_id, patient_id, session_id, title, description, event_date, category, status, source, created_at) VALUES ('c7617cf6-0841-4d2e-84ed-e72029483b2d', '8bbe67c5-8a26-4bb3-93fa-274c02a8bdd2', '7521a289-6918-44d1-9a27-77dc29f10d13', 'e7f6654b-4c28-45af-9cf4-17f19fb7ac28', 'Viagem/afastamento', 'Paciente demonstrou boa adesão às tarefas propostas.', 1768748290303, 'clínico', 'confirmed', 'manual', 1770130690303);
INSERT INTO timeline_events (id, clinic_id, patient_id, session_id, title, description, event_date, category, status, source, created_at) VALUES ('82481c98-7ada-4032-825d-a27819fd01b7', '8bbe67c5-8a26-4bb3-93fa-274c02a8bdd2', '7521a289-6918-44d1-9a27-77dc29f10d13', NULL, 'Perda familiar', 'Paciente demonstrou boa adesão às tarefas propostas.', 1770044290303, 'trabalho', 'confirmed', 'manual', 1772549890303);
INSERT INTO timeline_events (id, clinic_id, patient_id, session_id, title, description, event_date, category, status, source, created_at) VALUES ('104f2e1e-b5f7-4057-b5bb-0084a8f8c26b', '8bbe67c5-8a26-4bb3-93fa-274c02a8bdd2', '7521a289-6918-44d1-9a27-77dc29f10d13', NULL, 'Recaída pontual', 'Relatou leve melhora nos sintomas ao longo da semana.', 1774537090303, 'trabalho', 'suggested', 'manual', 1777474690303);
INSERT INTO ai_summaries (id, clinic_id, patient_id, appointment_id, content, suggested_questions, model, status, approved_content, approved_by, approved_at, created_at) VALUES ('cc133ad3-e1fb-411b-85e5-d0db3655a924', '8bbe67c5-8a26-4bb3-93fa-274c02a8bdd2', '7521a289-6918-44d1-9a27-77dc29f10d13', NULL, 'Paciente em acompanhamento por transtorno alimentar. Ao longo das sessões observa-se evolução gradual, com melhor manejo emocional e boa adesão às técnicas propostas. Recomenda-se manter o plano terapêutico atual.', '["Como você tem dormido esta semana?","O que funcionou melhor entre as estratégias que combinamos?","Houve algum gatilho importante desde a última sessão?"]', 'vinculo-ai', 'approved', NULL, 'b55a3cfb-a65d-4540-8821-d20f7a3c8d56', NULL, 1782572290303);
INSERT INTO appointments (id, clinic_id, patient_id, psychologist_id, starts_at, ends_at, status, created_at) VALUES ('60540c1a-3ba0-4aec-bf55-962df55c6ce7', '8bbe67c5-8a26-4bb3-93fa-274c02a8bdd2', '7521a289-6918-44d1-9a27-77dc29f10d13', 'b55a3cfb-a65d-4540-8821-d20f7a3c8d56', 1782313090303, 1782316090303, 'done', 1781794690303);
INSERT INTO appointments (id, clinic_id, patient_id, psychologist_id, starts_at, ends_at, status, created_at) VALUES ('71cc211c-cca2-417d-adeb-55e1217dfcd0', '8bbe67c5-8a26-4bb3-93fa-274c02a8bdd2', '7521a289-6918-44d1-9a27-77dc29f10d13', 'b55a3cfb-a65d-4540-8821-d20f7a3c8d56', 1782917890303, 1782920890303, 'done', 1782485890303);
INSERT INTO appointments (id, clinic_id, patient_id, psychologist_id, starts_at, ends_at, status, created_at) VALUES ('21b723fb-02eb-4b40-813e-760d65e1428f', '8bbe67c5-8a26-4bb3-93fa-274c02a8bdd2', '7521a289-6918-44d1-9a27-77dc29f10d13', 'b55a3cfb-a65d-4540-8821-d20f7a3c8d56', 1783695490303, 1784130490303, 'scheduled', 1783349890303);
INSERT INTO consents (id, clinic_id, patient_id, type, version, granted_at, ip, revoked_at, created_at) VALUES ('c0aa09f3-d689-4f92-aaa7-b6568226d617', '8bbe67c5-8a26-4bb3-93fa-274c02a8bdd2', '7521a289-6918-44d1-9a27-77dc29f10d13', 'general', '1.0', 1775055490303, '189.17.150.233', NULL, 1775055490303);
INSERT INTO consents (id, clinic_id, patient_id, type, version, granted_at, ip, revoked_at, created_at) VALUES ('3002295d-b8f5-4d81-92c0-3899297fe6c3', '8bbe67c5-8a26-4bb3-93fa-274c02a8bdd2', '7521a289-6918-44d1-9a27-77dc29f10d13', 'ai', '1.0', 1775055490303, '189.154.39.13', NULL, 1775055490303);
INSERT INTO patients (id, clinic_id, psychologist_id, full_name, social_name, cpf, email, phone, whatsapp, birth_date, status, photo, profile, deleted_at, created_at) VALUES ('450369c3-9fab-44f5-ae7b-2e00fb7c1ed5', '8bbe67c5-8a26-4bb3-93fa-274c02a8bdd2', 'b55a3cfb-a65d-4540-8821-d20f7a3c8d56', 'Marcelo Nunes Santos', NULL, '644.582.575-71', 'marcelo.17@email.com', '(66) 98541-6463', '(78) 94462-4993', 1585925890303, 'active', 'data:image/svg+xml;base64,PHN2ZyB4bWxucz0iaHR0cDovL3d3dy53My5vcmcvMjAwMC9zdmciIHZpZXdCb3g9IjAgMCAyODAgMjgwIiBmaWxsPSJub25lIiBzaGFwZS1yZW5kZXJpbmc9ImF1dG8iPjxtZXRhZGF0YSB4bWxuczpyZGY9Imh0dHA6Ly93d3cudzMub3JnLzE5OTkvMDIvMjItcmRmLXN5bnRheC1ucyMiIHhtbG5zOnhzaT0iaHR0cDovL3d3dy53My5vcmcvMjAwMS9YTUxTY2hlbWEtaW5zdGFuY2UiIHhtbG5zOmRjPSJodHRwOi8vcHVybC5vcmcvZGMvZWxlbWVudHMvMS4xLyIgeG1sbnM6ZGN0ZXJtcz0iaHR0cDovL3B1cmwub3JnL2RjL3Rlcm1zLyI+PHJkZjpSREY+PHJkZjpEZXNjcmlwdGlvbj48ZGM6dGl0bGU+QXZhdGFhYXJzPC9kYzp0aXRsZT48ZGM6Y3JlYXRvcj5QYWJsbyBTdGFubGV5PC9kYzpjcmVhdG9yPjxkYzpzb3VyY2UgeHNpOnR5cGU9ImRjdGVybXM6VVJJIj5odHRwczovL2F2YXRhYWFycy5jb20vPC9kYzpzb3VyY2U+PGRjdGVybXM6bGljZW5zZSB4c2k6dHlwZT0iZGN0ZXJtczpVUkkiPmh0dHBzOi8vYXZhdGFhYXJzLmNvbS88L2RjdGVybXM6bGljZW5zZT48ZGM6cmlnaHRzPlJlbWl4IG9mIOKAnkF2YXRhYWFyc+KAnSAoaHR0cHM6Ly9hdmF0YWFhcnMuY29tLykgYnkg4oCeUGFibG8gU3RhbmxleeKAnSwgbGljZW5zZWQgdW5kZXIg4oCeRnJlZSBmb3IgcGVyc29uYWwgYW5kIGNvbW1lcmNpYWwgdXNl4oCdIChodHRwczovL2F2YXRhYWFycy5jb20vKTwvZGM6cmlnaHRzPjwvcmRmOkRlc2NyaXB0aW9uPjwvcmRmOlJERj48L21ldGFkYXRhPjxtYXNrIGlkPSJ2aWV3Ym94TWFzayI+PHJlY3Qgd2lkdGg9IjI4MCIgaGVpZ2h0PSIyODAiIHJ4PSIxNDAiIHJ5PSIxNDAiIHg9IjAiIHk9IjAiIGZpbGw9IiNmZmYiIC8+PC9tYXNrPjxnIG1hc2s9InVybCgjdmlld2JveE1hc2spIj48cmVjdCBmaWxsPSIjYzBhZWRlIiB3aWR0aD0iMjgwIiBoZWlnaHQ9IjI4MCIgeD0iMCIgeT0iMCIgLz48ZyB0cmFuc2Zvcm09InRyYW5zbGF0ZSg4KSI+PHBhdGggZD0iTTEzMiAzNmE1NiA1NiAwIDAgMC01NiA1NnY2LjE3QTEyIDEyIDAgMCAwIDY2IDExMHYxNGExMiAxMiAwIDAgMCAxMC4zIDExLjg4IDU2LjA0IDU2LjA0IDAgMCAwIDMxLjcgNDQuNzN2MTguNGgtNGE3MiA3MiAwIDAgMC03MiA3MnY5aDIwMHYtOWE3MiA3MiAwIDAgMC03Mi03MmgtNHYtMTguMzlhNTYuMDQgNTYuMDQgMCAwIDAgMzEuNy00NC43M0ExMiAxMiAwIDAgMCAxOTggMTI0di0xNGExMiAxMiAwIDAgMC0xMC0xMS44M1Y5MmE1NiA1NiAwIDAgMC01Ni01NloiIGZpbGw9IiNkMDhiNWIiLz48cGF0aCBkPSJNMTA4IDE4MC42MXY4YTU1Ljc5IDU1Ljc5IDAgMCAwIDI0IDUuMzljOC41OSAwIDE2LjczLTEuOTMgMjQtNS4zOXYtOGE1NS43OSA1NS43OSAwIDAgMS0yNCA1LjM5IDU1Ljc5IDU1Ljc5IDAgMCAxLTI0LTUuMzlaIiBmaWxsPSIjMDAwIiBmaWxsLW9wYWNpdHk9Ii4xIi8+PGcgdHJhbnNmb3JtPSJ0cmFuc2xhdGUoMCAxNzApIj48cGF0aCBkPSJNMTA4IDE0LjdjLTE1LjUyIDMuNjgtMjcuMSAxMC44My0zMC43NyAxOS40NEE3Mi4wMiA3Mi4wMiAwIDAgMCAzMiAxMDF2OWgyMDB2LTlhNzIuMDIgNzIuMDIgMCAwIDAtNDUuMjMtNjYuODZDMTgzLjEgMjUuNTMgMTcxLjUyIDE4LjM4IDE1NiAxNC43VjMyYTI0IDI0IDAgMSAxLTQ4IDBWMTQuN1oiIGZpbGw9IiM2NWM5ZmYiLz48cGF0aCBkPSJNMTAyIDYzLjM0YTY3LjEgNjcuMSAwIDAgMS03LTIuODJWMTEwaDdWNjMuMzRaTTE2MiA2My4zNGE2Ny4wNCA2Ny4wNCAwIDAgMCA3LTIuODJWOTguNWEzLjUgMy41IDAgMSAxLTcgMFY2My4zNFoiIGZpbGw9IiNGNEY0RjQiLz48cGF0aCBkPSJNMTg3LjYyIDM0LjQ5YTcxLjc5IDcxLjc5IDAgMCAxIDEwLjgzIDUuNjNDMTk3LjExIDU1LjYyIDE2Ny44NyA2OCAxMzIgNjhjMzAuOTMgMCA1Ni0xMy40MyA1Ni0zMCAwLTEuMTktLjEzLTIuMzYtLjM4LTMuNTFaTTc2LjM4IDM0LjQ5YTE2LjQ4IDE2LjQ4IDAgMCAwLS4zOCAzLjVjMCAxNi41OCAyNS4wNyAzMCA1NiAzMC0zNS44NyAwLTY1LjEtMTIuMzgtNjYuNDUtMjcuODhhNzEuNzkgNzEuNzkgMCAwIDEgMTAuODMtNS42M1oiIGZpbGw9IiMwMDAiIGZpbGwtb3BhY2l0eT0iLjE2Ii8+PC9nPjxnIHRyYW5zZm9ybT0idHJhbnNsYXRlKDc4IDEzNCkiPjxwYXRoIGZpbGwtcnVsZT0iZXZlbm9kZCIgY2xpcC1ydWxlPSJldmVub2RkIiBkPSJNMzUuMTIgMjkuODdhMTkgMTkgMCAwIDEgMzcuNzcuMDljLjA4Ljc3LS43NyAyLjA0LTEuODUgMi4wNEgzNy4xQzM2IDMyIDM1IDMwLjgyIDM1LjEyIDI5Ljg3WiIgZmlsbD0iIzAwMCIgZmlsbC1vcGFjaXR5PSIuNyIvPjxwYXRoIGQ9Ik02OS41OSAzMkgzOC40YTExIDExIDAgMCAxIDE1LjYtNi44QTExIDExIDAgMCAxIDY5LjU5IDMyWiIgZmlsbD0iI0ZGNEY2RCIvPjxwYXRoIGQ9Ik02Ni41NyAxNy43NUE1IDUgMCAwIDEgNjUgMThINDRjLS44IDAtMS41Ny0uMi0yLjI0LS41M0ExOC45MiAxOC45MiAwIDAgMSA1NCAxM2M0LjgyIDAgOS4yMiAxLjggMTIuNTcgNC43NVoiIGZpbGw9IiNmZmYiLz48L2c+PGcgdHJhbnNmb3JtPSJ0cmFuc2xhdGUoMTA0IDEyMikiPjxwYXRoIGZpbGwtcnVsZT0iZXZlbm9kZCIgY2xpcC1ydWxlPSJldmVub2RkIiBkPSJNMTYgOGMwIDQuNDIgNS4zNyA4IDEyIDhzMTItMy41OCAxMi04IiBmaWxsPSIjMDAwIiBmaWxsLW9wYWNpdHk9Ii4xNiIvPjwvZz48ZyB0cmFuc2Zvcm09InRyYW5zbGF0ZSg3NiA5MCkiPjxwYXRoIGQ9Ik00NCAyMmExNCAxNCAwIDEgMS0yOCAwIDE0IDE0IDAgMCAxIDI4IDBaTTk2IDIyYTE0IDE0IDAgMSAxLTI4IDAgMTQgMTQgMCAwIDEgMjggMFoiIGZpbGw9IiNmZmYiLz48cGF0aCBkPSJNMzYgMjJhNiA2IDAgMSAxLTEyIDAgNiA2IDAgMCAxIDEyIDBaTTg4IDIyYTYgNiAwIDEgMS0xMiAwIDYgNiAwIDAgMSAxMiAwWiIgZmlsbD0iIzAwMCIgZmlsbC1vcGFjaXR5PSIuNyIvPjwvZz48ZyB0cmFuc2Zvcm09InRyYW5zbGF0ZSg3NiA4MikiPjxwYXRoIGQ9Im0yMi43NyAxLjU4LjktLjRDMjguOTMtLjkxIDM2Ljg4LS4wMyA0MS43MyAyLjNjLjU3LjI3LjE4IDEuMTUtLjQgMS4xLTE0LjkyLTEuMTQtMjQuOTYgOC4xNS0yOC4zNyAxNC40NS0uMS4xOC0uNDEuMi0uNDkuMDMtMi4zLTUuMzIgNC40NS0xMy45OCAxMC4zLTE2LjNaTTg5LjIzIDEuNThsLS45LS40QzgzLjA3LS45MSA3NS4xMi0uMDMgNzAuMjcgMi4zYy0uNTcuMjctLjE4IDEuMTUuNCAxLjEgMTQuOTItMS4xNCAyNC45NiA4LjE1IDI4LjM3IDE0LjQ1LjEuMTguNDEuMi40OS4wMyAyLjMtNS4zMi00LjQ1LTEzLjk4LTEwLjMtMTYuM1oiIGZpbGwtcnVsZT0iZXZlbm9kZCIgY2xpcC1ydWxlPSJldmVub2RkIiBmaWxsPSIjMDAwIiBmaWxsLW9wYWNpdHk9Ii42Ii8+PC9nPjxnIHRyYW5zZm9ybT0idHJhbnNsYXRlKC0xKSI+PHBhdGggZmlsbC1ydWxlPSJldmVub2RkIiBjbGlwLXJ1bGU9ImV2ZW5vZGQiIGQ9Ik0xOTMuNzYgNzAuNzdhNjIuOTIgNjIuOTIgMCAwIDAtMS41MS05Ljg2IDUxLjc4IDUxLjc4IDAgMCAwLTIuNS03LjQ5Yy0uNi0xLjQ4LTIuMDItMy41Mi0yLjE5LTUuMTMtLjE2LTEuNTcgMS4wNy0zLjMyIDEuMzMtNS4xNi4yNC0xLjc5LjItMy42Ni0uMTctNS40NC0uODMtNC4wMy0zLjYtNy43Ny03Ljg1LTguODItLjk1LS4yMy0yLjk3LjA2LTMuNjQtLjUtLjc3LS42My0xLjMtMi44LTItMy42Ny0yLTIuNDctNS4xLTQuMDctOC4zNy0zLjUxLTIuNDEuNC0xLjAzLjktMi44NC0uNTEtMS0uOC0xLjc1LTItMi43My0yLjg1YTI0LjcgMjQuNyAwIDAgMC00LjktMy4yOCA1MC44MiA1MC44MiAwIDAgMC0xNC44NC00LjkxYy05LjI4LTEuNTItMTkuMi0uMi0yOC4yIDIuMjJhNzQuNTggNzQuNTggMCAwIDAtMTMuMTQgNC43NGMtMS43OC44Ny0yLjgxIDEuNTgtNC42NyAxLjgxLTIuOTMuMzYtNS40LjM0LTguMTggMS41OC04LjU0IDMuODItMTIuMzkgMTIuNjktOS4wNiAyMS4xNy42NiAxLjcxIDEuNTcgMy4yMSAyLjgyIDQuNTkgMS41MiAxLjY4IDIuMDcgMS4zNS43NiAzLjI4YTUyLjc4IDUyLjc4IDAgMCAwLTQuOTYgOS4xN2MtMy41MyA4LjQtNC4xMiAxNy44Ny0zLjg5IDI2LjgzLjA4IDMuMTMuMjIgNi4zLjcxIDkuNDIuMjIgMS4zNC4yOCAzLjg3IDEuMjkgNC44Ny41LjUgMS4yNC43OCAxLjk2LjU4IDEuNzEtLjQ3IDEuMTMtMS43MyAxLjE3LTIuOS4yLTUuODgtLjA4LTExLjA4IDEuMzItMTYuOWE0NC40IDQ0LjQgMCAwIDEgNS0xMi4wMyA3Mi4wNyA3Mi4wNyAwIDAgMSA5LjgtMTMuMzVjLjkyLS45OSAxLjEyLTEuNCAyLjM1LTEuNDguOTMtLjA1IDIuMy41OSAzLjIuOCAyIC41IDQgLjk4IDYuMDMgMS4zIDMuNzQuNiA3LjQ1LjY1IDExLjIyLjUzIDcuNDMtLjIzIDE0Ljg4LS43NSAyMi4wOS0yLjYyIDQuNzgtMS4yNCA5LjAyLTMuNDcgMTMuNi01LjEuMDgtLjA0IDEuMjMtLjg1IDEuNDMtLjgyLjI4LjA0IDEuOTcgMS44MiAyLjI2IDIuMDUgMi4yMyAxLjc0IDQuNjcgMi40OCA3LjA3IDMuODMgMi45NyAxLjY2LjEtLjcyIDEuNzMgMS4zNi40OC42LjcyIDEuNzIgMS4xIDIuNCAxLjIyIDIuMiAyLjkgNC4xIDQuOTMgNS42MyAxLjk2IDEuNDcgNC45IDIuMTggNS45IDQuMS43NiAxLjQ3IDEuMDIgMy40OCAxLjY0IDUuMDYgMS42MyA0LjEzIDMuNzggNy45OSA1LjkzIDExLjg4IDEuNzMgMy4xNCAzLjYyIDUuODkgMy44MSA5LjQ3LjA3IDEuMjUtMS4xMiA4Ljc0IDEuNzggNi40Ni40My0uMzQgMS4zNS00LjE1IDEuNTQtNC44Ljc3LTIuNjMgMS4wNS01LjM4IDEuNC04LjA5LjY5LTUuMzguOTItMTAuNS40Ni0xNS45MVoiIGZpbGw9IiM0YTMxMmMiLz48L2c+PGcgdHJhbnNmb3JtPSJ0cmFuc2xhdGUoNDkgNzIpIj48L2c+PGcgdHJhbnNmb3JtPSJ0cmFuc2xhdGUoNjIgNDIpIj48L2c+PC9nPjwvZz48L3N2Zz4=', '{"personal":{"isChild":true,"sex":"Masculino","gender":"Homem cisgênero","rg":"26.385.227-7","maritalStatus":"Solteiro(a)","profession":"Estudante","company":"Escola Municipal","education":"Ensino fundamental","address":"Rua Pereira, 330","city":"Belo Horizonte","state":"MG","zip":"80383-577"},"clinical":{"complaint":"Estresse e esgotamento no trabalho (burnout)","goals":"Elaborar o processo de luto","suffering":"Moderado","history":"Já fez acompanhamento anterior por cerca de um ano. Retornou após recaída.","priorDiagnoses":"Episódio depressivo","priorTreatments":"Psicoterapia anterior","psychiatric":"Não","referrals":"—"},"health":{"depression":false,"anxiety":false,"tdah":false,"tag":false,"bipolar":true,"medications":"Clonazepam (SOS)","diseases":"—","surgeries":"—","hospitalizations":"Não","familyHistory":"Sem histórico relevante"},"lifestyle":{"sleep":"Insônia frequente","diet":"Irregular","sports":"Yoga","gym":"Sim","alcohol":"Frequente","smoking":"Sim","drugs":"Não","religion":"Evangélica","spirituality":"Pouco"},"financial":{"situation":"Instável","income":"1 a 2 salários","work":"Não se aplica","ownHome":"Sim","rent":"Não","withFamily":"Sim","debt":"Endividado","car":"Não","motorcycle":"Não"},"interests":{"hobbies":"Jardinagem","music":"Rock","movies":"Documentários","books":"—","games":"—","tech":"Médio","social":"Pouco ativo"},"personality":{"introvert":false,"extrovert":false,"communicative":false,"reserved":false,"organized":false,"creative":true,"impulsive":false,"notes":"Perfeccionista e autocrítico(a)."},"relationships":{"family":"Muito próxima","friends":"Isolamento recente","romantic":"Instável","work":"Tensa"}}', NULL, 1768143490303);
INSERT INTO sessions (id, clinic_id, patient_id, psychologist_id, occurred_at, duration_min, mood, emotional_scale, topics, objectives, techniques, evolution, next_steps, free_notes, created_at) VALUES ('c32f364f-88f4-4ff6-8b91-3326f450de29', '8bbe67c5-8a26-4bb3-93fa-274c02a8bdd2', '450369c3-9fab-44f5-ae7b-2e00fb7c1ed5', 'b55a3cfb-a65d-4540-8821-d20f7a3c8d56', 1779893890304, 50, 'Cansado(a)', 7, '["rotina","finanças","ansiedade","autoestima"]', 'Desenvolver estratégias de enfrentamento', 'Reestruturação cognitiva', 'Apresentou resistência inicial, mas engajou-se ao final da sessão.', 'Manter diário do sono.', 'Sessão produtiva. Manter plano terapêutico.', 1779893890304);
INSERT INTO sessions (id, clinic_id, patient_id, psychologist_id, occurred_at, duration_min, mood, emotional_scale, topics, objectives, techniques, evolution, next_steps, free_notes, created_at) VALUES ('63d01a18-c3e8-4379-aac1-fb6f4560cc47', '8bbe67c5-8a26-4bb3-93fa-274c02a8bdd2', '450369c3-9fab-44f5-ae7b-2e00fb7c1ed5', 'b55a3cfb-a65d-4540-8821-d20f7a3c8d56', 1780325890304, 50, 'Irritado(a)', 8, '["trabalho","rotina","finanças"]', 'Melhorar a qualidade do sono', 'Treino de habilidades sociais', 'Paciente demonstrou boa adesão às tarefas propostas.', 'Retomar atividade física gradualmente.', NULL, 1780325890304);
INSERT INTO sessions (id, clinic_id, patient_id, psychologist_id, occurred_at, duration_min, mood, emotional_scale, topics, objectives, techniques, evolution, next_steps, free_notes, created_at) VALUES ('5ee63a78-fe2c-4c2c-9a59-4582b071c1ed', '8bbe67c5-8a26-4bb3-93fa-274c02a8bdd2', '450369c3-9fab-44f5-ae7b-2e00fb7c1ed5', 'b55a3cfb-a65d-4540-8821-d20f7a3c8d56', 1781103490304, 50, 'Estável', 7, '["trabalho","família"]', 'Melhorar a comunicação nos relacionamentos', 'Psicoeducação', 'Apresentou resistência inicial, mas engajou-se ao final da sessão.', 'Retomar atividade física gradualmente.', NULL, 1781103490304);
INSERT INTO sessions (id, clinic_id, patient_id, psychologist_id, occurred_at, duration_min, mood, emotional_scale, topics, objectives, techniques, evolution, next_steps, free_notes, created_at) VALUES ('84a5fb66-5d04-4c23-8368-7d46587510cc', '8bbe67c5-8a26-4bb3-93fa-274c02a8bdd2', '450369c3-9fab-44f5-ae7b-2e00fb7c1ed5', 'b55a3cfb-a65d-4540-8821-d20f7a3c8d56', 1781708290304, 45, 'Ansioso(a)', 8, '["trabalho","luto"]', 'Reduzir a frequência das crises de ansiedade', 'Respiração diafragmática', 'Paciente demonstrou boa adesão às tarefas propostas.', 'Trabalhar limites nos relacionamentos.', NULL, 1781708290304);
INSERT INTO sessions (id, clinic_id, patient_id, psychologist_id, occurred_at, duration_min, mood, emotional_scale, topics, objectives, techniques, evolution, next_steps, free_notes, created_at) VALUES ('29aee2e8-a7dd-4fb8-aebd-deb21c173b00', '8bbe67c5-8a26-4bb3-93fa-274c02a8bdd2', '450369c3-9fab-44f5-ae7b-2e00fb7c1ed5', 'b55a3cfb-a65d-4540-8821-d20f7a3c8d56', 1782226690304, 45, 'Deprimido(a)', 5, '["lazer","autoestima","sono","trabalho"]', 'Reorganizar a rotina e o autocuidado', 'Exposição gradual', 'Paciente demonstrou boa adesão às tarefas propostas.', 'Praticar respiração diafragmática 2x ao dia.', NULL, 1782226690304);
INSERT INTO sessions (id, clinic_id, patient_id, psychologist_id, occurred_at, duration_min, mood, emotional_scale, topics, objectives, techniques, evolution, next_steps, free_notes, created_at) VALUES ('637d763a-4555-49ec-9100-f42cd1930cfd', '8bbe67c5-8a26-4bb3-93fa-274c02a8bdd2', '450369c3-9fab-44f5-ae7b-2e00fb7c1ed5', 'b55a3cfb-a65d-4540-8821-d20f7a3c8d56', 1782658690304, 45, 'Irritado(a)', 3, '["saúde","sono","ansiedade","trabalho"]', 'Melhorar a qualidade do sono', 'Ativação comportamental', 'Trouxe avanços na aplicação das técnicas no dia a dia.', 'Retomar atividade física gradualmente.', NULL, 1782658690304);
INSERT INTO timeline_events (id, clinic_id, patient_id, session_id, title, description, event_date, category, status, source, created_at) VALUES ('a75aae70-ead5-490c-bfce-bbeb022ad239', '8bbe67c5-8a26-4bb3-93fa-274c02a8bdd2', '450369c3-9fab-44f5-ae7b-2e00fb7c1ed5', '5ee63a78-fe2c-4c2c-9a59-4582b071c1ed', 'Melhora significativa', 'Apresentou resistência inicial, mas engajou-se ao final da sessão.', 1775833090304, 'pessoal', 'suggested', 'ai', 1778425090304);
INSERT INTO timeline_events (id, clinic_id, patient_id, session_id, title, description, event_date, category, status, source, created_at) VALUES ('29ad2e82-0ccb-46bf-b112-797da8ee81b4', '8bbe67c5-8a26-4bb3-93fa-274c02a8bdd2', '450369c3-9fab-44f5-ae7b-2e00fb7c1ed5', '637d763a-4555-49ec-9100-f42cd1930cfd', 'Recaída pontual', 'Apresentou resistência inicial, mas engajou-se ao final da sessão.', 1771858690304, 'pessoal', 'confirmed', 'ai', 1779116290304);
INSERT INTO timeline_events (id, clinic_id, patient_id, session_id, title, description, event_date, category, status, source, created_at) VALUES ('734a5741-b03f-4187-b4ea-dc865a045bd7', '8bbe67c5-8a26-4bb3-93fa-274c02a8bdd2', '450369c3-9fab-44f5-ae7b-2e00fb7c1ed5', '5ee63a78-fe2c-4c2c-9a59-4582b071c1ed', 'Conclusão de etapa', 'Paciente demonstrou boa adesão às tarefas propostas.', 1775055490304, 'trabalho', 'confirmed', 'ai', 1781449090304);
INSERT INTO ai_summaries (id, clinic_id, patient_id, appointment_id, content, suggested_questions, model, status, approved_content, approved_by, approved_at, created_at) VALUES ('3fe55166-473e-498e-bce0-a4d864118f68', '8bbe67c5-8a26-4bb3-93fa-274c02a8bdd2', '450369c3-9fab-44f5-ae7b-2e00fb7c1ed5', NULL, 'Paciente em acompanhamento por ansiedade e crises de pânico. Ao longo das sessões observa-se evolução gradual, com melhor manejo emocional e boa adesão às técnicas propostas. Recomenda-se manter o plano terapêutico atual.', '["Como você tem dormido esta semana?","O que funcionou melhor entre as estratégias que combinamos?","Houve algum gatilho importante desde a última sessão?"]', 'vinculo-ai', 'ready', NULL, 'b55a3cfb-a65d-4540-8821-d20f7a3c8d56', 1781794690304, 1781017090304);
INSERT INTO ai_alerts (id, clinic_id, patient_id, type, severity, message, status, created_at) VALUES ('6ee11b08-7c30-48f2-a167-32252c45c5d7', '8bbe67c5-8a26-4bb3-93fa-274c02a8bdd2', '450369c3-9fab-44f5-ae7b-2e00fb7c1ed5', 'medication', 'medium', 'Relato de interrupção da medicação por conta própria.', 'reviewed', 1782226690304);
INSERT INTO ai_alerts (id, clinic_id, patient_id, type, severity, message, status, created_at) VALUES ('29b8a57c-0c4c-433c-9575-3c588fe3d8ad', '8bbe67c5-8a26-4bb3-93fa-274c02a8bdd2', '450369c3-9fab-44f5-ae7b-2e00fb7c1ed5', 'medication', 'medium', 'Relato de interrupção da medicação por conta própria.', 'active', 1780066690304);
INSERT INTO appointments (id, clinic_id, patient_id, psychologist_id, starts_at, ends_at, status, created_at) VALUES ('0fc2c21d-bb52-4f9f-a879-575f337bce2b', '8bbe67c5-8a26-4bb3-93fa-274c02a8bdd2', '450369c3-9fab-44f5-ae7b-2e00fb7c1ed5', 'b55a3cfb-a65d-4540-8821-d20f7a3c8d56', 1782313090304, 1782316090304, 'done', 1781794690304);
INSERT INTO appointments (id, clinic_id, patient_id, psychologist_id, starts_at, ends_at, status, created_at) VALUES ('ad27d5e8-2a7e-4ccd-a41f-de1ec64bb3bb', '8bbe67c5-8a26-4bb3-93fa-274c02a8bdd2', '450369c3-9fab-44f5-ae7b-2e00fb7c1ed5', 'b55a3cfb-a65d-4540-8821-d20f7a3c8d56', 1782917890304, 1782920890304, 'no_show', 1782485890304);
INSERT INTO appointments (id, clinic_id, patient_id, psychologist_id, starts_at, ends_at, status, created_at) VALUES ('b657df4f-cff0-4180-86c8-69c6a8c52831', '8bbe67c5-8a26-4bb3-93fa-274c02a8bdd2', '450369c3-9fab-44f5-ae7b-2e00fb7c1ed5', 'b55a3cfb-a65d-4540-8821-d20f7a3c8d56', 1784213890304, 1784562490304, 'scheduled', 1783349890304);
INSERT INTO consents (id, clinic_id, patient_id, type, version, granted_at, ip, revoked_at, created_at) VALUES ('54ac3fd4-14e5-4cae-8905-489d0a292302', '8bbe67c5-8a26-4bb3-93fa-274c02a8bdd2', '450369c3-9fab-44f5-ae7b-2e00fb7c1ed5', 'general', '1.0', 1768143490303, '189.69.150.133', NULL, 1768143490303);
INSERT INTO consents (id, clinic_id, patient_id, type, version, granted_at, ip, revoked_at, created_at) VALUES ('b2f6c97d-fd3f-4662-b126-a1a34ce49b3e', '8bbe67c5-8a26-4bb3-93fa-274c02a8bdd2', '450369c3-9fab-44f5-ae7b-2e00fb7c1ed5', 'ai', '1.0', 1768143490303, '189.104.92.228', NULL, 1768143490303);
INSERT INTO patients (id, clinic_id, psychologist_id, full_name, social_name, cpf, email, phone, whatsapp, birth_date, status, photo, profile, deleted_at, created_at) VALUES ('fa08432e-aac4-414a-91d2-560dc008c8de', '8bbe67c5-8a26-4bb3-93fa-274c02a8bdd2', 'b55a3cfb-a65d-4540-8821-d20f7a3c8d56', 'Otávio Costa Santos', NULL, '026.889.392-03', 'otávio.18@email.com', '(43) 93105-1422', '(87) 98735-1542', 1401116290304, 'active', 'data:image/svg+xml;base64,PHN2ZyB4bWxucz0iaHR0cDovL3d3dy53My5vcmcvMjAwMC9zdmciIHZpZXdCb3g9IjAgMCAyODAgMjgwIiBmaWxsPSJub25lIiBzaGFwZS1yZW5kZXJpbmc9ImF1dG8iPjxtZXRhZGF0YSB4bWxuczpyZGY9Imh0dHA6Ly93d3cudzMub3JnLzE5OTkvMDIvMjItcmRmLXN5bnRheC1ucyMiIHhtbG5zOnhzaT0iaHR0cDovL3d3dy53My5vcmcvMjAwMS9YTUxTY2hlbWEtaW5zdGFuY2UiIHhtbG5zOmRjPSJodHRwOi8vcHVybC5vcmcvZGMvZWxlbWVudHMvMS4xLyIgeG1sbnM6ZGN0ZXJtcz0iaHR0cDovL3B1cmwub3JnL2RjL3Rlcm1zLyI+PHJkZjpSREY+PHJkZjpEZXNjcmlwdGlvbj48ZGM6dGl0bGU+QXZhdGFhYXJzPC9kYzp0aXRsZT48ZGM6Y3JlYXRvcj5QYWJsbyBTdGFubGV5PC9kYzpjcmVhdG9yPjxkYzpzb3VyY2UgeHNpOnR5cGU9ImRjdGVybXM6VVJJIj5odHRwczovL2F2YXRhYWFycy5jb20vPC9kYzpzb3VyY2U+PGRjdGVybXM6bGljZW5zZSB4c2k6dHlwZT0iZGN0ZXJtczpVUkkiPmh0dHBzOi8vYXZhdGFhYXJzLmNvbS88L2RjdGVybXM6bGljZW5zZT48ZGM6cmlnaHRzPlJlbWl4IG9mIOKAnkF2YXRhYWFyc+KAnSAoaHR0cHM6Ly9hdmF0YWFhcnMuY29tLykgYnkg4oCeUGFibG8gU3RhbmxleeKAnSwgbGljZW5zZWQgdW5kZXIg4oCeRnJlZSBmb3IgcGVyc29uYWwgYW5kIGNvbW1lcmNpYWwgdXNl4oCdIChodHRwczovL2F2YXRhYWFycy5jb20vKTwvZGM6cmlnaHRzPjwvcmRmOkRlc2NyaXB0aW9uPjwvcmRmOlJERj48L21ldGFkYXRhPjxtYXNrIGlkPSJ2aWV3Ym94TWFzayI+PHJlY3Qgd2lkdGg9IjI4MCIgaGVpZ2h0PSIyODAiIHJ4PSIxNDAiIHJ5PSIxNDAiIHg9IjAiIHk9IjAiIGZpbGw9IiNmZmYiIC8+PC9tYXNrPjxnIG1hc2s9InVybCgjdmlld2JveE1hc2spIj48cmVjdCBmaWxsPSIjZDFkNGY5IiB3aWR0aD0iMjgwIiBoZWlnaHQ9IjI4MCIgeD0iMCIgeT0iMCIgLz48ZyB0cmFuc2Zvcm09InRyYW5zbGF0ZSg4KSI+PHBhdGggZD0iTTEzMiAzNmE1NiA1NiAwIDAgMC01NiA1NnY2LjE3QTEyIDEyIDAgMCAwIDY2IDExMHYxNGExMiAxMiAwIDAgMCAxMC4zIDExLjg4IDU2LjA0IDU2LjA0IDAgMCAwIDMxLjcgNDQuNzN2MTguNGgtNGE3MiA3MiAwIDAgMC03MiA3MnY5aDIwMHYtOWE3MiA3MiAwIDAgMC03Mi03MmgtNHYtMTguMzlhNTYuMDQgNTYuMDQgMCAwIDAgMzEuNy00NC43M0ExMiAxMiAwIDAgMCAxOTggMTI0di0xNGExMiAxMiAwIDAgMC0xMC0xMS44M1Y5MmE1NiA1NiAwIDAgMC01Ni01NloiIGZpbGw9IiNlZGI5OGEiLz48cGF0aCBkPSJNMTA4IDE4MC42MXY4YTU1Ljc5IDU1Ljc5IDAgMCAwIDI0IDUuMzljOC41OSAwIDE2LjczLTEuOTMgMjQtNS4zOXYtOGE1NS43OSA1NS43OSAwIDAgMS0yNCA1LjM5IDU1Ljc5IDU1Ljc5IDAgMCAxLTI0LTUuMzlaIiBmaWxsPSIjMDAwIiBmaWxsLW9wYWNpdHk9Ii4xIi8+PGcgdHJhbnNmb3JtPSJ0cmFuc2xhdGUoMCAxNzApIj48cGF0aCBkPSJNMTMyLjUgNTEuODNjMTguNSAwIDMzLjUtOS42MiAzMy41LTIxLjQ4IDAtLjM2LS4wMS0uNy0uMDQtMS4wNkE3MiA3MiAwIDAgMSAyMzIgMTAxLjA0VjExMEgzMnYtOC45NWE3MiA3MiAwIDAgMSA2Ny4wNS03MS44M2MtLjAzLjM3LS4wNS43NS0uMDUgMS4xMyAwIDExLjg2IDE1IDIxLjQ4IDMzLjUgMjEuNDhaIiBmaWxsPSIjZTZlNmU2Ii8+PHBhdGggZD0iTTEzMi41IDU4Ljc2YzIxLjg5IDAgMzkuNjMtMTIuMDUgMzkuNjMtMjYuOTEgMC0uNi0uMDItMS4yLS4wOC0xLjgtMi0uMzMtNC4wMy0uNTktNi4xLS43Ni4wNC4zNS4wNS43LjA1IDEuMDYgMCAxMS44Ni0xNSAyMS40OC0zMy41IDIxLjQ4Uzk5IDQyLjIgOTkgMzAuMzVjMC0uMzguMDItLjc2LjA1LTEuMTMtMi4wNi4xNC00LjA4LjM2LTYuMDguNjctLjA3LjY1LS4xIDEuMy0uMSAxLjk2IDAgMTQuODYgMTcuNzQgMjYuOTEgMzkuNjMgMjYuOTFaIiBmaWxsPSIjMDAwIiBmaWxsLW9wYWNpdHk9Ii4wOCIvPjwvZz48ZyB0cmFuc2Zvcm09InRyYW5zbGF0ZSg3OCAxMzQpIj48cGF0aCBmaWxsLXJ1bGU9ImV2ZW5vZGQiIGNsaXAtcnVsZT0iZXZlbm9kZCIgZD0iTTM0IDM4Ljg2QzM1LjE0IDI0Ljg4IDM4LjI0IDEzLjAxIDU0IDEzYzE1Ljc2IDAgMTguOTIgMTEuOTQgMjAgMjYgLjA4IDEuMTItLjgzIDItMS45NiAyLTYuNjkgMC05LjM3LTItMTguMDUtMi04LjcgMC0xMy4yNCAyLTE3LjkgMi0xLjE1IDAtMi4yLS43NC0yLjEtMi4xNFoiIGZpbGw9IiMwMDAiIGZpbGwtb3BhY2l0eT0iLjciLz48cGF0aCBkPSJNNjcuMDIgMTcuNTdjLS42MS4yOC0xLjMuNDMtMi4wMi40M0g0NGMtLjk4IDAtMS45LS4yOC0yLjY3LS43N0M0NC4yMyAxNC41NyA0OC4yOCAxMyA1NCAxM2M1Ljk1IDAgMTAuMSAxLjcgMTMuMDIgNC41N1oiIGZpbGw9IiNmZmYiLz48cGF0aCBkPSJNNjkuOCA0MC45MmE0NC4yIDQ0LjIgMCAwIDEtNS41NC0uODJjLTIuNzMtLjUzLTUuNjUtMS4xLTEwLjI3LTEuMS01LjAyIDAtOC42Ni42Ni0xMS43NCAxLjIzLTEuNDUuMjYtMi43Ny41LTQuMDYuNjVBMTEgMTEgMCAwIDEgNTQgMzMuMmExMSAxMSAwIDAgMSAxNS44IDcuNzJaIiBmaWxsPSIjRkY0RjZEIi8+PC9nPjxnIHRyYW5zZm9ybT0idHJhbnNsYXRlKDEwNCAxMjIpIj48cGF0aCBmaWxsLXJ1bGU9ImV2ZW5vZGQiIGNsaXAtcnVsZT0iZXZlbm9kZCIgZD0iTTE2IDhjMCA0LjQyIDUuMzcgOCAxMiA4czEyLTMuNTggMTItOCIgZmlsbD0iIzAwMCIgZmlsbC1vcGFjaXR5PSIuMTYiLz48L2c+PGcgdHJhbnNmb3JtPSJ0cmFuc2xhdGUoNzYgOTApIj48ZyBmaWxsPSIjMDAwIiBmaWxsLW9wYWNpdHk9Ii42Ij48cGF0aCBkPSJNMzYgMjJhNiA2IDAgMSAxLTEyIDAgNiA2IDAgMCAxIDEyIDBaIi8+PHBhdGggZmlsbC1ydWxlPSJldmVub2RkIiBjbGlwLXJ1bGU9ImV2ZW5vZGQiIGQ9Ik03MC42IDI0Ljk2YzEuNTktMy45MiA1LjU1LTYuODYgMTAuMzctNy4yIDQuOC0uMzMgOS4xMiAyIDExLjI0IDUuNjQuNjMgMS4wOS0uMSAyLjA2LS45MyAxLjQzLTIuNi0xLjkzLTYuMTUtMy0xMC0yLjczQTE1LjEzIDE1LjEzIDAgMCAwIDcxLjk1IDI2Yy0uODQuNzgtMS44MS4xLTEuMzUtMS4wNFoiLz48L2c+PC9nPjxnIHRyYW5zZm9ybT0idHJhbnNsYXRlKDc2IDgyKSI+PHBhdGggZD0iTTE1LjYgMTQuMTZjNC40OS02LjMyIDE0LTkuNSAyMy43NS02LjM2YTIgMiAwIDEgMCAxLjIzLTMuODFjLTExLjQxLTMuNjgtMjIuNzQuMS0yOC4yNSA3Ljg1YTIgMiAwIDEgMCAzLjI2IDIuMzJaTTk2LjM4IDIxLjE2Yy0zLjkyLTUuNTEtMTQuNjUtOC42LTIzLjktNi4zM2EyIDIgMCAwIDEtLjk1LTMuODhjMTAuNzQtMi42NCAyMy4xNy45NCAyOC4xIDcuOWEyIDIgMCAxIDEtMy4yNSAyLjNaIiBmaWxsPSIjMDAwIiBmaWxsLW9wYWNpdHk9Ii42Ii8+PC9nPjxnIHRyYW5zZm9ybT0idHJhbnNsYXRlKC0xKSI+PHBhdGggZmlsbC1ydWxlPSJldmVub2RkIiBjbGlwLXJ1bGU9ImV2ZW5vZGQiIGQ9Ik04OC4xOCAzNy44NmM1LjE0LTMuODQgMTEuMjItNy4xMiAxNy41Ni04LjM4IDYuNDUtMS4yOCAxMC4zNi0xLjYgMTYuNy0uMDcgMS42NC4zOSAyLjIuNzggMy42My0uMTUgMS4yLS43OSA5LjY2LTkuNSAzNS40Mi00LjY2IDI2LjAzIDQuODggMzMuNzcgNDQuMDggNDMuNDIgNDUuNTcgMy40OS41MyA3Ljc5LS4zOSA3LjkyLTIuNTMgMy45NiA2LjAzIDUgMTQgMy4zMyAyMS4wNy0xLjQ1IDYuMDktNC41IDExLjgtMTAgMTUuMTQtNC43MiAyLjg3LTExLjI1IDQuMTItMTYuNzEgMy41OWEyMi4zNiAyMi4zNiAwIDAgMS03LjAzLTEuNzdjLTIuNzYtMS4yLTQuOTYtMy40LTcuNjctNC41NGE1My45IDUzLjkgMCAwIDAgOS4xOCA2LjQyYzEuNjQuOSAzLjMgMS41MyA1LjExIDIuMDIgMS4yNC4zNCAzLjc2IDEuNDggNC45NiAxLjE4LTcuODEgMS40LTE1LjE2LjE4LTIyLjMyLTMuMTZhNTEuNjcgNTEuNjcgMCAwIDEtOS4yLTUuNDhjLTIuODMtMi4xMy02LjA5LTQuMy04LjMtNy4xLjkzIDEuMi0uNy0uNi0uOTItLjgxYTc0LjA3IDc0LjA3IDAgMCAxLTQuNzItNS4yOWMtMS45OS0yLjQ4LTMuODQtNS4wOC01LjUtNy44LTEuNjgtMi43Ni04LjM2LTEzLjg3LTEwLjM4LTE2LjVhMTk1LjMgMTk1LjMgMCAwIDAgNi40MSAxNi45M2MtNC43MS0xLjQ3LTkuMjgtNS41NC0xMi4zLTkuMzRhMjkuNDYgMjkuNDYgMCAwIDEtNi4xLTE0LjY2Yy0zLjgzIDEwLjQxLTEyLjc5IDE4LjYzLTIyLjAzIDI0LjMgMi0zLjc0IDUuMDUtNi45IDcuMDUtMTAuNjktOS4yIDkuMzMtMjQuNTcgMTMuOS0yOC42IDI3LjU4LTEuMDMtNC43Ni00LjM1LTguNTgtNS4zNC0xMy40My0xLjEtNS40LTEuOS0xMS4xMS0xLjczLTE2LjYyLjQtMTIuMjQgOC42NC0yMy43MiAxOC4xNi0zMC44MloiIGZpbGw9IiNjOTMzMDUiLz48L2c+PGcgdHJhbnNmb3JtPSJ0cmFuc2xhdGUoNDkgNzIpIj48L2c+PGcgdHJhbnNmb3JtPSJ0cmFuc2xhdGUoNjIgNDIpIj48L2c+PC9nPjwvZz48L3N2Zz4=', '{"personal":{"isChild":true,"sex":"Masculino","gender":"Homem cisgênero","rg":"32.819.825-2","maritalStatus":"Solteiro(a)","profession":"Estudante","company":"Escola Municipal","education":"Ensino fundamental","address":"Rua Ferreira, 135","city":"Porto Alegre","state":"RS","zip":"20049-238"},"clinical":{"complaint":"Luto pela perda de um familiar","goals":"Aumentar a tolerância à frustração","suffering":"Moderado","history":"Procurou a clínica de forma espontânea, motivado(a) por autoconhecimento.","priorDiagnoses":"Nenhum","priorTreatments":"Nenhum","psychiatric":"Não","referrals":"—"},"health":{"depression":false,"anxiety":true,"tdah":false,"tag":false,"bipolar":false,"medications":"—","diseases":"—","surgeries":"—","hospitalizations":"Não","familyHistory":"Histórico familiar de depressão/ansiedade"},"lifestyle":{"sleep":"Irregular","diet":"Restritiva","sports":"Sedentário","gym":"Não","alcohol":"Não","smoking":"Sim","drugs":"Não","religion":"Budista","spirituality":"Muito presente"},"financial":{"situation":"Estável","income":"Acima de 8 salários","work":"Não se aplica","ownHome":"Sim","rent":"Sim","withFamily":"Sim","debt":"Não","car":"Sim","motorcycle":"Sim"},"interests":{"hobbies":"Leitura","music":"MPB","movies":"Documentários","books":"Ficção e autoajuda","games":"—","tech":"Médio","social":"WhatsApp"},"personality":{"introvert":false,"extrovert":false,"communicative":false,"reserved":false,"organized":false,"creative":false,"impulsive":false,"notes":"Tende a evitar conflitos."},"relationships":{"family":"Conflituosa","friends":"Rede sólida","romantic":"Solteiro(a)","work":"Tensa"}}', NULL, 1778511490304);
INSERT INTO sessions (id, clinic_id, patient_id, psychologist_id, occurred_at, duration_min, mood, emotional_scale, topics, objectives, techniques, evolution, next_steps, free_notes, created_at) VALUES ('1edf6bac-693a-462c-94fa-2cda2387e389', '8bbe67c5-8a26-4bb3-93fa-274c02a8bdd2', 'fa08432e-aac4-414a-91d2-560dc008c8de', 'b55a3cfb-a65d-4540-8821-d20f7a3c8d56', 1780325890304, 60, 'Angustiado(a)', 8, '["finanças","rotina"]', 'Melhorar a comunicação nos relacionamentos', 'Exposição gradual', 'Paciente demonstrou boa adesão às tarefas propostas.', 'Manter diário do sono.', 'Sessão produtiva. Manter plano terapêutico.', 1780325890304);
INSERT INTO sessions (id, clinic_id, patient_id, psychologist_id, occurred_at, duration_min, mood, emotional_scale, topics, objectives, techniques, evolution, next_steps, free_notes, created_at) VALUES ('40afb8e3-cc60-4cba-80f7-2047d71d006e', '8bbe67c5-8a26-4bb3-93fa-274c02a8bdd2', 'fa08432e-aac4-414a-91d2-560dc008c8de', 'b55a3cfb-a65d-4540-8821-d20f7a3c8d56', 1780930690304, 50, 'Irritado(a)', 4, '["trabalho","família","autoestima"]', 'Melhorar a comunicação nos relacionamentos', 'Reestruturação cognitiva', 'Semana difícil, com aumento da sintomatologia ansiosa.', 'Praticar respiração diafragmática 2x ao dia.', 'Sessão produtiva. Manter plano terapêutico.', 1780930690304);
INSERT INTO sessions (id, clinic_id, patient_id, psychologist_id, occurred_at, duration_min, mood, emotional_scale, topics, objectives, techniques, evolution, next_steps, free_notes, created_at) VALUES ('254ddfbf-cdf7-4d94-96cb-f1af7555b11d', '8bbe67c5-8a26-4bb3-93fa-274c02a8bdd2', 'fa08432e-aac4-414a-91d2-560dc008c8de', 'b55a3cfb-a65d-4540-8821-d20f7a3c8d56', 1781535490304, 50, 'Esperançoso(a)', 5, '["autoestima","ansiedade","saúde","finanças"]', 'Fortalecer a autoestima', 'Psicoeducação', 'Apresentou resistência inicial, mas engajou-se ao final da sessão.', 'Manter diário do sono.', NULL, 1781535490304);
INSERT INTO sessions (id, clinic_id, patient_id, psychologist_id, occurred_at, duration_min, mood, emotional_scale, topics, objectives, techniques, evolution, next_steps, free_notes, created_at) VALUES ('8f76aaa0-d069-46d1-8eff-fb11527c5432', '8bbe67c5-8a26-4bb3-93fa-274c02a8bdd2', 'fa08432e-aac4-414a-91d2-560dc008c8de', 'b55a3cfb-a65d-4540-8821-d20f7a3c8d56', 1782140290304, 50, 'Esperançoso(a)', 8, '["estudos","trabalho","lazer","rotina"]', 'Reorganizar a rotina e o autocuidado', 'Técnicas de mindfulness', 'Relatou leve melhora nos sintomas ao longo da semana.', 'Trabalhar limites nos relacionamentos.', 'Sessão produtiva. Manter plano terapêutico.', 1782140290304);
INSERT INTO sessions (id, clinic_id, patient_id, psychologist_id, occurred_at, duration_min, mood, emotional_scale, topics, objectives, techniques, evolution, next_steps, free_notes, created_at) VALUES ('5446829f-a004-4fe7-beb6-339c0354fb71', '8bbe67c5-8a26-4bb3-93fa-274c02a8bdd2', 'fa08432e-aac4-414a-91d2-560dc008c8de', 'b55a3cfb-a65d-4540-8821-d20f7a3c8d56', 1782917890304, 50, 'Irritado(a)', 3, '["ansiedade","autoestima","sono","saúde"]', 'Reduzir a frequência das crises de ansiedade', 'Técnicas de mindfulness', 'Semana difícil, com aumento da sintomatologia ansiosa.', 'Retomar atividade física gradualmente.', 'Sessão produtiva. Manter plano terapêutico.', 1782917890304);
INSERT INTO timeline_events (id, clinic_id, patient_id, session_id, title, description, event_date, category, status, source, created_at) VALUES ('fe1ec11a-0571-4b21-b68f-692559b53454', '8bbe67c5-8a26-4bb3-93fa-274c02a8bdd2', 'fa08432e-aac4-414a-91d2-560dc008c8de', '5446829f-a004-4fe7-beb6-339c0354fb71', 'Melhora significativa', 'Percebe-se maior consciência emocional e vocabulário afetivo.', 1782658690304, 'clínico', 'confirmed', 'ai', 1775055490304);
INSERT INTO timeline_events (id, clinic_id, patient_id, session_id, title, description, event_date, category, status, source, created_at) VALUES ('068b4dec-c696-417f-80d4-c54d84c126af', '8bbe67c5-8a26-4bb3-93fa-274c02a8bdd2', 'fa08432e-aac4-414a-91d2-560dc008c8de', NULL, 'Início do acompanhamento', 'Semana difícil, com aumento da sintomatologia ansiosa.', 1767279490304, 'família', 'suggested', 'manual', 1778165890304);
INSERT INTO timeline_events (id, clinic_id, patient_id, session_id, title, description, event_date, category, status, source, created_at) VALUES ('46a23ee2-da7f-4b87-a46d-d9b66599a326', '8bbe67c5-8a26-4bb3-93fa-274c02a8bdd2', 'fa08432e-aac4-414a-91d2-560dc008c8de', '1edf6bac-693a-462c-94fa-2cda2387e389', 'Viagem/afastamento', 'Relatou leve melhora nos sintomas ao longo da semana.', 1780325890304, 'pessoal', 'confirmed', 'ai', 1778338690304);
INSERT INTO timeline_events (id, clinic_id, patient_id, session_id, title, description, event_date, category, status, source, created_at) VALUES ('5bf13632-a6f4-46c7-8751-083d43860548', '8bbe67c5-8a26-4bb3-93fa-274c02a8bdd2', 'fa08432e-aac4-414a-91d2-560dc008c8de', '5446829f-a004-4fe7-beb6-339c0354fb71', 'Início do acompanhamento', 'Semana difícil, com aumento da sintomatologia ansiosa.', 1780066690304, 'família', 'confirmed', 'ai', 1773845890304);
INSERT INTO timeline_events (id, clinic_id, patient_id, session_id, title, description, event_date, category, status, source, created_at) VALUES ('6be465e8-2783-4281-94f0-b2d26dcca114', '8bbe67c5-8a26-4bb3-93fa-274c02a8bdd2', 'fa08432e-aac4-414a-91d2-560dc008c8de', NULL, 'Ajuste de medicação', 'Semana difícil, com aumento da sintomatologia ansiosa.', 1777301890304, 'trabalho', 'confirmed', 'ai', 1779634690304);
INSERT INTO ai_summaries (id, clinic_id, patient_id, appointment_id, content, suggested_questions, model, status, approved_content, approved_by, approved_at, created_at) VALUES ('933e6a62-3aef-4801-ac00-7743c45f3458', '8bbe67c5-8a26-4bb3-93fa-274c02a8bdd2', 'fa08432e-aac4-414a-91d2-560dc008c8de', NULL, 'Paciente em acompanhamento por dificuldade em lidar com mudanças. Ao longo das sessões observa-se evolução gradual, com melhor manejo emocional e boa adesão às técnicas propostas. Recomenda-se manter o plano terapêutico atual.', '["Como você tem dormido esta semana?","O que funcionou melhor entre as estratégias que combinamos?","Houve algum gatilho importante desde a última sessão?"]', 'vinculo-ai', 'approved', NULL, 'b55a3cfb-a65d-4540-8821-d20f7a3c8d56', NULL, 1781535490304);
INSERT INTO ai_alerts (id, clinic_id, patient_id, type, severity, message, status, created_at) VALUES ('5489a999-35ec-42ad-93bb-a03f74e2c9b7', '8bbe67c5-8a26-4bb3-93fa-274c02a8bdd2', 'fa08432e-aac4-414a-91d2-560dc008c8de', 'medication', 'medium', 'Relato de interrupção da medicação por conta própria.', 'reviewed', 1781189890304);
INSERT INTO appointments (id, clinic_id, patient_id, psychologist_id, starts_at, ends_at, status, created_at) VALUES ('d1a0e620-e530-4e01-8076-527dce8a94e3', '8bbe67c5-8a26-4bb3-93fa-274c02a8bdd2', 'fa08432e-aac4-414a-91d2-560dc008c8de', 'b55a3cfb-a65d-4540-8821-d20f7a3c8d56', 1782313090304, 1782316090304, 'done', 1781794690304);
INSERT INTO appointments (id, clinic_id, patient_id, psychologist_id, starts_at, ends_at, status, created_at) VALUES ('e63daa22-10d6-4754-84a0-e6a542cfd2dd', '8bbe67c5-8a26-4bb3-93fa-274c02a8bdd2', 'fa08432e-aac4-414a-91d2-560dc008c8de', 'b55a3cfb-a65d-4540-8821-d20f7a3c8d56', 1782917890304, 1782920890304, 'no_show', 1782485890304);
INSERT INTO appointments (id, clinic_id, patient_id, psychologist_id, starts_at, ends_at, status, created_at) VALUES ('3ac5c50d-527d-4a6c-8c3d-9e7a685f796b', '8bbe67c5-8a26-4bb3-93fa-274c02a8bdd2', 'fa08432e-aac4-414a-91d2-560dc008c8de', 'b55a3cfb-a65d-4540-8821-d20f7a3c8d56', 1783954690304, 1783612090304, 'scheduled', 1783349890304);
INSERT INTO consents (id, clinic_id, patient_id, type, version, granted_at, ip, revoked_at, created_at) VALUES ('4da05dbe-55c3-4241-8696-3ca2a9f11441', '8bbe67c5-8a26-4bb3-93fa-274c02a8bdd2', 'fa08432e-aac4-414a-91d2-560dc008c8de', 'general', '1.0', 1778511490304, '189.245.198.72', NULL, 1778511490304);
INSERT INTO consents (id, clinic_id, patient_id, type, version, granted_at, ip, revoked_at, created_at) VALUES ('27f521c0-9e14-4969-b10b-6fd30c74ede0', '8bbe67c5-8a26-4bb3-93fa-274c02a8bdd2', 'fa08432e-aac4-414a-91d2-560dc008c8de', 'ai', '1.0', 1778511490304, '189.176.160.140', NULL, 1778511490304);
INSERT INTO patients (id, clinic_id, psychologist_id, full_name, social_name, cpf, email, phone, whatsapp, birth_date, status, photo, profile, deleted_at, created_at) VALUES ('f16d4bee-1ecb-4980-8921-6797192a1197', '8bbe67c5-8a26-4bb3-93fa-274c02a8bdd2', 'b55a3cfb-a65d-4540-8821-d20f7a3c8d56', 'Priscila Cardoso Oliveira', NULL, '661.114.658-64', 'priscila.19@email.com', '(94) 94612-3064', '(64) 96114-5387', 1365001090304, 'active', 'data:image/svg+xml;base64,PHN2ZyB4bWxucz0iaHR0cDovL3d3dy53My5vcmcvMjAwMC9zdmciIHZpZXdCb3g9IjAgMCAyODAgMjgwIiBmaWxsPSJub25lIiBzaGFwZS1yZW5kZXJpbmc9ImF1dG8iPjxtZXRhZGF0YSB4bWxuczpyZGY9Imh0dHA6Ly93d3cudzMub3JnLzE5OTkvMDIvMjItcmRmLXN5bnRheC1ucyMiIHhtbG5zOnhzaT0iaHR0cDovL3d3dy53My5vcmcvMjAwMS9YTUxTY2hlbWEtaW5zdGFuY2UiIHhtbG5zOmRjPSJodHRwOi8vcHVybC5vcmcvZGMvZWxlbWVudHMvMS4xLyIgeG1sbnM6ZGN0ZXJtcz0iaHR0cDovL3B1cmwub3JnL2RjL3Rlcm1zLyI+PHJkZjpSREY+PHJkZjpEZXNjcmlwdGlvbj48ZGM6dGl0bGU+QXZhdGFhYXJzPC9kYzp0aXRsZT48ZGM6Y3JlYXRvcj5QYWJsbyBTdGFubGV5PC9kYzpjcmVhdG9yPjxkYzpzb3VyY2UgeHNpOnR5cGU9ImRjdGVybXM6VVJJIj5odHRwczovL2F2YXRhYWFycy5jb20vPC9kYzpzb3VyY2U+PGRjdGVybXM6bGljZW5zZSB4c2k6dHlwZT0iZGN0ZXJtczpVUkkiPmh0dHBzOi8vYXZhdGFhYXJzLmNvbS88L2RjdGVybXM6bGljZW5zZT48ZGM6cmlnaHRzPlJlbWl4IG9mIOKAnkF2YXRhYWFyc+KAnSAoaHR0cHM6Ly9hdmF0YWFhcnMuY29tLykgYnkg4oCeUGFibG8gU3RhbmxleeKAnSwgbGljZW5zZWQgdW5kZXIg4oCeRnJlZSBmb3IgcGVyc29uYWwgYW5kIGNvbW1lcmNpYWwgdXNl4oCdIChodHRwczovL2F2YXRhYWFycy5jb20vKTwvZGM6cmlnaHRzPjwvcmRmOkRlc2NyaXB0aW9uPjwvcmRmOlJERj48L21ldGFkYXRhPjxtYXNrIGlkPSJ2aWV3Ym94TWFzayI+PHJlY3Qgd2lkdGg9IjI4MCIgaGVpZ2h0PSIyODAiIHJ4PSIxNDAiIHJ5PSIxNDAiIHg9IjAiIHk9IjAiIGZpbGw9IiNmZmYiIC8+PC9tYXNrPjxnIG1hc2s9InVybCgjdmlld2JveE1hc2spIj48cmVjdCBmaWxsPSIjZDFkNGY5IiB3aWR0aD0iMjgwIiBoZWlnaHQ9IjI4MCIgeD0iMCIgeT0iMCIgLz48ZyB0cmFuc2Zvcm09InRyYW5zbGF0ZSg4KSI+PHBhdGggZD0iTTEzMiAzNmE1NiA1NiAwIDAgMC01NiA1NnY2LjE3QTEyIDEyIDAgMCAwIDY2IDExMHYxNGExMiAxMiAwIDAgMCAxMC4zIDExLjg4IDU2LjA0IDU2LjA0IDAgMCAwIDMxLjcgNDQuNzN2MTguNGgtNGE3MiA3MiAwIDAgMC03MiA3MnY5aDIwMHYtOWE3MiA3MiAwIDAgMC03Mi03MmgtNHYtMTguMzlhNTYuMDQgNTYuMDQgMCAwIDAgMzEuNy00NC43M0ExMiAxMiAwIDAgMCAxOTggMTI0di0xNGExMiAxMiAwIDAgMC0xMC0xMS44M1Y5MmE1NiA1NiAwIDAgMC01Ni01NloiIGZpbGw9IiNmZDk4NDEiLz48cGF0aCBkPSJNMTA4IDE4MC42MXY4YTU1Ljc5IDU1Ljc5IDAgMCAwIDI0IDUuMzljOC41OSAwIDE2LjczLTEuOTMgMjQtNS4zOXYtOGE1NS43OSA1NS43OSAwIDAgMS0yNCA1LjM5IDU1Ljc5IDU1Ljc5IDAgMCAxLTI0LTUuMzlaIiBmaWxsPSIjMDAwIiBmaWxsLW9wYWNpdHk9Ii4xIi8+PGcgdHJhbnNmb3JtPSJ0cmFuc2xhdGUoMCAxNzApIj48cGF0aCBkPSJNMTAwLjM3IDI5LjE0YTI3LjYgMjcuNiAwIDAgMSA3LjYzLTcuNTd2MTUuM2MwIDUuODMgMy45OCAxMC45OCAxMC4wOCAxNC4xM2wtLjA4LjA2LjkgMi44NmMzLjg5IDIgOC4zNSAzLjEzIDEzLjEgMy4xM3M5LjIxLTEuMTMgMTMuMS0zLjEzbC45LTIuODYtLjA4LS4wNmM2LjEtMy4xNSAxMC4wOC04LjMgMTAuMDgtMTQuMTJ2LTE0LjZhMjcuMSAyNy4xIDAgMCAxIDYuNiA2LjgyIDcyIDcyIDAgMCAxIDY5LjQgNzEuOTVWMTEwSDMydi04Ljk1YTcyIDcyIDAgMCAxIDY4LjM3LTcxLjlaIiBmaWxsPSIjZmZhZmI5Ii8+PHBhdGggZD0iTTEwOCAyMS41N2MtNi43NyA0LjYtMTEgMTEuMTctMTEgMTguNDYgMCA3LjQgNC4zNiAxNC4wNSAxMS4zIDE4LjY2bDYuMTItNC44MSA0LjU4LjMzLTEtMy4xNS4wOC0uMDZjLTYuMS0zLjE1LTEwLjA4LTguMy0xMC4wOC0xNC4xMnYtMTUuM1pNMTU2IDM2Ljg4YzAgNS44Mi0zLjk4IDEwLjk3LTEwLjA4IDE0LjEybC4wOC4wNi0xIDMuMTUgNC41OC0uMzMgNS42NSA0LjQ1YzYuNjMtNC42IDEwLjc3LTExLjEgMTAuNzctMTguMyAwLTYuOTItMy44Mi0xMy4yLTEwLTE3Ljc1djE0LjZaIiBmaWxsPSIjZmZmIiBmaWxsLW9wYWNpdHk9Ii43NSIvPjwvZz48ZyB0cmFuc2Zvcm09InRyYW5zbGF0ZSg3OCAxMzQpIj48cGF0aCBkPSJNMjggMjYuMjRjMS4zNi41IDIuODQuNzYgNC40Ljc2IDUuMzEgMCA5LjgxLTMuMTUgMTEuMjktNy40OSAyLjQ3IDIuMTcgNi4xNyAzLjU0IDEwLjMxIDMuNTQgNC4xNCAwIDcuODQtMS4zNyAxMC4zMS0zLjUzIDEuNDggNC4zNSA1Ljk4IDcuNSAxMS4zIDcuNSAxLjU1IDAgMy4wMy0uMjcgNC40LS43NmgtLjE5Yy02LjMzIDAtMTEuOC00LjktMTEuOC0xMC41NiAwLTQuMTggMi4zMi03LjcyIDUuNjktOS42OC01LjUuOC05LjczIDUtOS45IDEwLjFhMTcuNjEgMTcuNjEgMCAwIDEtOS44IDIuOGMtMy44IDAtNy4yNS0xLjA2LTkuOC0yLjgtLjE4LTUuMS00LjQtOS4zLTkuOS0xMC4xYTExLjE4IDExLjE4IDAgMCAxIDUuNjggOS42OGMwIDUuNjYtNS40NyAxMC41Ny0xMS44IDEwLjU3SDI4WiIgZmlsbD0iIzAwMCIgZmlsbC1vcGFjaXR5PSIuNiIgb3BhY2l0eT0iLjYiLz48cGF0aCBkPSJNMTcgMjRhOSA5IDAgMSAwIDAtMTggOSA5IDAgMCAwIDAgMThaTTkxIDI0YTkgOSAwIDEgMCAwLTE4IDkgOSAwIDAgMCAwIDE4WiIgZmlsbD0iI0ZGNDY0NiIgZmlsbC1vcGFjaXR5PSIuMiIvPjwvZz48ZyB0cmFuc2Zvcm09InRyYW5zbGF0ZSgxMDQgMTIyKSI+PHBhdGggZmlsbC1ydWxlPSJldmVub2RkIiBjbGlwLXJ1bGU9ImV2ZW5vZGQiIGQ9Ik0xNiA4YzAgNC40MiA1LjM3IDggMTIgOHMxMi0zLjU4IDEyLTgiIGZpbGw9IiMwMDAiIGZpbGwtb3BhY2l0eT0iLjE2Ii8+PC9nPjxnIHRyYW5zZm9ybT0idHJhbnNsYXRlKDc2IDkwKSI+PGNpcmNsZSBjeD0iODIiIGN5PSIyMiIgcj0iMTIiIGZpbGw9IiNmZmYiLz48Y2lyY2xlIGN4PSI4MiIgY3k9IjIyIiByPSI2IiBmaWxsPSIjMDAwIiBmaWxsLW9wYWNpdHk9Ii43Ii8+PHBhdGggZmlsbC1ydWxlPSJldmVub2RkIiBjbGlwLXJ1bGU9ImV2ZW5vZGQiIGQ9Ik0xNi4xNiAyNS40NWMxLjg1LTMuOCA2LTYuNDUgMTAuODQtNi40NSA0LjgxIDAgOC45NiAyLjYzIDEwLjgyIDYuNC41NSAxLjEzLS4yNCAyLjA1LTEuMDMgMS4zN2ExNS4wNSAxNS4wNSAwIDAgMC05LjgtMy40M2MtMy43MyAwLTcuMTIgMS4yNC05LjU1IDMuMjMtLjkuNzMtMS44Mi0uMDEtMS4yOC0xLjEyWiIgZmlsbD0iIzAwMCIgZmlsbC1vcGFjaXR5PSIuNiIvPjwvZz48ZyB0cmFuc2Zvcm09InRyYW5zbGF0ZSg3NiA4MikiPjxwYXRoIGQ9Im0yMi43NyAxLjU4LjktLjRDMjguOTMtLjkxIDM2Ljg4LS4wMyA0MS43MyAyLjNjLjU3LjI3LjE4IDEuMTUtLjQgMS4xLTE0LjkyLTEuMTQtMjQuOTYgOC4xNS0yOC4zNyAxNC40NS0uMS4xOC0uNDEuMi0uNDkuMDMtMi4zLTUuMzIgNC40NS0xMy45OCAxMC4zLTE2LjNaTTg5LjIzIDEuNThsLS45LS40QzgzLjA3LS45MSA3NS4xMi0uMDMgNzAuMjcgMi4zYy0uNTcuMjctLjE4IDEuMTUuNCAxLjEgMTQuOTItMS4xNCAyNC45NiA4LjE1IDI4LjM3IDE0LjQ1LjEuMTguNDEuMi40OS4wMyAyLjMtNS4zMi00LjQ1LTEzLjk4LTEwLjMtMTYuM1oiIGZpbGwtcnVsZT0iZXZlbm9kZCIgY2xpcC1ydWxlPSJldmVub2RkIiBmaWxsPSIjMDAwIiBmaWxsLW9wYWNpdHk9Ii42Ii8+PC9nPjxnIHRyYW5zZm9ybT0idHJhbnNsYXRlKC0xKSI+PHBhdGggZmlsbC1ydWxlPSJldmVub2RkIiBjbGlwLXJ1bGU9ImV2ZW5vZGQiIGQ9Ik02NiA3Ny4zNGMtLjY2IDMuNzktMSA3LjY4LTEgMTEuNjZ2NDhjMCAuOTcuMDIgMS45NC4wNiAyLjlMNjUgMTQyYy4xNCAzLjY4LTEuODYgMTEuOC00LjM0IDIxLjktMy44OCAxNS43Ny04Ljk0IDM2LjQtOC45NCA1Mi41NSAwIDEzLjAxIDEuOTggMjIuODQgMy44OSAzMi4zIDEuOTcgOS43OCAzLjg2IDE5LjE2IDMuMzkgMzEuMjVoNDdzLS45NS0xMy4yLTIuNDctMjYuMzZjMTAuMDUgMTAuMiAyMi44MiAxNi44NCAzOS4wNSAxNi44NCA3MC41NSAwIDc3LjYyLTUzLjgzIDc3LjYyLTY1LjI0IDAtNi4wNC00LjMyLTEwLjg4LTguMzktMTUuNDQtMy42LTQuMDUtNy4wMi03Ljg3LTctMTIuMSAwLTQuMzUgMS4wMi03LjM5IDIuMDctMTAuNTIgMS4xMi0zLjMzIDIuMjctNi43NSAyLjI3LTExLjk2IDAtNS44Mi0xLjQzLTcuNS0yLjktOS4yNWExMC43IDEwLjcgMCAwIDEtMi44LTUuNjJjLS44OC00LjU0LTEuODYtMTQuMzItMi40NS0yMC43N1Y4OUE2OCA2OCAwIDAgMCA2Ni4wNCA3Ny4wOEw2NiA3N3YuMzRaTTEzMyA1M2MtMzAuMSAwLTU1IDI0LjQtNTUgNTQuNXYyM2MwIDMwLjEgMjQuOSA1NC41IDU1IDU0LjVzNTUtMjQuNCA1NS01NC41di0yM2MwLTMwLjEtMjQuOS01NC41LTU1LTU0LjVaIiBmaWxsPSIjMjYyZTMzIi8+PHBhdGggZD0iTTE5My45MyAxMDQuOTZBNjEuNCA2MS40IDAgMCAwIDE5NSA5My41YzAtMzMuOTctMjcuNzYtNjEuNS02Mi02MS41LTM0LjI0IDAtNjIgMjcuNTMtNjIgNjEuNSAwIDMuOTIuMzcgNy43NSAxLjA3IDExLjQ2YTYxIDYxIDAgMCAxIDEyMS44NiAwWiIgZmlsbD0iI2ZmZiIgZmlsbC1vcGFjaXR5PSIuNSIvPjxwYXRoIGQ9Ik03OC4wNyAxMDQuNjljLS4wNS45My0uMDcgMS44Ny0uMDcgMi44MXYyM2MwIDMwLjEgMjQuOSA1NC41IDU1IDU0LjVzNTUtMjQuNCA1NS01NC41di0yM2MwLS45NC0uMDItMS44OC0uMDctMi44MS43IDMuNSAxLjA3IDcuMSAxLjA3IDEwLjgxdjIzYTU0LjUgNTQuNSAwIDAgMS01NC41IDU0LjVoLTNBNTQuNSA1NC41IDAgMCAxIDc3IDEzOC41di0yM2MwLTMuNy4zNy03LjMyIDEuMDctMTAuODFaTTE4Ny4wNSAxOTQuMTRjLTQuMzkgNi45LTE3LjkgMTMuNjYtMzQuNjUgMTYuNjItMTYuNzQgMi45NS0zMS43NSAxLjIyLTM4LjIzLTMuNzYuMDIuMjYuMDUuNTIuMS43OCAxLjcgOS42OSAxOS40MiAxNC42NyAzOS41NyAxMS4xMiAyMC4xNS0zLjU2IDM1LjEtMTQuMyAzMy4zOC0yMy45OS0uMDQtLjI2LS4xLS41MS0uMTctLjc3Wk0xOTguNjYgMjA5LjQ5Yy0yLjY0IDkuNi0xNC44NyAyMC4yLTMxLjU2IDI2LjI4LTE2LjY4IDYuMDctMzIuODcgNS44LTQxLjA2LjE1LjEuMzQuMi42Ny4zMiAxIDQuNTMgMTIuNDQgMjQuNDcgMTYuNiA0NC41NSA5LjMgMjAuMDctNy4zMSAzMi42Ny0yMy4zMiAyOC4xNS0zNS43NS0uMTItLjM0LS4yNi0uNjYtLjQtLjk4WiIgb3BhY2l0eT0iLjkiIGZpbGw9IiMwMDAiIGZpbGwtb3BhY2l0eT0iLjE2Ii8+PC9nPjxnIHRyYW5zZm9ybT0idHJhbnNsYXRlKDQ5IDcyKSI+PC9nPjxnIHRyYW5zZm9ybT0idHJhbnNsYXRlKDYyIDQyKSI+PC9nPjwvZz48L2c+PC9zdmc+', '{"personal":{"isChild":true,"sex":"Feminino","gender":"Mulher cisgênero","rg":"27.490.536-1","maritalStatus":"Solteiro(a)","profession":"Estudante","company":"Escola Municipal","education":"Ensino fundamental","address":"Rua Nunes, 96","city":"Belo Horizonte","state":"MG","zip":"83857-327"},"clinical":{"complaint":"Sintomas depressivos e desânimo","goals":"Aumentar a tolerância à frustração","suffering":"Moderado","history":"Histórico familiar de transtornos de humor. Acompanhamento psiquiátrico em paralelo.","priorDiagnoses":"Nenhum","priorTreatments":"Nenhum","psychiatric":"Em acompanhamento psiquiátrico","referrals":"—"},"health":{"depression":true,"anxiety":false,"tdah":false,"tag":false,"bipolar":false,"medications":"Escitalopram 10mg","diseases":"—","surgeries":"—","hospitalizations":"Não","familyHistory":"Sem histórico relevante"},"lifestyle":{"sleep":"Insônia frequente","diet":"Irregular","sports":"Sedentário","gym":"Não","alcohol":"Não","smoking":"Ex-fumante","drugs":"Não","religion":"Budista","spirituality":"Moderada"},"financial":{"situation":"Em dificuldade","income":"2 a 4 salários","work":"Não se aplica","ownHome":"Não","rent":"Sim","withFamily":"Sim","debt":"Não","car":"Não","motorcycle":"Sim"},"interests":{"hobbies":"Jardinagem","music":"Sertanejo","movies":"Documentários","books":"—","games":"—","tech":"Baixo","social":"Pouco ativo"},"personality":{"introvert":false,"extrovert":false,"communicative":false,"reserved":false,"organized":true,"creative":true,"impulsive":false,"notes":"Bom senso de humor, acolhedor(a)."},"relationships":{"family":"Muito próxima","friends":"Poucos amigos","romantic":"Estável","work":"Neutra"}}', NULL, 1768402690304);
INSERT INTO sessions (id, clinic_id, patient_id, psychologist_id, occurred_at, duration_min, mood, emotional_scale, topics, objectives, techniques, evolution, next_steps, free_notes, created_at) VALUES ('bc1e04da-97a6-423e-897b-1fdb4cf45f1f', '8bbe67c5-8a26-4bb3-93fa-274c02a8bdd2', 'f16d4bee-1ecb-4980-8921-6797192a1197', 'b55a3cfb-a65d-4540-8821-d20f7a3c8d56', 1781621890304, 45, 'Irritado(a)', 4, '["trabalho","família"]', 'Elaborar o processo de luto', 'Ativação comportamental', 'Apresentou resistência inicial, mas engajou-se ao final da sessão.', 'Trabalhar limites nos relacionamentos.', 'Sessão produtiva. Manter plano terapêutico.', 1781621890304);
INSERT INTO sessions (id, clinic_id, patient_id, psychologist_id, occurred_at, duration_min, mood, emotional_scale, topics, objectives, techniques, evolution, next_steps, free_notes, created_at) VALUES ('8892acac-913a-4615-9129-c061fd7e873f', '8bbe67c5-8a26-4bb3-93fa-274c02a8bdd2', 'f16d4bee-1ecb-4980-8921-6797192a1197', 'b55a3cfb-a65d-4540-8821-d20f7a3c8d56', 1782140290304, 50, 'Esperançoso(a)', 3, '["rotina","sono","relacionamento","luto"]', 'Reorganizar a rotina e o autocuidado', 'Treino de habilidades sociais', 'Paciente demonstrou boa adesão às tarefas propostas.', 'Praticar respiração diafragmática 2x ao dia.', 'Sessão produtiva. Manter plano terapêutico.', 1782140290304);
INSERT INTO sessions (id, clinic_id, patient_id, psychologist_id, occurred_at, duration_min, mood, emotional_scale, topics, objectives, techniques, evolution, next_steps, free_notes, created_at) VALUES ('b441c0b5-a018-49eb-9f92-5f64cd35f40f', '8bbe67c5-8a26-4bb3-93fa-274c02a8bdd2', 'f16d4bee-1ecb-4980-8921-6797192a1197', 'b55a3cfb-a65d-4540-8821-d20f7a3c8d56', 1782831490304, 50, 'Motivado(a)', 7, '["saúde","autoestima","relacionamento","lazer"]', 'Melhorar a qualidade do sono', 'Ativação comportamental', 'Apresentou resistência inicial, mas engajou-se ao final da sessão.', 'Manter diário do sono.', NULL, 1782831490304);
INSERT INTO timeline_events (id, clinic_id, patient_id, session_id, title, description, event_date, category, status, source, created_at) VALUES ('7a1f3d22-37d4-4793-886b-1abc44558231', '8bbe67c5-8a26-4bb3-93fa-274c02a8bdd2', 'f16d4bee-1ecb-4980-8921-6797192a1197', NULL, 'Ajuste de medicação', 'Apresentou resistência inicial, mas engajou-se ao final da sessão.', 1777042690304, 'clínico', 'suggested', 'manual', 1766329090304);
INSERT INTO timeline_events (id, clinic_id, patient_id, session_id, title, description, event_date, category, status, source, created_at) VALUES ('a440c54a-5155-4e43-bb1f-e3c0acdb208b', '8bbe67c5-8a26-4bb3-93fa-274c02a8bdd2', 'f16d4bee-1ecb-4980-8921-6797192a1197', NULL, 'Viagem/afastamento', 'Relatou leve melhora nos sintomas ao longo da semana.', 1774105090304, 'família', 'suggested', 'manual', 1781794690304);
INSERT INTO timeline_events (id, clinic_id, patient_id, session_id, title, description, event_date, category, status, source, created_at) VALUES ('e6250dc8-ae29-40c4-af2d-8c63e80f613b', '8bbe67c5-8a26-4bb3-93fa-274c02a8bdd2', 'f16d4bee-1ecb-4980-8921-6797192a1197', '8892acac-913a-4615-9129-c061fd7e873f', 'Perda familiar', 'Apresentou resistência inicial, mas engajou-se ao final da sessão.', 1779375490304, 'família', 'confirmed', 'manual', 1774277890304);
INSERT INTO timeline_events (id, clinic_id, patient_id, session_id, title, description, event_date, category, status, source, created_at) VALUES ('a495dc8e-ed2b-491e-87e7-99b50e6a2236', '8bbe67c5-8a26-4bb3-93fa-274c02a8bdd2', 'f16d4bee-1ecb-4980-8921-6797192a1197', '8892acac-913a-4615-9129-c061fd7e873f', 'Conclusão de etapa', 'Semana difícil, com aumento da sintomatologia ansiosa.', 1777129090304, 'clínico', 'confirmed', 'ai', 1775055490304);
INSERT INTO timeline_events (id, clinic_id, patient_id, session_id, title, description, event_date, category, status, source, created_at) VALUES ('7eebc40e-6db8-4ceb-a8f9-b4df1a9c59dd', '8bbe67c5-8a26-4bb3-93fa-274c02a8bdd2', 'f16d4bee-1ecb-4980-8921-6797192a1197', '8892acac-913a-4615-9129-c061fd7e873f', 'Melhora significativa', 'Relatou leve melhora nos sintomas ao longo da semana.', 1782399490304, 'clínico', 'confirmed', 'ai', 1768575490304);
INSERT INTO ai_summaries (id, clinic_id, patient_id, appointment_id, content, suggested_questions, model, status, approved_content, approved_by, approved_at, created_at) VALUES ('0420b5d3-0c83-49c6-b47e-894669d03a4e', '8bbe67c5-8a26-4bb3-93fa-274c02a8bdd2', 'f16d4bee-1ecb-4980-8921-6797192a1197', NULL, 'Paciente em acompanhamento por insônia e alterações do sono. Ao longo das sessões observa-se evolução gradual, com melhor manejo emocional e boa adesão às técnicas propostas. Recomenda-se manter o plano terapêutico atual.', '["Como você tem dormido esta semana?","O que funcionou melhor entre as estratégias que combinamos?","Houve algum gatilho importante desde a última sessão?"]', 'vinculo-ai', 'ready', NULL, NULL, NULL, 1781967490304);
INSERT INTO appointments (id, clinic_id, patient_id, psychologist_id, starts_at, ends_at, status, created_at) VALUES ('ed23ed24-a4f5-4b19-ae10-b9e12fd510ed', '8bbe67c5-8a26-4bb3-93fa-274c02a8bdd2', 'f16d4bee-1ecb-4980-8921-6797192a1197', 'b55a3cfb-a65d-4540-8821-d20f7a3c8d56', 1782313090304, 1782316090304, 'done', 1781794690304);
INSERT INTO appointments (id, clinic_id, patient_id, psychologist_id, starts_at, ends_at, status, created_at) VALUES ('c22054f4-f553-4a70-b60d-db5b4f0fd456', '8bbe67c5-8a26-4bb3-93fa-274c02a8bdd2', 'f16d4bee-1ecb-4980-8921-6797192a1197', 'b55a3cfb-a65d-4540-8821-d20f7a3c8d56', 1782917890304, 1782920890304, 'canceled', 1782485890304);
INSERT INTO appointments (id, clinic_id, patient_id, psychologist_id, starts_at, ends_at, status, created_at) VALUES ('f8857fff-7fe0-4fe3-bfc6-4be832e18673', '8bbe67c5-8a26-4bb3-93fa-274c02a8bdd2', 'f16d4bee-1ecb-4980-8921-6797192a1197', 'b55a3cfb-a65d-4540-8821-d20f7a3c8d56', 1784645890304, 1783784890304, 'scheduled', 1783349890304);
INSERT INTO consents (id, clinic_id, patient_id, type, version, granted_at, ip, revoked_at, created_at) VALUES ('7bf46e14-2fd7-4326-a57b-96ad5c1921eb', '8bbe67c5-8a26-4bb3-93fa-274c02a8bdd2', 'f16d4bee-1ecb-4980-8921-6797192a1197', 'general', '1.0', 1768402690304, '189.6.237.163', NULL, 1768402690304);
INSERT INTO consents (id, clinic_id, patient_id, type, version, granted_at, ip, revoked_at, created_at) VALUES ('1aff9d63-0cf6-456b-82fc-b16462360bd1', '8bbe67c5-8a26-4bb3-93fa-274c02a8bdd2', 'f16d4bee-1ecb-4980-8921-6797192a1197', 'ai', '1.0', 1768402690304, '189.218.228.236', NULL, 1768402690304);
INSERT INTO patients (id, clinic_id, psychologist_id, full_name, social_name, cpf, email, phone, whatsapp, birth_date, status, photo, profile, deleted_at, created_at) VALUES ('6e072e63-c963-40a1-b93c-aaef5bec3884', '8bbe67c5-8a26-4bb3-93fa-274c02a8bdd2', 'b55a3cfb-a65d-4540-8821-d20f7a3c8d56', 'Sofia Rocha Gomes', NULL, '885.948.743-15', 'sofia.20@email.com', '(69) 94815-2683', '(43) 92493-1995', 316537090304, 'active', 'data:image/svg+xml;base64,PHN2ZyB4bWxucz0iaHR0cDovL3d3dy53My5vcmcvMjAwMC9zdmciIHZpZXdCb3g9IjAgMCAyODAgMjgwIiBmaWxsPSJub25lIiBzaGFwZS1yZW5kZXJpbmc9ImF1dG8iPjxtZXRhZGF0YSB4bWxuczpyZGY9Imh0dHA6Ly93d3cudzMub3JnLzE5OTkvMDIvMjItcmRmLXN5bnRheC1ucyMiIHhtbG5zOnhzaT0iaHR0cDovL3d3dy53My5vcmcvMjAwMS9YTUxTY2hlbWEtaW5zdGFuY2UiIHhtbG5zOmRjPSJodHRwOi8vcHVybC5vcmcvZGMvZWxlbWVudHMvMS4xLyIgeG1sbnM6ZGN0ZXJtcz0iaHR0cDovL3B1cmwub3JnL2RjL3Rlcm1zLyI+PHJkZjpSREY+PHJkZjpEZXNjcmlwdGlvbj48ZGM6dGl0bGU+QXZhdGFhYXJzPC9kYzp0aXRsZT48ZGM6Y3JlYXRvcj5QYWJsbyBTdGFubGV5PC9kYzpjcmVhdG9yPjxkYzpzb3VyY2UgeHNpOnR5cGU9ImRjdGVybXM6VVJJIj5odHRwczovL2F2YXRhYWFycy5jb20vPC9kYzpzb3VyY2U+PGRjdGVybXM6bGljZW5zZSB4c2k6dHlwZT0iZGN0ZXJtczpVUkkiPmh0dHBzOi8vYXZhdGFhYXJzLmNvbS88L2RjdGVybXM6bGljZW5zZT48ZGM6cmlnaHRzPlJlbWl4IG9mIOKAnkF2YXRhYWFyc+KAnSAoaHR0cHM6Ly9hdmF0YWFhcnMuY29tLykgYnkg4oCeUGFibG8gU3RhbmxleeKAnSwgbGljZW5zZWQgdW5kZXIg4oCeRnJlZSBmb3IgcGVyc29uYWwgYW5kIGNvbW1lcmNpYWwgdXNl4oCdIChodHRwczovL2F2YXRhYWFycy5jb20vKTwvZGM6cmlnaHRzPjwvcmRmOkRlc2NyaXB0aW9uPjwvcmRmOlJERj48L21ldGFkYXRhPjxtYXNrIGlkPSJ2aWV3Ym94TWFzayI+PHJlY3Qgd2lkdGg9IjI4MCIgaGVpZ2h0PSIyODAiIHJ4PSIxNDAiIHJ5PSIxNDAiIHg9IjAiIHk9IjAiIGZpbGw9IiNmZmYiIC8+PC9tYXNrPjxnIG1hc2s9InVybCgjdmlld2JveE1hc2spIj48cmVjdCBmaWxsPSIjZmZkNWRjIiB3aWR0aD0iMjgwIiBoZWlnaHQ9IjI4MCIgeD0iMCIgeT0iMCIgLz48ZyB0cmFuc2Zvcm09InRyYW5zbGF0ZSg4KSI+PHBhdGggZD0iTTEzMiAzNmE1NiA1NiAwIDAgMC01NiA1NnY2LjE3QTEyIDEyIDAgMCAwIDY2IDExMHYxNGExMiAxMiAwIDAgMCAxMC4zIDExLjg4IDU2LjA0IDU2LjA0IDAgMCAwIDMxLjcgNDQuNzN2MTguNGgtNGE3MiA3MiAwIDAgMC03MiA3MnY5aDIwMHYtOWE3MiA3MiAwIDAgMC03Mi03MmgtNHYtMTguMzlhNTYuMDQgNTYuMDQgMCAwIDAgMzEuNy00NC43M0ExMiAxMiAwIDAgMCAxOTggMTI0di0xNGExMiAxMiAwIDAgMC0xMC0xMS44M1Y5MmE1NiA1NiAwIDAgMC01Ni01NloiIGZpbGw9IiNmZmRiYjQiLz48cGF0aCBkPSJNMTA4IDE4MC42MXY4YTU1Ljc5IDU1Ljc5IDAgMCAwIDI0IDUuMzljOC41OSAwIDE2LjczLTEuOTMgMjQtNS4zOXYtOGE1NS43OSA1NS43OSAwIDAgMS0yNCA1LjM5IDU1Ljc5IDU1Ljc5IDAgMCAxLTI0LTUuMzlaIiBmaWxsPSIjMDAwIiBmaWxsLW9wYWNpdHk9Ii4xIi8+PGcgdHJhbnNmb3JtPSJ0cmFuc2xhdGUoMCAxNzApIj48cGF0aCBkPSJNMTMyLjUgNTRDMTUxIDU0IDE2NiA0NC4zNyAxNjYgMzIuNWMwLTEuMS0uMTMtMi4xOC0uMzgtMy4yM0E3MiA3MiAwIDAgMSAyMzIgMTAxLjA1VjExMEgzMnYtOC45NUE3MiA3MiAwIDAgMSA5OS40IDI5LjJhMTQuMSAxNC4xIDAgMCAwLS40IDMuM0M5OSA0NC4zNyAxMTQgNTQgMTMyLjUgNTRaIiBmaWxsPSIjMjYyZTMzIi8+PGcgdHJhbnNmb3JtPSJ0cmFuc2xhdGUoNzcgNTgpIj48cGF0aCBkPSJNMTA1LjU2IDMwLjA3Yy0zLjA4LS42Ni01LjE5IDMuNTQtMS45IDQuNzkgMi44IDEuMDcgNC44NC00LjE1IDEuOS00Ljc5Wk0xMDQuMiAyN2MzLjY1IDAgMi4zLTUuOTggMi4zMS03Ljk3LjAyLTIuMTMgMS41NS04LjYtLjg5LTkuNzMtNC4yMS0xLjk3LTMuMDYgNi4zMy0zLjAzIDcuOTcuMDMgMS44Mi4xNiAzLjcyLS4yMyA1LjUtLjM1IDEuNTktMS4xMyA0LjIzIDEuODMgNC4yM1pNOTkuMDYgMTAuOTdjLTEuMDgtLjYyLTIuOC0uMzItMy45OS0uMzctMS4zNS0uMDYtMi42OS0uMi00LjAzLS4zLTIuMTgtLjE1LTQuOTYtLjU2LTcuMTItLjA2LTEuMjMuMjgtMi4zNCAxLjIyLTEuNzYgMi42LjYyIDEuNSAyLjMgMS4xMSAzLjU4IDEuMDQuNTgtLjA0IDIuMDMtLjMgMi42LS4xIDEgLjM2LjU4LS4xLjggMS4wOC4zNSAxLjguMTQgNCAuMTMgNS44My0uMDMgMy4xOC0uMDQgNi4zNy0uMSA5LjU0LS4wMyAxLjIzLS40NSAyLjYzLjc1IDMuNDUgMSAuNjggMi4yMi4yMiAyLjc0LS44LjUtMSAuMDItMy4wNi0uMDMtNC4yLS4wNy0xLjM0LS4xNC0yLjY3LS4xLTQuMDIuMS0zLjU4LjI4LTcuMTYuMzctMTAuNzUuOTQuMDUgMS45Mi4wMiAyLjg1LjE1LjY5LjEgMS42Ny41MyAyLjMzLjUgMS45LS4xIDIuNjktMi41OS45OC0zLjU5Wk03MC43MiAxNy44MWMtLjA4LS42NC0uMDEtLjA1IDAgMFptLS4wMy0uMjdzMCAuMDIgMCAwWm0xLjQzLTMuMTFjMy40MS0zLjk4IDQuNTggNC4zNCA3LjI0IDQgNC4yNi0uNTctLjk0LTYuOTYtMi42Ny03Ljc4LTMuNTEtMS42OC02LjYuMDgtOC4yNyAzLjI2LTIuMSA0LS43NyA2LjcxIDMuMjYgOC40NSAxLjQ3LjYzIDcuMDMgMi41MiA1LjUzIDQuOTYtLjc2IDEuMjItMy41MyAxLjMyLTQuNyAxLjA4LTIuMzUtLjQ4LTEuOTgtMi4wOC0zLjEzLTMuNTctMS4wMy0xLjM0LTMuMDMtLjk1LTMuMzQuNzgtLjI1IDEuMzYgMS4xNyAzLjQyIDIuMTEgNC4zOCAyLjI0IDIuMjYgNi4wNCAyLjQ0IDguODkgMS40IDQuMzktMS41NyA0LjkyLTUuNyAxLjgtOC45LTEuNzQtMS44LTMuOTMtMi4zNS02LjEtMy40Mi0yLjY1LTEuMy0yLjE2LTIuNC0uNjEtNC42NVpNNjEuNzUgMjkuNTdjLS41Ni00LjgzLS43LTkuNzItLjc4LTE0LjU3LS4wMy0xLjU1LjctNS4yLTEuNDUtNS44Ni0yLjkyLS44OS0yLjUzIDIuNy0yLjQ3IDQuMTYuMiA0LjkyLjg0IDkuOCAxLjA3IDE0LjcuMDcgMS41Ni0uNDMgNC41NyAxLjgzIDQuOTUgMi43NS40NSAyLTIuMDkgMS44LTMuMzhaTTUyLjQ3IDEzLjY4YTYuNzQgNi43NCAwIDAgMC0xMC4wOS0uNzZjLTIuMDcgMi4wNi0zLjM4IDYuOTItMS40MSA5LjQgMi4xMiAyLjcgNy4zNS4zNCA4LjcyIDMuMzkgMS42OCAzLjc0LTIuNzMgNS4xNS01LjA3IDIuNjYtLjg1LS45LS42Ni0yLjQ1LTEuOS0zLTEuNzctLjgtMi44Ny45Mi0yLjUyIDIuMzUuODUgMy41IDQuNjUgNS40IDguMSA1LjI3IDMuNzctLjEyIDUuNC0yLjk3IDUuMTYtNi40LS4zMy00Ljc0LTMuOTgtNS40OC03Ljk5LTYtMS43LS4yMi0xLjkyLS4yLTEuODEtMS45NS4xMy0yLjEyIDEuMzctNC41NyAzLjk5LTQuMDcgMi4xLjQgMi4zIDMuNTcgNC40NSAzLjcyIDMuNS4yNCAxLjI2LTMuNDMuMzctNC42MlpNMzQuNzIgMjkuNDRjLTEuMzQuMzItMi45Ni4xLTQuMzMuMDctMS4wNS0uMDItNC41Ny40My01LjI2LS4zLS43Ni0uOC0uNS0zLjI0LS41NC00LjI4LS4wNS0xLjQ1LS40LTEuNjcuODctMiAuNzUtLjIgMS45LS4xIDIuNjgtLjEzIDEuNTItLjA3IDMuNDcuMiA0LjkzLS4wOSAxLjM3LS4yOCAyLjUtMS43NSAxLjI1LTMtLjg4LS45LTIuNTQtLjQyLTMuNjMtLjQtMi4wMy4wNi00LjA3LjA1LTYuMS4wOCAwLTEuNTctLjA2LTMuMTQuMDctNC43IDIuODQuMTIgNS44Ljg2IDguNjYuNzMgMS40NC0uMDcgMy4wNC0xIDIuMy0yLjczLS42Mi0xLjUtMi41Mi0xLjMtMy44NC0xLjM1LTEuNjYtLjA3LTMuMzItLjExLTQuOTctLjE3LTEuMjItLjA0LTMtLjQ0LTQuMTYuMS0yLjM2IDEuMTQtMS41NSA1LjAyLTEuNDggNy4xMi4wOCAyLjY3LjA4IDUuMjcuMTcgNy45Ni4wOSAyLjQzLS4wMyA1LjY0IDIuODYgNi4zMiAyLjg5LjY5IDYuMjQuMDMgOS4xOS4xOCAxLjIuMDUgMi44Ni40IDMuNDUtMSAuNTctMS4zNS0uNzMtMi43Ny0yLjE0LTIuNDJaTTExLjQxIDE0Ljg4YzIuMzIuNSAyLjk0IDMuMDEgMy4wMiA1LjE1LjA1IDEuNDYuMTggMS4zNy0xIDEuNzQtMS4yLjM3LTIuOTIuMTctNC4xNC4xMi0yLjU0LS4xMS0yLjI0LS4yOC0yLjI5LTIuOTUgMC0uNjItLjQ3LTMuNS0uMS0zLjkxLjQ3LS41MyAzLjgzLS4yIDQuNTEtLjE1Wm01LjA4IDE0Ljg0YTUxLjcgNTEuNyAwIDAgMC00LjA1LTQuMjljMi4xNi0uMDYgNC41LS40NyA1LjI3LTIuODIuNjUtMS45OC4wOS01LS42Ny02Ljg3YTcuMDUgNy4wNSAwIDAgMC01LjYzLTQuNDhjLTEuOC0uMjUtNi4yOC0uNjctNy42Mi43MS0xLjQ2IDEuNTEtLjQ1IDUuNjUtLjM2IDcuNS4xNiAzLjI3LjA1IDYuNTItLjE1IDkuNzktLjA3IDEuMDUtLjU5IDIuNzgtLjA1IDMuNzNhMS45OCAxLjk4IDAgMCAwIDIuOTcuNTRjLjk5LS44NS41My0xLjg4LjQ3LTIuOTYtLjEtMS42OC4wOC0zLjQuMTgtNS4wOCAxLjYgMS4zIDMuMjUgMi41OSA0Ljc2IDQuMDIgMS40OSAxLjQxIDIuNTYgMy4yIDMuOTkgNC42MiAxIDEuMDEgMi44MiAxLjQzIDMuMzMtLjQ1LjQ0LTEuNi0xLjU3LTIuOTUtMi40NS0zLjk3WiIgZmlsbC1ydWxlPSJldmVub2RkIiBjbGlwLXJ1bGU9ImV2ZW5vZGQiIGZpbGw9IiNmZmYiLz48L2c+PC9nPjxnIHRyYW5zZm9ybT0idHJhbnNsYXRlKDc4IDEzNCkiPjxwYXRoIGZpbGwtcnVsZT0iZXZlbm9kZCIgY2xpcC1ydWxlPSJldmVub2RkIiBkPSJNNDAuMDYgMjcuNzJDNDAuNyAyMC43IDQ2LjcgMTYgNTQgMTZjNy4zNCAwIDEzLjM2IDQuNzUgMTMuOTUgMTEuODUuMDMuMzgtLjg3LjY3LTEuMzIuNDUtNS41NC0yLjc3LTkuNzUtNC4xNi0xMi42My00LjE2LTIuODQgMC03IDEuMzYtMTIuNDUgNC4wNy0uNS4yNS0xLjUzLS4wNy0xLjUtLjQ5WiIgZmlsbD0iIzAwMCIgZmlsbC1vcGFjaXR5PSIuNyIvPjwvZz48ZyB0cmFuc2Zvcm09InRyYW5zbGF0ZSgxMDQgMTIyKSI+PHBhdGggZmlsbC1ydWxlPSJldmVub2RkIiBjbGlwLXJ1bGU9ImV2ZW5vZGQiIGQ9Ik0xNiA4YzAgNC40MiA1LjM3IDggMTIgOHMxMi0zLjU4IDEyLTgiIGZpbGw9IiMwMDAiIGZpbGwtb3BhY2l0eT0iLjE2Ii8+PC9nPjxnIHRyYW5zZm9ybT0idHJhbnNsYXRlKDc2IDkwKSI+PHBhdGggZD0iTTI3IDE2Yy00Ljg0IDAtOSAyLjY1LTEwLjg0IDYuNDUtLjU0IDEuMS4zOSAxLjg1IDEuMjggMS4xMmExNS4xMyAxNS4xMyAwIDAgMSA5LjgtMy4yMiA2IDYgMCAxIDAgMTAuNyAyLjggMiAyIDAgMCAwLS4xMi0uNzRsLS4xNS0uMzhhNiA2IDAgMCAwLTEuNjQtMi40OEMzMy45IDE3LjMyIDMwLjUgMTYgMjcgMTZaTTg1IDE2Yy00Ljg0IDAtOSAyLjY1LTEwLjg0IDYuNDUtLjU0IDEuMS4zOSAxLjg1IDEuMjggMS4xMmExNS4xMyAxNS4xMyAwIDAgMSA5LjgtMy4yMiA2IDYgMCAxIDAgMTAuNyAyLjggMiAyIDAgMCAwLS4xMi0uNzRsLS4xNS0uMzhhNiA2IDAgMCAwLTEuNjQtMi40OEM5MS45IDE3LjMyIDg4LjUgMTYgODUgMTZaIiBmaWxsPSIjMDAwIiBmaWxsLW9wYWNpdHk9Ii42Ii8+PC9nPjxnIHRyYW5zZm9ybT0idHJhbnNsYXRlKDc2IDgyKSI+PHBhdGggZD0iTTM2LjM3IDYuODhjLTEuOTcgMi45LTUuNTUgNC42NC04Ljc0IDUuNjgtMy45NCAxLjI5LTE4LjU1IDMuMzgtMTUuMTEgMTEuMzUuMDUuMTIuMjIuMTIuMjcgMCAxLjE1LTIuNjUgMTcuNDctNS4xMiAxOC45Ny01LjcgNC40NS0xLjcxIDguNC01LjUgOS4xNy0xMC41NS4zNS0yLjMxLS42NC02LjA1LTEuNTUtNy41NS0uMTEtLjE4LS4zNy0uMTMtLjQzLjA3LS4zNiAxLjMzLTEuNDEgNC45Ny0yLjU4IDYuN1pNNzUuNjMgNi44OGMxLjk3IDIuOSA1LjU1IDQuNjQgOC43NCA1LjY4IDMuOTQgMS4yOSAxOC41NSAzLjM4IDE1LjExIDExLjM1YS4xNS4xNSAwIDAgMS0uMjcgMGMtMS4xNS0yLjY1LTE3LjQ3LTUuMTItMTguOTctNS43LTQuNDUtMS43MS04LjQtNS41LTkuMTctMTAuNTUtLjM1LTIuMzEuNjQtNi4wNSAxLjU1LTcuNTUuMTEtLjE4LjM3LS4xMy40My4wNy4zNiAxLjMzIDEuNDEgNC45NyAyLjU4IDYuN1oiIGZpbGwtcnVsZT0iZXZlbm9kZCIgY2xpcC1ydWxlPSJldmVub2RkIiBmaWxsPSIjMDAwIiBmaWxsLW9wYWNpdHk9Ii42Ii8+PC9nPjxnIHRyYW5zZm9ybT0idHJhbnNsYXRlKC0xKSI+PHBhdGggZD0iTTE5MC40NyA5Ny41YzEtMi40IDEuNTMtNC45MiAxLjUzLTcuNSAwLTE4LjIzLTI2LjQxLTMzLTU5LTMzLTMyLjU4IDAtNTkgMTQuNzctNTkgMzMgMCAyLjU4LjUzIDUuMSAxLjUzIDcuNUM4MS42IDgyLjg5IDEwNS4wMyA3MiAxMzMgNzJzNTEuNCAxMC44OSA1Ny40NyAyNS41WiIgZmlsbD0iI0VERUNFMyIvPjxwYXRoIGQ9Ik00OSA5NC4zMkM0OC45MyAxMzMuNSA3OCAxNDEgNzggMTQxYy01LjQ0LTQ5LjU1IDIzLjU0LTY1LjE1IDQ2LjUzLTc3LjUzIDIuOTQtMS41OCA1Ljc4LTMuMTEgOC40NC00LjY1YTMwOS41IDMwOS41IDAgMCAwIDguNDggNC42OEMxNjQuNDMgNzUuODcgMTkzLjQyIDkxLjQ4IDE4OCAxNDFjMCAwIDI5LjA3LTguNDYgMjktNDYuNjhDMjE2LjkyIDQ3LjE1IDE2NC44NSAzIDEzNSAzYy0uNjcgMC0xLjM0LjAzLTIgLjA5LS42Ny0uMDYtMS4zMy0uMDktMi0uMDktMjkuOTMgMC04MS45MiA0NC4xNS04MiA5MS4zMloiIGZpbGw9IiNmZjQ4OGUiLz48cGF0aCBkPSJNNDkuMDEgOTUuOWMuNyAzNy44IDI5IDQ1LjEgMjkgNDUuMXMtMjkuMDctNy4wNy0yOS00My45N2wuMDEtMS4xM1pNNzcuMzMgMTI5LjY4Yy4xNS0zNy44NiAyNi4xOC01MS4wNSA0Ny4yLTYxLjcxIDExLTUuNTggMjAuNjQtMTAuNDcgMjQuNDctMTcuODMgNC4xMy03LjI1IDUuMzktMTMuOTQgNC42NS0xOS42Ny0uNSA0LjM3LTEuOTggOS4xLTQuNjUgMTQuMDctMy44MyA3LjgyLTEzLjQ3IDEzLTI0LjQ3IDE4LjkzLTIxLjE0IDExLjM4LTQ3LjM1IDI1LjQ5LTQ3LjIgNjYuMjFaIiBmaWxsPSIjMDAwIiBmaWxsLW9wYWNpdHk9Ii4xNiIvPjwvZz48ZyB0cmFuc2Zvcm09InRyYW5zbGF0ZSg0OSA3MikiPjxwYXRoIGQ9Ik01Ny41NSA2OS42OGEzMS44IDMxLjggMCAwIDEgNC44NC0yLjU1QzY3LjU4IDY1LjE1IDc3LjIgNjUuNzEgODQgNjkuM2M2LjgtMy41OSAxNi40Mi00LjE1IDIxLjYxLTIuMTcgMS42NC42MyAzLjIyIDEuNTcgNC44NCAyLjU1IDQuMTMgMi40NyA4LjU1IDUuMTIgMTQuOTEgMy4xNS4zNy0uMTIuNzMuMjIuNjIuNTgtMS4zNyA0LjUtOSA3LjYtMTEuNiA3LjctNi4yLjI0LTExLjc1LTIuMjYtMTcuMTMtNC42OS00LjQ0LTItOC43Ny0zLjk2LTEzLjI1LTQuMjYtNC40OC4zLTguOCAyLjI2LTEzLjI1IDQuMjYtNS4zOCAyLjQzLTEwLjkyIDQuOTMtMTcuMTMgNC42OS0yLjYtLjEtMTAuMjMtMy4yLTExLjYtNy43LS4xMS0uMzYuMjUtLjcuNjItLjU4IDYuMzYgMS45NyAxMC43OC0uNjggMTQuOS0zLjE1WiIgZmlsbD0iI2Q2YjM3MCIvPjwvZz48ZyB0cmFuc2Zvcm09InRyYW5zbGF0ZSg2MiA0MikiPjwvZz48L2c+PC9nPjwvc3ZnPg==', '{"personal":{"isChild":false,"sex":"Feminino","gender":"Mulher cisgênero","rg":"59.849.532-5","maritalStatus":"União estável","profession":"Engenheiro","company":"Empresa privada","education":"Superior incompleto","address":"Rua Nunes, 555","city":"Curitiba","state":"PR","zip":"29486-454"},"clinical":{"complaint":"Dificuldades no relacionamento conjugal","goals":"Aumentar a tolerância à frustração","suffering":"Intenso","history":"Procurou a clínica de forma espontânea, motivado(a) por autoconhecimento.","priorDiagnoses":"Episódio depressivo","priorTreatments":"Nenhum","psychiatric":"Não","referrals":"Encaminhado pelo clínico geral"},"health":{"depression":true,"anxiety":false,"tdah":false,"tag":true,"bipolar":false,"medications":"Escitalopram 10mg","diseases":"Hipotireoidismo","surgeries":"—","hospitalizations":"Não","familyHistory":"Sem histórico relevante"},"lifestyle":{"sleep":"Sono não reparador","diet":"Restritiva","sports":"Yoga","gym":"Não","alcohol":"Social","smoking":"Não","drugs":"Não","religion":"Budista","spirituality":"Muito presente"},"financial":{"situation":"Em dificuldade","income":"4 a 8 salários","work":"CLT","ownHome":"Não","rent":"Não","withFamily":"Não","debt":"Alguma","car":"Não","motorcycle":"Não"},"interests":{"hobbies":"Música","music":"Rock","movies":"Documentários","books":"Ficção e autoajuda","games":"—","tech":"Alto","social":"WhatsApp"},"personality":{"introvert":false,"extrovert":false,"communicative":true,"reserved":true,"organized":false,"creative":false,"impulsive":true,"notes":"Dificuldade em pedir ajuda."},"relationships":{"family":"Muito próxima","friends":"Rede sólida","romantic":"Solteiro(a)","work":"Boa"}}', NULL, 1770735490304);
INSERT INTO sessions (id, clinic_id, patient_id, psychologist_id, occurred_at, duration_min, mood, emotional_scale, topics, objectives, techniques, evolution, next_steps, free_notes, created_at) VALUES ('938f7cb8-5b47-49f7-a261-e9cb049051ef', '8bbe67c5-8a26-4bb3-93fa-274c02a8bdd2', '6e072e63-c963-40a1-b93c-aaef5bec3884', 'b55a3cfb-a65d-4540-8821-d20f7a3c8d56', 1780930690305, 50, 'Esperançoso(a)', 4, '["saúde","ansiedade","sono"]', 'Aumentar a tolerância à frustração', 'Reestruturação cognitiva', 'Percebe-se maior consciência emocional e vocabulário afetivo.', 'Trabalhar limites nos relacionamentos.', NULL, 1780930690305);
INSERT INTO sessions (id, clinic_id, patient_id, psychologist_id, occurred_at, duration_min, mood, emotional_scale, topics, objectives, techniques, evolution, next_steps, free_notes, created_at) VALUES ('6ad0cde4-ff80-4dc3-b91d-f188b5da93b8', '8bbe67c5-8a26-4bb3-93fa-274c02a8bdd2', '6e072e63-c963-40a1-b93c-aaef5bec3884', 'b55a3cfb-a65d-4540-8821-d20f7a3c8d56', 1781621890305, 60, 'Angustiado(a)', 8, '["ansiedade","luto"]', 'Melhorar a comunicação nos relacionamentos', 'Respiração diafragmática', 'Percebe-se maior consciência emocional e vocabulário afetivo.', 'Praticar respiração diafragmática 2x ao dia.', 'Sessão produtiva. Manter plano terapêutico.', 1781621890305);
INSERT INTO sessions (id, clinic_id, patient_id, psychologist_id, occurred_at, duration_min, mood, emotional_scale, topics, objectives, techniques, evolution, next_steps, free_notes, created_at) VALUES ('787095df-a027-46b3-a8ed-3d4345ade87b', '8bbe67c5-8a26-4bb3-93fa-274c02a8bdd2', '6e072e63-c963-40a1-b93c-aaef5bec3884', 'b55a3cfb-a65d-4540-8821-d20f7a3c8d56', 1782313090305, 45, 'Deprimido(a)', 6, '["saúde","ansiedade"]', 'Melhorar a qualidade do sono', 'Psicoeducação', 'Relatou leve melhora nos sintomas ao longo da semana.', 'Retomar atividade física gradualmente.', 'Sessão produtiva. Manter plano terapêutico.', 1782313090305);
INSERT INTO sessions (id, clinic_id, patient_id, psychologist_id, occurred_at, duration_min, mood, emotional_scale, topics, objectives, techniques, evolution, next_steps, free_notes, created_at) VALUES ('bb43e2f9-60fa-47ae-a8af-0d173301d9e8', '8bbe67c5-8a26-4bb3-93fa-274c02a8bdd2', '6e072e63-c963-40a1-b93c-aaef5bec3884', 'b55a3cfb-a65d-4540-8821-d20f7a3c8d56', 1782831490305, 50, 'Ansioso(a)', 5, '["lazer","autoestima"]', 'Melhorar a qualidade do sono', 'Respiração diafragmática', 'Percebe-se maior consciência emocional e vocabulário afetivo.', 'Manter diário do sono.', NULL, 1782831490305);
INSERT INTO timeline_events (id, clinic_id, patient_id, session_id, title, description, event_date, category, status, source, created_at) VALUES ('0e22b5be-e88c-4620-8641-f7ec309c458a', '8bbe67c5-8a26-4bb3-93fa-274c02a8bdd2', '6e072e63-c963-40a1-b93c-aaef5bec3884', '938f7cb8-5b47-49f7-a261-e9cb049051ef', 'Melhora significativa', 'Relatou leve melhora nos sintomas ao longo da semana.', 1775055490305, 'clínico', 'confirmed', 'manual', 1767452290305);
INSERT INTO timeline_events (id, clinic_id, patient_id, session_id, title, description, event_date, category, status, source, created_at) VALUES ('1e3eb09d-621b-4387-b891-f66990ca6e2b', '8bbe67c5-8a26-4bb3-93fa-274c02a8bdd2', '6e072e63-c963-40a1-b93c-aaef5bec3884', '6ad0cde4-ff80-4dc3-b91d-f188b5da93b8', 'Melhora significativa', 'Relatou leve melhora nos sintomas ao longo da semana.', 1779548290305, 'família', 'suggested', 'ai', 1781103490305);
INSERT INTO timeline_events (id, clinic_id, patient_id, session_id, title, description, event_date, category, status, source, created_at) VALUES ('1547219f-8b3e-4d5c-a513-c82718ccc3a7', '8bbe67c5-8a26-4bb3-93fa-274c02a8bdd2', '6e072e63-c963-40a1-b93c-aaef5bec3884', NULL, 'Melhora significativa', 'Semana difícil, com aumento da sintomatologia ansiosa.', 1766761090305, 'família', 'confirmed', 'manual', 1770217090305);
INSERT INTO timeline_events (id, clinic_id, patient_id, session_id, title, description, event_date, category, status, source, created_at) VALUES ('41678517-0967-4870-a9b1-ef3a53cffece', '8bbe67c5-8a26-4bb3-93fa-274c02a8bdd2', '6e072e63-c963-40a1-b93c-aaef5bec3884', '6ad0cde4-ff80-4dc3-b91d-f188b5da93b8', 'Mudança de emprego', 'Relatou leve melhora nos sintomas ao longo da semana.', 1767538690305, 'clínico', 'suggested', 'ai', 1780412290305);
INSERT INTO ai_summaries (id, clinic_id, patient_id, appointment_id, content, suggested_questions, model, status, approved_content, approved_by, approved_at, created_at) VALUES ('7ebab562-a7cd-4eac-9b47-081e512766c0', '8bbe67c5-8a26-4bb3-93fa-274c02a8bdd2', '6e072e63-c963-40a1-b93c-aaef5bec3884', NULL, 'Paciente em acompanhamento por dificuldade em lidar com mudanças. Ao longo das sessões observa-se evolução gradual, com melhor manejo emocional e boa adesão às técnicas propostas. Recomenda-se manter o plano terapêutico atual.', '["Como você tem dormido esta semana?","O que funcionou melhor entre as estratégias que combinamos?","Houve algum gatilho importante desde a última sessão?"]', 'vinculo-ai', 'approved', NULL, NULL, 1782572290305, 1782053890305);
INSERT INTO appointments (id, clinic_id, patient_id, psychologist_id, starts_at, ends_at, status, created_at) VALUES ('b38fefbf-a1c7-4401-b275-7431e7556c6e', '8bbe67c5-8a26-4bb3-93fa-274c02a8bdd2', '6e072e63-c963-40a1-b93c-aaef5bec3884', 'b55a3cfb-a65d-4540-8821-d20f7a3c8d56', 1782313090305, 1782316090305, 'done', 1781794690305);
INSERT INTO appointments (id, clinic_id, patient_id, psychologist_id, starts_at, ends_at, status, created_at) VALUES ('9a1380ca-41ad-4e99-a910-95d38cb04a6d', '8bbe67c5-8a26-4bb3-93fa-274c02a8bdd2', '6e072e63-c963-40a1-b93c-aaef5bec3884', 'b55a3cfb-a65d-4540-8821-d20f7a3c8d56', 1782917890305, 1782920890305, 'done', 1782485890305);
INSERT INTO appointments (id, clinic_id, patient_id, psychologist_id, starts_at, ends_at, status, created_at) VALUES ('68e3d8b2-4fed-48dd-9be0-8fee993f8f49', '8bbe67c5-8a26-4bb3-93fa-274c02a8bdd2', '6e072e63-c963-40a1-b93c-aaef5bec3884', 'b55a3cfb-a65d-4540-8821-d20f7a3c8d56', 1784386690305, 1784648890305, 'scheduled', 1783349890305);
INSERT INTO consents (id, clinic_id, patient_id, type, version, granted_at, ip, revoked_at, created_at) VALUES ('033a5c52-c920-4827-8c91-79c37656c774', '8bbe67c5-8a26-4bb3-93fa-274c02a8bdd2', '6e072e63-c963-40a1-b93c-aaef5bec3884', 'general', '1.0', 1770735490304, '189.195.163.157', NULL, 1770735490304);
INSERT INTO consents (id, clinic_id, patient_id, type, version, granted_at, ip, revoked_at, created_at) VALUES ('2d7fe921-ff59-48c0-a981-1627579effdd', '8bbe67c5-8a26-4bb3-93fa-274c02a8bdd2', '6e072e63-c963-40a1-b93c-aaef5bec3884', 'ai', '1.0', 1770735490304, '189.246.114.151', NULL, 1770735490304);
INSERT INTO patients (id, clinic_id, psychologist_id, full_name, social_name, cpf, email, phone, whatsapp, birth_date, status, photo, profile, deleted_at, created_at) VALUES ('317bbca4-2992-4106-9ec5-76a86a0c2060', '8bbe67c5-8a26-4bb3-93fa-274c02a8bdd2', 'b55a3cfb-a65d-4540-8821-d20f7a3c8d56', 'Tainá Mendes Souza', NULL, '787.893.905-16', 'tainá.21@email.com', '(96) 92219-1104', '(33) 91688-5179', 1159887490305, 'active', 'data:image/svg+xml;base64,PHN2ZyB4bWxucz0iaHR0cDovL3d3dy53My5vcmcvMjAwMC9zdmciIHZpZXdCb3g9IjAgMCAyODAgMjgwIiBmaWxsPSJub25lIiBzaGFwZS1yZW5kZXJpbmc9ImF1dG8iPjxtZXRhZGF0YSB4bWxuczpyZGY9Imh0dHA6Ly93d3cudzMub3JnLzE5OTkvMDIvMjItcmRmLXN5bnRheC1ucyMiIHhtbG5zOnhzaT0iaHR0cDovL3d3dy53My5vcmcvMjAwMS9YTUxTY2hlbWEtaW5zdGFuY2UiIHhtbG5zOmRjPSJodHRwOi8vcHVybC5vcmcvZGMvZWxlbWVudHMvMS4xLyIgeG1sbnM6ZGN0ZXJtcz0iaHR0cDovL3B1cmwub3JnL2RjL3Rlcm1zLyI+PHJkZjpSREY+PHJkZjpEZXNjcmlwdGlvbj48ZGM6dGl0bGU+QXZhdGFhYXJzPC9kYzp0aXRsZT48ZGM6Y3JlYXRvcj5QYWJsbyBTdGFubGV5PC9kYzpjcmVhdG9yPjxkYzpzb3VyY2UgeHNpOnR5cGU9ImRjdGVybXM6VVJJIj5odHRwczovL2F2YXRhYWFycy5jb20vPC9kYzpzb3VyY2U+PGRjdGVybXM6bGljZW5zZSB4c2k6dHlwZT0iZGN0ZXJtczpVUkkiPmh0dHBzOi8vYXZhdGFhYXJzLmNvbS88L2RjdGVybXM6bGljZW5zZT48ZGM6cmlnaHRzPlJlbWl4IG9mIOKAnkF2YXRhYWFyc+KAnSAoaHR0cHM6Ly9hdmF0YWFhcnMuY29tLykgYnkg4oCeUGFibG8gU3RhbmxleeKAnSwgbGljZW5zZWQgdW5kZXIg4oCeRnJlZSBmb3IgcGVyc29uYWwgYW5kIGNvbW1lcmNpYWwgdXNl4oCdIChodHRwczovL2F2YXRhYWFycy5jb20vKTwvZGM6cmlnaHRzPjwvcmRmOkRlc2NyaXB0aW9uPjwvcmRmOlJERj48L21ldGFkYXRhPjxtYXNrIGlkPSJ2aWV3Ym94TWFzayI+PHJlY3Qgd2lkdGg9IjI4MCIgaGVpZ2h0PSIyODAiIHJ4PSIxNDAiIHJ5PSIxNDAiIHg9IjAiIHk9IjAiIGZpbGw9IiNmZmYiIC8+PC9tYXNrPjxnIG1hc2s9InVybCgjdmlld2JveE1hc2spIj48cmVjdCBmaWxsPSIjYzBhZWRlIiB3aWR0aD0iMjgwIiBoZWlnaHQ9IjI4MCIgeD0iMCIgeT0iMCIgLz48ZyB0cmFuc2Zvcm09InRyYW5zbGF0ZSg4KSI+PHBhdGggZD0iTTEzMiAzNmE1NiA1NiAwIDAgMC01NiA1NnY2LjE3QTEyIDEyIDAgMCAwIDY2IDExMHYxNGExMiAxMiAwIDAgMCAxMC4zIDExLjg4IDU2LjA0IDU2LjA0IDAgMCAwIDMxLjcgNDQuNzN2MTguNGgtNGE3MiA3MiAwIDAgMC03MiA3MnY5aDIwMHYtOWE3MiA3MiAwIDAgMC03Mi03MmgtNHYtMTguMzlhNTYuMDQgNTYuMDQgMCAwIDAgMzEuNy00NC43M0ExMiAxMiAwIDAgMCAxOTggMTI0di0xNGExMiAxMiAwIDAgMC0xMC0xMS44M1Y5MmE1NiA1NiAwIDAgMC01Ni01NloiIGZpbGw9IiNmZDk4NDEiLz48cGF0aCBkPSJNMTA4IDE4MC42MXY4YTU1Ljc5IDU1Ljc5IDAgMCAwIDI0IDUuMzljOC41OSAwIDE2LjczLTEuOTMgMjQtNS4zOXYtOGE1NS43OSA1NS43OSAwIDAgMS0yNCA1LjM5IDU1Ljc5IDU1Ljc5IDAgMCAxLTI0LTUuMzlaIiBmaWxsPSIjMDAwIiBmaWxsLW9wYWNpdHk9Ii4xIi8+PGcgdHJhbnNmb3JtPSJ0cmFuc2xhdGUoMCAxNzApIj48cGF0aCBkPSJNMTA4IDE0LjdjLTE1LjUyIDMuNjgtMjcuMSAxMC44My0zMC43NyAxOS40NEE3Mi4wMiA3Mi4wMiAwIDAgMCAzMiAxMDF2OWgyMDB2LTlhNzIuMDIgNzIuMDIgMCAwIDAtNDUuMjMtNjYuODZDMTgzLjEgMjUuNTMgMTcxLjUyIDE4LjM4IDE1NiAxNC43VjMyYTI0IDI0IDAgMSAxLTQ4IDBWMTQuN1oiIGZpbGw9IiMyNjJlMzMiLz48cGF0aCBkPSJNMTAyIDYzLjM0YTY3LjEgNjcuMSAwIDAgMS03LTIuODJWMTEwaDdWNjMuMzRaTTE2MiA2My4zNGE2Ny4wNCA2Ny4wNCAwIDAgMCA3LTIuODJWOTguNWEzLjUgMy41IDAgMSAxLTcgMFY2My4zNFoiIGZpbGw9IiNGNEY0RjQiLz48cGF0aCBkPSJNMTg3LjYyIDM0LjQ5YTcxLjc5IDcxLjc5IDAgMCAxIDEwLjgzIDUuNjNDMTk3LjExIDU1LjYyIDE2Ny44NyA2OCAxMzIgNjhjMzAuOTMgMCA1Ni0xMy40MyA1Ni0zMCAwLTEuMTktLjEzLTIuMzYtLjM4LTMuNTFaTTc2LjM4IDM0LjQ5YTE2LjQ4IDE2LjQ4IDAgMCAwLS4zOCAzLjVjMCAxNi41OCAyNS4wNyAzMCA1NiAzMC0zNS44NyAwLTY1LjEtMTIuMzgtNjYuNDUtMjcuODhhNzEuNzkgNzEuNzkgMCAwIDEgMTAuODMtNS42M1oiIGZpbGw9IiMwMDAiIGZpbGwtb3BhY2l0eT0iLjE2Ii8+PC9nPjxnIHRyYW5zZm9ybT0idHJhbnNsYXRlKDc4IDEzNCkiPjxwYXRoIGQ9Ik00MCAxNmMwIDUuMzcgNi4xNiA5IDE0IDlzMTQtMy42MyAxNC05YzAtMS4xLS45NS0yLTItMi0xLjMgMC0xLjg3LjktMiAyLTEuMjQgMi45NC00LjMyIDQuNzItMTAgNS01LjY4LS4yOC04Ljc2LTIuMDYtMTAtNS0uMTMtMS4xLS43LTItMi0yLTEuMDUgMC0yIC45LTIgMloiIGZpbGw9IiMwMDAiIGZpbGwtb3BhY2l0eT0iLjYiLz48L2c+PGcgdHJhbnNmb3JtPSJ0cmFuc2xhdGUoMTA0IDEyMikiPjxwYXRoIGZpbGwtcnVsZT0iZXZlbm9kZCIgY2xpcC1ydWxlPSJldmVub2RkIiBkPSJNMTYgOGMwIDQuNDIgNS4zNyA4IDEyIDhzMTItMy41OCAxMi04IiBmaWxsPSIjMDAwIiBmaWxsLW9wYWNpdHk9Ii4xNiIvPjwvZz48ZyB0cmFuc2Zvcm09InRyYW5zbGF0ZSg3NiA5MCkiPjxwYXRoIGQ9Ik0xNi4xNiAyMi40NWMxLjg1LTMuOCA2LTYuNDUgMTAuODQtNi40NSA0LjgxIDAgOC45NiAyLjYzIDEwLjgyIDYuNC41NSAxLjEzLS4yNCAyLjA1LTEuMDMgMS4zN2ExNS4wNSAxNS4wNSAwIDAgMC05LjgtMy40M2MtMy43MyAwLTcuMTIgMS4yNC05LjU1IDMuMjMtLjkuNzMtMS44Mi0uMDEtMS4yOC0xLjEyWk03NC4xNiAyMi40NWMxLjg1LTMuOCA2LTYuNDUgMTAuODQtNi40NSA0LjgxIDAgOC45NiAyLjYzIDEwLjgyIDYuNC41NSAxLjEzLS4yNCAyLjA1LTEuMDMgMS4zN2ExNS4wNSAxNS4wNSAwIDAgMC05LjgtMy40M2MtMy43NCAwLTcuMTMgMS4yNC05LjU2IDMuMjMtLjkuNzMtMS44Mi0uMDEtMS4yOC0xLjEyWiIgZmlsbC1ydWxlPSJldmVub2RkIiBjbGlwLXJ1bGU9ImV2ZW5vZGQiIGZpbGw9IiMwMDAiIGZpbGwtb3BhY2l0eT0iLjYiLz48L2c+PGcgdHJhbnNmb3JtPSJ0cmFuc2xhdGUoNzYgODIpIj48cGF0aCBkPSJNMTUuNiAxNC4xNmM0LjQ5LTYuMzIgMTQtOS41IDIzLjc1LTYuMzZhMiAyIDAgMSAwIDEuMjMtMy44MWMtMTEuNDEtMy42OC0yMi43NC4xLTI4LjI1IDcuODVhMiAyIDAgMSAwIDMuMjYgMi4zMlpNOTYuMzggMjEuMTZjLTMuOTItNS41MS0xNC42NS04LjYtMjMuOS02LjMzYTIgMiAwIDAgMS0uOTUtMy44OGMxMC43NC0yLjY0IDIzLjE3Ljk0IDI4LjEgNy45YTIgMiAwIDEgMS0zLjI1IDIuM1oiIGZpbGw9IiMwMDAiIGZpbGwtb3BhY2l0eT0iLjYiLz48L2c+PGcgdHJhbnNmb3JtPSJ0cmFuc2xhdGUoLTEpIj48cGF0aCBkPSJNMTg4LjMyIDEzOC43NkMyMjcuOSAxMjkuMjYgMjU1IDEwOS44NyAyNTUgODcuNWMwLTIzLjUtMjkuOTItNDMuNzItNzIuOC01Mi42M2wtLjMxLTEuNDNBNDAgNDAgMCAwIDAgMTQyLjgyIDJoLTE4LjY0YTQwIDQwIDAgMCAwLTM5LjA3IDMxLjQ0bC0uMjcgMS4yMUM0MS40MSA0My40NSAxMSA2My44IDExIDg3LjVjMCAyMi4zNyAyNy4xIDQxLjc2IDY2LjY4IDUxLjI2LS4yLTEuMjgtLjM2LTIuNTgtLjQ3LTMuOUExMiAxMiAwIDAgMSA2NyAxMjN2LTEzYTEyIDEyIDAgMCAxIDEwLTExLjgzVjkyYzAtOCAxLjY4LTE1LjYyIDQuNy0yMi41MSA4LjYxLTE1LjY5IDkyLjczLTE2LjQ5IDEwMi42Ni4xNkE1NS44MiA1NS44MiAwIDAgMSAxODkgOTJ2Ni4xN0ExMiAxMiAwIDAgMSAxOTkgMTEwdjEzYTEyIDEyIDAgMCAxLTEwLjIgMTEuODcgNTYuMDYgNTYuMDYgMCAwIDEtLjQ4IDMuOVoiIGZpbGw9IiNmZmRlYjUiLz48cGF0aCBkPSJNMTg5IDkyLjc0YzMuODUtMy4yNSA2LTYuOSA2LTEwLjc0IDAtNi4wOC01LjM4LTExLjY1LTE0LjMyLTE1Ljk4IDEuNjQgMS4xIDIuOSAyLjMgMy42OCAzLjYzQTU1LjgyIDU1LjgyIDAgMCAxIDE4OSA5MnYuNzRaTTE1Ny4yNiA1OC45OWExNDQuMzYgMTQ0LjM2IDAgMCAwLTI0LjI2LTJjLTguOTggMC0xNy41Mi43OC0yNS4yMiAyLjE3IDE1LjE2LTIuMiAzNC4xMS0yLjMgNDkuNDgtLjE3Wk04NC42OSA2Ni4zM0M3Ni4xMiA3MC42MiA3MSA3Ni4wNyA3MSA4MmMwIDMuODUgMi4xNSA3LjQ5IDYgMTAuNzRWOTJjMC04IDEuNjgtMTUuNjIgNC43LTIyLjUxYTkuOTQgOS45NCAwIDAgMSAyLjk5LTMuMTZaIiBmaWxsPSIjMDAwIiBmaWxsLW9wYWNpdHk9Ii41Ii8+PC9nPjxnIHRyYW5zZm9ybT0idHJhbnNsYXRlKDQ5IDcyKSI+PC9nPjxnIHRyYW5zZm9ybT0idHJhbnNsYXRlKDYyIDQyKSI+PC9nPjwvZz48L2c+PC9zdmc+', '{"personal":{"isChild":false,"sex":"Feminino","gender":"Mulher cisgênero","rg":"23.935.946-1","maritalStatus":"Solteiro(a)","profession":"Advogada","company":"—","education":"Pós-graduação","address":"Rua Moreira, 803","city":"Salvador","state":"BA","zip":"23720-679"},"clinical":{"complaint":"Baixa autoestima e insegurança","goals":"Melhorar a qualidade do sono","suffering":"Moderado","history":"Primeira experiência com terapia. Buscou ajuda por indicação médica.","priorDiagnoses":"Episódio depressivo","priorTreatments":"Nenhum","psychiatric":"Não","referrals":"—"},"health":{"depression":true,"anxiety":true,"tdah":false,"tag":false,"bipolar":false,"medications":"—","diseases":"—","surgeries":"—","hospitalizations":"Não","familyHistory":"Sem histórico relevante"},"lifestyle":{"sleep":"Insônia frequente","diet":"Restritiva","sports":"Sedentário","gym":"Não","alcohol":"Frequente","smoking":"Sim","drugs":"Não","religion":"Espírita","spirituality":"Pouco"},"financial":{"situation":"Em dificuldade","income":"4 a 8 salários","work":"Servidor público","ownHome":"Não","rent":"Não","withFamily":"Sim","debt":"Endividado","car":"Não","motorcycle":"Não"},"interests":{"hobbies":"Fotografia","music":"Sertanejo","movies":"Drama","books":"—","games":"—","tech":"Alto","social":"Instagram"},"personality":{"introvert":true,"extrovert":false,"communicative":false,"reserved":false,"organized":false,"creative":true,"impulsive":false,"notes":"Perfeccionista e autocrítico(a)."},"relationships":{"family":"Distante","friends":"Isolamento recente","romantic":"Solteiro(a)","work":"Neutra"}}', NULL, 1762527490305);
INSERT INTO sessions (id, clinic_id, patient_id, psychologist_id, occurred_at, duration_min, mood, emotional_scale, topics, objectives, techniques, evolution, next_steps, free_notes, created_at) VALUES ('30de9a76-ee23-4a84-9dac-8cdc9bc561bd', '8bbe67c5-8a26-4bb3-93fa-274c02a8bdd2', '317bbca4-2992-4106-9ec5-76a86a0c2060', 'b55a3cfb-a65d-4540-8821-d20f7a3c8d56', 1780325890305, 50, 'Irritado(a)', 5, '["rotina","autoestima","sono","ansiedade"]', 'Desenvolver estratégias de enfrentamento', 'Registro de pensamentos', 'Paciente demonstrou boa adesão às tarefas propostas.', 'Retomar atividade física gradualmente.', 'Sessão produtiva. Manter plano terapêutico.', 1780325890305);
INSERT INTO sessions (id, clinic_id, patient_id, psychologist_id, occurred_at, duration_min, mood, emotional_scale, topics, objectives, techniques, evolution, next_steps, free_notes, created_at) VALUES ('d016bda2-eb6f-458f-b257-01bf9b2e7eed', '8bbe67c5-8a26-4bb3-93fa-274c02a8bdd2', '317bbca4-2992-4106-9ec5-76a86a0c2060', 'b55a3cfb-a65d-4540-8821-d20f7a3c8d56', 1781103490305, 50, 'Deprimido(a)', 6, '["relacionamento","luto","família","autoestima"]', 'Elaborar o processo de luto', 'Técnicas de mindfulness', 'Trouxe avanços na aplicação das técnicas no dia a dia.', 'Trabalhar limites nos relacionamentos.', NULL, 1781103490305);
INSERT INTO sessions (id, clinic_id, patient_id, psychologist_id, occurred_at, duration_min, mood, emotional_scale, topics, objectives, techniques, evolution, next_steps, free_notes, created_at) VALUES ('74d9c246-7015-4cff-a73d-ceeefb2a875b', '8bbe67c5-8a26-4bb3-93fa-274c02a8bdd2', '317bbca4-2992-4106-9ec5-76a86a0c2060', 'b55a3cfb-a65d-4540-8821-d20f7a3c8d56', 1781708290305, 50, 'Angustiado(a)', 6, '["luto","ansiedade","trabalho"]', 'Reorganizar a rotina e o autocuidado', 'Técnicas de mindfulness', 'Relatou leve melhora nos sintomas ao longo da semana.', 'Trabalhar limites nos relacionamentos.', 'Sessão produtiva. Manter plano terapêutico.', 1781708290305);
INSERT INTO sessions (id, clinic_id, patient_id, psychologist_id, occurred_at, duration_min, mood, emotional_scale, topics, objectives, techniques, evolution, next_steps, free_notes, created_at) VALUES ('f8714f88-405a-4fdc-a802-bfe769ea4b5f', '8bbe67c5-8a26-4bb3-93fa-274c02a8bdd2', '317bbca4-2992-4106-9ec5-76a86a0c2060', 'b55a3cfb-a65d-4540-8821-d20f7a3c8d56', 1782226690305, 60, 'Cansado(a)', 6, '["lazer","estudos","rotina","saúde"]', 'Reduzir a frequência das crises de ansiedade', 'Respiração diafragmática', 'Percebe-se maior consciência emocional e vocabulário afetivo.', 'Manter diário do sono.', 'Sessão produtiva. Manter plano terapêutico.', 1782226690305);
INSERT INTO sessions (id, clinic_id, patient_id, psychologist_id, occurred_at, duration_min, mood, emotional_scale, topics, objectives, techniques, evolution, next_steps, free_notes, created_at) VALUES ('5ab19266-1add-4520-b726-ec0a5c656438', '8bbe67c5-8a26-4bb3-93fa-274c02a8bdd2', '317bbca4-2992-4106-9ec5-76a86a0c2060', 'b55a3cfb-a65d-4540-8821-d20f7a3c8d56', 1782831490305, 50, 'Angustiado(a)', 6, '["autoestima","ansiedade"]', 'Aumentar a tolerância à frustração', 'Respiração diafragmática', 'Percebe-se maior consciência emocional e vocabulário afetivo.', 'Trabalhar limites nos relacionamentos.', 'Sessão produtiva. Manter plano terapêutico.', 1782831490305);
INSERT INTO timeline_events (id, clinic_id, patient_id, session_id, title, description, event_date, category, status, source, created_at) VALUES ('acd2f576-0bae-44db-9cc7-5249e5f530ca', '8bbe67c5-8a26-4bb3-93fa-274c02a8bdd2', '317bbca4-2992-4106-9ec5-76a86a0c2060', NULL, 'Melhora significativa', 'Semana difícil, com aumento da sintomatologia ansiosa.', 1772463490305, 'família', 'suggested', 'manual', 1777129090305);
INSERT INTO timeline_events (id, clinic_id, patient_id, session_id, title, description, event_date, category, status, source, created_at) VALUES ('49e9905c-60c7-4e9e-90ea-9941cfdde0ad', '8bbe67c5-8a26-4bb3-93fa-274c02a8bdd2', '317bbca4-2992-4106-9ec5-76a86a0c2060', 'f8714f88-405a-4fdc-a802-bfe769ea4b5f', 'Ajuste de medicação', 'Apresentou resistência inicial, mas engajou-se ao final da sessão.', 1768661890305, 'clínico', 'confirmed', 'ai', 1780844290305);
INSERT INTO timeline_events (id, clinic_id, patient_id, session_id, title, description, event_date, category, status, source, created_at) VALUES ('9057c14e-b1c1-4f97-b44f-63ccb1b2af16', '8bbe67c5-8a26-4bb3-93fa-274c02a8bdd2', '317bbca4-2992-4106-9ec5-76a86a0c2060', NULL, 'Viagem/afastamento', 'Semana difícil, com aumento da sintomatologia ansiosa.', 1776092290305, 'trabalho', 'suggested', 'manual', 1769525890305);
INSERT INTO timeline_events (id, clinic_id, patient_id, session_id, title, description, event_date, category, status, source, created_at) VALUES ('015f0b28-edcc-43e6-9df2-fe8dc6eb7b0e', '8bbe67c5-8a26-4bb3-93fa-274c02a8bdd2', '317bbca4-2992-4106-9ec5-76a86a0c2060', '74d9c246-7015-4cff-a73d-ceeefb2a875b', 'Perda familiar', 'Paciente demonstrou boa adesão às tarefas propostas.', 1774450690305, 'família', 'confirmed', 'ai', 1782485890305);
INSERT INTO ai_summaries (id, clinic_id, patient_id, appointment_id, content, suggested_questions, model, status, approved_content, approved_by, approved_at, created_at) VALUES ('82b9eba2-e9c6-4350-b1ef-10c1e278734c', '8bbe67c5-8a26-4bb3-93fa-274c02a8bdd2', '317bbca4-2992-4106-9ec5-76a86a0c2060', NULL, 'Paciente em acompanhamento por dificuldade de concentração e foco. Ao longo das sessões observa-se evolução gradual, com melhor manejo emocional e boa adesão às técnicas propostas. Recomenda-se manter o plano terapêutico atual.', '["Como você tem dormido esta semana?","O que funcionou melhor entre as estratégias que combinamos?","Houve algum gatilho importante desde a última sessão?"]', 'vinculo-ai', 'ready', NULL, 'b55a3cfb-a65d-4540-8821-d20f7a3c8d56', 1781967490305, 1783090690305);
INSERT INTO ai_alerts (id, clinic_id, patient_id, type, severity, message, status, created_at) VALUES ('e4201629-c874-4854-ae45-fc25429b2694', '8bbe67c5-8a26-4bb3-93fa-274c02a8bdd2', '317bbca4-2992-4106-9ec5-76a86a0c2060', 'pattern', 'low', 'Padrão recorrente de faltas às sextas-feiras.', 'reviewed', 1780498690305);
INSERT INTO appointments (id, clinic_id, patient_id, psychologist_id, starts_at, ends_at, status, created_at) VALUES ('a0ea4a7f-5ef2-48ec-9267-e2a604c243f6', '8bbe67c5-8a26-4bb3-93fa-274c02a8bdd2', '317bbca4-2992-4106-9ec5-76a86a0c2060', 'b55a3cfb-a65d-4540-8821-d20f7a3c8d56', 1782313090305, 1782316090305, 'done', 1781794690305);
INSERT INTO appointments (id, clinic_id, patient_id, psychologist_id, starts_at, ends_at, status, created_at) VALUES ('243000b8-3f25-4eca-8243-b3dd69958bb4', '8bbe67c5-8a26-4bb3-93fa-274c02a8bdd2', '317bbca4-2992-4106-9ec5-76a86a0c2060', 'b55a3cfb-a65d-4540-8821-d20f7a3c8d56', 1782917890305, 1782920890305, 'done', 1782485890305);
INSERT INTO appointments (id, clinic_id, patient_id, psychologist_id, starts_at, ends_at, status, created_at) VALUES ('73896bcd-05a3-4ae7-9440-a03d0be6c93f', '8bbe67c5-8a26-4bb3-93fa-274c02a8bdd2', '317bbca4-2992-4106-9ec5-76a86a0c2060', 'b55a3cfb-a65d-4540-8821-d20f7a3c8d56', 1783868290305, 1784044090305, 'scheduled', 1783349890305);
INSERT INTO consents (id, clinic_id, patient_id, type, version, granted_at, ip, revoked_at, created_at) VALUES ('23febad5-04f4-4074-8b9f-9c11fb71e1b2', '8bbe67c5-8a26-4bb3-93fa-274c02a8bdd2', '317bbca4-2992-4106-9ec5-76a86a0c2060', 'general', '1.0', 1762527490305, '189.83.131.174', NULL, 1762527490305);
INSERT INTO consents (id, clinic_id, patient_id, type, version, granted_at, ip, revoked_at, created_at) VALUES ('afb266d8-8870-4364-87c2-f4bd222932fb', '8bbe67c5-8a26-4bb3-93fa-274c02a8bdd2', '317bbca4-2992-4106-9ec5-76a86a0c2060', 'ai', '1.0', 1762527490305, '189.76.113.233', NULL, 1762527490305);
INSERT INTO consents (id, clinic_id, patient_id, type, version, granted_at, ip, revoked_at, created_at) VALUES ('bb2bf71f-1038-4310-b5c6-f5cc4b4b906d', '8bbe67c5-8a26-4bb3-93fa-274c02a8bdd2', '317bbca4-2992-4106-9ec5-76a86a0c2060', 'recording', '1.0', 1762527490305, NULL, NULL, 1762527490305);
INSERT INTO patients (id, clinic_id, psychologist_id, full_name, social_name, cpf, email, phone, whatsapp, birth_date, status, photo, profile, deleted_at, created_at) VALUES ('ec232326-0b2d-4ac2-8214-59396f84e4ab', '8bbe67c5-8a26-4bb3-93fa-274c02a8bdd2', 'b55a3cfb-a65d-4540-8821-d20f7a3c8d56', 'Vitória Dias Souza', NULL, '710.074.977-39', 'vitória.22@email.com', '(97) 92361-7066', '(12) 97048-7780', 1225292290305, 'active', 'data:image/svg+xml;base64,PHN2ZyB4bWxucz0iaHR0cDovL3d3dy53My5vcmcvMjAwMC9zdmciIHZpZXdCb3g9IjAgMCAyODAgMjgwIiBmaWxsPSJub25lIiBzaGFwZS1yZW5kZXJpbmc9ImF1dG8iPjxtZXRhZGF0YSB4bWxuczpyZGY9Imh0dHA6Ly93d3cudzMub3JnLzE5OTkvMDIvMjItcmRmLXN5bnRheC1ucyMiIHhtbG5zOnhzaT0iaHR0cDovL3d3dy53My5vcmcvMjAwMS9YTUxTY2hlbWEtaW5zdGFuY2UiIHhtbG5zOmRjPSJodHRwOi8vcHVybC5vcmcvZGMvZWxlbWVudHMvMS4xLyIgeG1sbnM6ZGN0ZXJtcz0iaHR0cDovL3B1cmwub3JnL2RjL3Rlcm1zLyI+PHJkZjpSREY+PHJkZjpEZXNjcmlwdGlvbj48ZGM6dGl0bGU+QXZhdGFhYXJzPC9kYzp0aXRsZT48ZGM6Y3JlYXRvcj5QYWJsbyBTdGFubGV5PC9kYzpjcmVhdG9yPjxkYzpzb3VyY2UgeHNpOnR5cGU9ImRjdGVybXM6VVJJIj5odHRwczovL2F2YXRhYWFycy5jb20vPC9kYzpzb3VyY2U+PGRjdGVybXM6bGljZW5zZSB4c2k6dHlwZT0iZGN0ZXJtczpVUkkiPmh0dHBzOi8vYXZhdGFhYXJzLmNvbS88L2RjdGVybXM6bGljZW5zZT48ZGM6cmlnaHRzPlJlbWl4IG9mIOKAnkF2YXRhYWFyc+KAnSAoaHR0cHM6Ly9hdmF0YWFhcnMuY29tLykgYnkg4oCeUGFibG8gU3RhbmxleeKAnSwgbGljZW5zZWQgdW5kZXIg4oCeRnJlZSBmb3IgcGVyc29uYWwgYW5kIGNvbW1lcmNpYWwgdXNl4oCdIChodHRwczovL2F2YXRhYWFycy5jb20vKTwvZGM6cmlnaHRzPjwvcmRmOkRlc2NyaXB0aW9uPjwvcmRmOlJERj48L21ldGFkYXRhPjxtYXNrIGlkPSJ2aWV3Ym94TWFzayI+PHJlY3Qgd2lkdGg9IjI4MCIgaGVpZ2h0PSIyODAiIHJ4PSIxNDAiIHJ5PSIxNDAiIHg9IjAiIHk9IjAiIGZpbGw9IiNmZmYiIC8+PC9tYXNrPjxnIG1hc2s9InVybCgjdmlld2JveE1hc2spIj48cmVjdCBmaWxsPSIjYjZlM2Y0IiB3aWR0aD0iMjgwIiBoZWlnaHQ9IjI4MCIgeD0iMCIgeT0iMCIgLz48ZyB0cmFuc2Zvcm09InRyYW5zbGF0ZSg4KSI+PHBhdGggZD0iTTEzMiAzNmE1NiA1NiAwIDAgMC01NiA1NnY2LjE3QTEyIDEyIDAgMCAwIDY2IDExMHYxNGExMiAxMiAwIDAgMCAxMC4zIDExLjg4IDU2LjA0IDU2LjA0IDAgMCAwIDMxLjcgNDQuNzN2MTguNGgtNGE3MiA3MiAwIDAgMC03MiA3MnY5aDIwMHYtOWE3MiA3MiAwIDAgMC03Mi03MmgtNHYtMTguMzlhNTYuMDQgNTYuMDQgMCAwIDAgMzEuNy00NC43M0ExMiAxMiAwIDAgMCAxOTggMTI0di0xNGExMiAxMiAwIDAgMC0xMC0xMS44M1Y5MmE1NiA1NiAwIDAgMC01Ni01NloiIGZpbGw9IiNkMDhiNWIiLz48cGF0aCBkPSJNMTA4IDE4MC42MXY4YTU1Ljc5IDU1Ljc5IDAgMCAwIDI0IDUuMzljOC41OSAwIDE2LjczLTEuOTMgMjQtNS4zOXYtOGE1NS43OSA1NS43OSAwIDAgMS0yNCA1LjM5IDU1Ljc5IDU1Ljc5IDAgMCAxLTI0LTUuMzlaIiBmaWxsPSIjMDAwIiBmaWxsLW9wYWNpdHk9Ii4xIi8+PGcgdHJhbnNmb3JtPSJ0cmFuc2xhdGUoMCAxNzApIj48cGF0aCBkPSJNMTk2IDM4LjYzVjExMEg2OFYzOC42M2E3MS41MiA3MS41MiAwIDAgMSAyNi04Ljk0djQ0LjNoNzZWMjkuNjlhNzEuNTIgNzEuNTIgMCAwIDEgMjYgOC45NFoiIGZpbGw9IiNmZjVjNWMiLz48cGF0aCBkPSJNODYgODNhNSA1IDAgMSAxLTEwIDAgNSA1IDAgMCAxIDEwIDBaTTE4OCA4M2E1IDUgMCAxIDEtMTAgMCA1IDUgMCAwIDEgMTAgMFoiIGZpbGw9IiNGNEY0RjQiLz48L2c+PGcgdHJhbnNmb3JtPSJ0cmFuc2xhdGUoNzggMTM0KSI+PHBhdGggZmlsbC1ydWxlPSJldmVub2RkIiBjbGlwLXJ1bGU9ImV2ZW5vZGQiIGQ9Ik00MC4wNiAyNy43MkM0MC43IDIwLjcgNDYuNyAxNiA1NCAxNmM3LjM0IDAgMTMuMzYgNC43NSAxMy45NSAxMS44NS4wMy4zOC0uODcuNjctMS4zMi40NS01LjU0LTIuNzctOS43NS00LjE2LTEyLjYzLTQuMTYtMi44NCAwLTcgMS4zNi0xMi40NSA0LjA3LS41LjI1LTEuNTMtLjA3LTEuNS0uNDlaIiBmaWxsPSIjMDAwIiBmaWxsLW9wYWNpdHk9Ii43Ii8+PC9nPjxnIHRyYW5zZm9ybT0idHJhbnNsYXRlKDEwNCAxMjIpIj48cGF0aCBmaWxsLXJ1bGU9ImV2ZW5vZGQiIGNsaXAtcnVsZT0iZXZlbm9kZCIgZD0iTTE2IDhjMCA0LjQyIDUuMzcgOCAxMiA4czEyLTMuNTggMTItOCIgZmlsbD0iIzAwMCIgZmlsbC1vcGFjaXR5PSIuMTYiLz48L2c+PGcgdHJhbnNmb3JtPSJ0cmFuc2xhdGUoNzYgOTApIj48cGF0aCBkPSJNMTYuMTYgMjcuNTVjMS44NSAzLjggNiA2LjQ1IDEwLjg0IDYuNDUgNC44MSAwIDguOTYtMi42MyAxMC44Mi02LjQuNTUtMS4xMy0uMjQtMi4wNS0xLjAzLTEuMzdhMTUuMDUgMTUuMDUgMCAwIDEtOS44IDMuNDNjLTMuNzMgMC03LjEyLTEuMjQtOS41NS0zLjIzLS45LS43My0xLjgyLjAxLTEuMjggMS4xMlpNNzQuMTYgMjcuNTVjMS44NSAzLjggNiA2LjQ1IDEwLjg0IDYuNDUgNC44MSAwIDguOTYtMi42MyAxMC44Mi02LjQuNTUtMS4xMy0uMjQtMi4wNS0xLjAzLTEuMzdhMTUuMDUgMTUuMDUgMCAwIDEtOS44IDMuNDNjLTMuNzQgMC03LjEzLTEuMjQtOS41Ni0zLjIzLS45LS43My0xLjgyLjAxLTEuMjggMS4xMloiIGZpbGwtcnVsZT0iZXZlbm9kZCIgY2xpcC1ydWxlPSJldmVub2RkIiBmaWxsPSIjMDAwIiBmaWxsLW9wYWNpdHk9Ii42Ii8+PC9nPjxnIHRyYW5zZm9ybT0idHJhbnNsYXRlKDc2IDgyKSI+PHBhdGggZD0iTTM4LjY2IDExLjFjLTUgLjM1LTkuOTIuMDgtMTQuOTItLjEzLTMuODMtLjE2LTcuNzItLjY4LTExLjM3IDEuMDEtLjcuMzItNC41MyAyLjI4LTQuNDQgMy4zNS4wNy44NSAzLjkzIDIuMiA0LjYzIDIuNDQgMy42NyAxLjI5IDcuMTguOSAxMC45NS42NiA0LjY0LS4yNyA5LjI1LS4wNyAxMy44Ny0uMiAzLjEyLS4xIDcuOTItLjYzIDkuNDYtNC40LjQ2LTEuMTQuMS0zLjQyLS4zNi00LjY2LS4xOS0uNS0uNzItLjY5LTEuMTMtLjRhMTUuMDQgMTUuMDQgMCAwIDEtNi42OCAyLjMyWk03My4zNCAxMS4xYzUgLjM1IDkuOTIuMDggMTQuOTItLjEzIDMuODMtLjE2IDcuNzItLjY4IDExLjM3IDEuMDEuNy4zMiA0LjUzIDIuMjggNC40NCAzLjM1LS4wNy44NS0zLjkzIDIuMi00LjYzIDIuNDQtMy42NyAxLjI5LTcuMTguOS0xMC45NS42Ni00LjYzLS4yNy05LjI0LS4wNy0xMy44Ni0uMi0zLjEyLS4xLTcuOTItLjYzLTkuNDYtNC40LS40Ni0xLjE0LS4xLTMuNDIuMzYtNC42Ni4xOC0uNS43Mi0uNjkgMS4xMy0uNGExNS4wNCAxNS4wNCAwIDAgMCA2LjY4IDIuMzJaIiBmaWxsLXJ1bGU9ImV2ZW5vZGQiIGNsaXAtcnVsZT0iZXZlbm9kZCIgZmlsbD0iIzAwMCIgZmlsbC1vcGFjaXR5PSIuNiIvPjwvZz48ZyB0cmFuc2Zvcm09InRyYW5zbGF0ZSgtMSkiPjxwYXRoIGQ9Ik0xOTcgMTY4aC0ydjU2LjA2YTkgOSAwIDEgMCAyIDBWMTY4Wk03MSAxNzZoLTJ2NTYuMDZhOSA5IDAgMSAwIDIgMFYxNzZaIiBmaWxsPSIjRjRGNEY0Ii8+PGNpcmNsZSBjeD0iMTMzIiBjeT0iMjAiIHI9IjIwIiBmaWxsPSIjRjRGNEY0Ii8+PHBhdGggZD0iTTkzLjQ1IDc3LjUzaDc5LjFjNi4wOCAwIDkuODIgMi45MyA5LjgyIDlWMTY2YzAgMzAuNDYgMjIuNjMgMzAuNDEgMjIuNjMgMTAuOTJ2LTczLjg2QzIwNSA2OC44IDE4Ny43NyAyMSAxMzMgMjFjLTU0Ljc3IDAtNzIgNDcuOC03MiA4Mi4wNXY3My44NmMwIDE5LjUgMjIuNjMgMTkuNTQgMjIuNjMtMTAuOTJWODYuNTNjMC02LjA3IDMuNzMtOSA5LjgyLTlaIiBmaWxsPSIjNjVjOWZmIi8+PHBhdGggZD0iTTE5OC42NyA2N0g2Ny4zM0M3Ni40MiA0Mi41IDk2LjI2IDIxIDEzMyAyMXM1Ni41OCAyMS41IDY1LjY3IDQ2WiIgZmlsbD0iIzAwMCIgZmlsbC1vcGFjaXR5PSIuMiIvPjxwYXRoIGQ9Ik05MS4yIDMzLjczIDEwMi41IDUwIDExNSAzMkg5My42NmMtLjgzLjU2LTEuNjUgMS4xNC0yLjQ2IDEuNzNaTTE3Mi4zNCAzMkgxNTJsMTIuNSAxOCAxMC45NS0xNS43N2MtMS0uNzctMi4wNC0xLjUxLTMuMTEtMi4yM1pNMTMzLjUgNTAgMTIxIDMyaDI1bC0xMi41IDE4WiIgZmlsbD0iI2ZmZiIgZmlsbC1vcGFjaXR5PSIuNSIvPjxwYXRoIGQ9Ik05OSA1OSA4Ni41IDQxIDc0IDU5aDI1Wk0xMzAgNTlsLTEyLjUtMThMMTA1IDU5aDI1Wk0xNDguNSA0MSAxNjEgNTloLTI1bDEyLjUtMThaTTE5MiA1OWwtMTIuNS0xOEwxNjcgNTloMjVaIiBmaWxsPSIjMDAwIiBmaWxsLW9wYWNpdHk9Ii41Ii8+PC9nPjxnIHRyYW5zZm9ybT0idHJhbnNsYXRlKDQ5IDcyKSI+PC9nPjxnIHRyYW5zZm9ybT0idHJhbnNsYXRlKDYyIDQyKSI+PC9nPjwvZz48L2c+PC9zdmc+', '{"personal":{"isChild":true,"sex":"Feminino","gender":"Mulher cisgênero","rg":"30.262.638-8","maritalStatus":"Solteiro(a)","profession":"Estudante","company":"Escola Municipal","education":"Ensino fundamental","address":"Rua Costa, 321","city":"São Paulo","state":"SP","zip":"82916-873"},"clinical":{"complaint":"Conflitos familiares","goals":"Reduzir a frequência das crises de ansiedade","suffering":"Leve","history":"Já fez acompanhamento anterior por cerca de um ano. Retornou após recaída.","priorDiagnoses":"TDAH","priorTreatments":"Nenhum","psychiatric":"Em acompanhamento psiquiátrico","referrals":"—"},"health":{"depression":true,"anxiety":true,"tdah":false,"tag":true,"bipolar":false,"medications":"—","diseases":"—","surgeries":"—","hospitalizations":"Não","familyHistory":"Sem histórico relevante"},"lifestyle":{"sleep":"Boa","diet":"Irregular","sports":"Sedentário","gym":"Sim","alcohol":"Social","smoking":"Sim","drugs":"Não","religion":"Budista","spirituality":"Pouco"},"financial":{"situation":"Estável","income":"4 a 8 salários","work":"Não se aplica","ownHome":"Sim","rent":"Não","withFamily":"Sim","debt":"Endividado","car":"Não","motorcycle":"Não"},"interests":{"hobbies":"Games","music":"Rock","movies":"Comédia","books":"Ficção e autoajuda","games":"Jogos casuais","tech":"Alto","social":"WhatsApp"},"personality":{"introvert":true,"extrovert":true,"communicative":true,"reserved":false,"organized":false,"creative":true,"impulsive":false,"notes":"Bom senso de humor, acolhedor(a)."},"relationships":{"family":"Boa","friends":"Poucos amigos","romantic":"Instável","work":"Neutra"}}', NULL, 1768402690305);
INSERT INTO sessions (id, clinic_id, patient_id, psychologist_id, occurred_at, duration_min, mood, emotional_scale, topics, objectives, techniques, evolution, next_steps, free_notes, created_at) VALUES ('c84acc8c-4895-4bfc-b9d5-cdaed8b365f1', '8bbe67c5-8a26-4bb3-93fa-274c02a8bdd2', 'ec232326-0b2d-4ac2-8214-59396f84e4ab', 'b55a3cfb-a65d-4540-8821-d20f7a3c8d56', 1779807490305, 45, 'Irritado(a)', 7, '["ansiedade","relacionamento","trabalho","sono"]', 'Desenvolver estratégias de enfrentamento', 'Treino de habilidades sociais', 'Trouxe avanços na aplicação das técnicas no dia a dia.', 'Trabalhar limites nos relacionamentos.', NULL, 1779807490305);
INSERT INTO sessions (id, clinic_id, patient_id, psychologist_id, occurred_at, duration_min, mood, emotional_scale, topics, objectives, techniques, evolution, next_steps, free_notes, created_at) VALUES ('f65e7aa6-ee8d-47a8-93c9-b32b5f749938', '8bbe67c5-8a26-4bb3-93fa-274c02a8bdd2', 'ec232326-0b2d-4ac2-8214-59396f84e4ab', 'b55a3cfb-a65d-4540-8821-d20f7a3c8d56', 1780498690305, 45, 'Motivado(a)', 3, '["sono","família","luto","autoestima"]', 'Elaborar o processo de luto', 'Registro de pensamentos', 'Trouxe avanços na aplicação das técnicas no dia a dia.', 'Praticar respiração diafragmática 2x ao dia.', NULL, 1780498690305);
INSERT INTO sessions (id, clinic_id, patient_id, psychologist_id, occurred_at, duration_min, mood, emotional_scale, topics, objectives, techniques, evolution, next_steps, free_notes, created_at) VALUES ('2d3cd75b-1a71-4d90-a5f2-dddf25f25088', '8bbe67c5-8a26-4bb3-93fa-274c02a8bdd2', 'ec232326-0b2d-4ac2-8214-59396f84e4ab', 'b55a3cfb-a65d-4540-8821-d20f7a3c8d56', 1781017090305, 50, 'Estável', 9, '["rotina","lazer"]', 'Reduzir a frequência das crises de ansiedade', 'Exposição gradual', 'Semana difícil, com aumento da sintomatologia ansiosa.', 'Trabalhar limites nos relacionamentos.', NULL, 1781017090305);
INSERT INTO sessions (id, clinic_id, patient_id, psychologist_id, occurred_at, duration_min, mood, emotional_scale, topics, objectives, techniques, evolution, next_steps, free_notes, created_at) VALUES ('39b1e4ef-2be6-4548-85b8-8cb33c3fa807', '8bbe67c5-8a26-4bb3-93fa-274c02a8bdd2', 'ec232326-0b2d-4ac2-8214-59396f84e4ab', 'b55a3cfb-a65d-4540-8821-d20f7a3c8d56', 1781621890305, 45, 'Esperançoso(a)', 7, '["trabalho","família","autoestima","finanças"]', 'Reorganizar a rotina e o autocuidado', 'Reestruturação cognitiva', 'Apresentou resistência inicial, mas engajou-se ao final da sessão.', 'Retomar atividade física gradualmente.', 'Sessão produtiva. Manter plano terapêutico.', 1781621890305);
INSERT INTO sessions (id, clinic_id, patient_id, psychologist_id, occurred_at, duration_min, mood, emotional_scale, topics, objectives, techniques, evolution, next_steps, free_notes, created_at) VALUES ('7c2f14e2-94ac-4e4b-afc9-dcbe4f18d57f', '8bbe67c5-8a26-4bb3-93fa-274c02a8bdd2', 'ec232326-0b2d-4ac2-8214-59396f84e4ab', 'b55a3cfb-a65d-4540-8821-d20f7a3c8d56', 1782140290305, 45, 'Ansioso(a)', 3, '["relacionamento","luto"]', 'Desenvolver estratégias de enfrentamento', 'Exposição gradual', 'Relatou leve melhora nos sintomas ao longo da semana.', 'Trabalhar limites nos relacionamentos.', 'Sessão produtiva. Manter plano terapêutico.', 1782140290305);
INSERT INTO sessions (id, clinic_id, patient_id, psychologist_id, occurred_at, duration_min, mood, emotional_scale, topics, objectives, techniques, evolution, next_steps, free_notes, created_at) VALUES ('4f97bae9-cd2f-4752-acf5-efcba2695010', '8bbe67c5-8a26-4bb3-93fa-274c02a8bdd2', 'ec232326-0b2d-4ac2-8214-59396f84e4ab', 'b55a3cfb-a65d-4540-8821-d20f7a3c8d56', 1782745090305, 50, 'Deprimido(a)', 5, '["família","sono","autoestima","estudos"]', 'Melhorar a comunicação nos relacionamentos', 'Exposição gradual', 'Trouxe avanços na aplicação das técnicas no dia a dia.', 'Praticar respiração diafragmática 2x ao dia.', 'Sessão produtiva. Manter plano terapêutico.', 1782745090305);
INSERT INTO timeline_events (id, clinic_id, patient_id, session_id, title, description, event_date, category, status, source, created_at) VALUES ('3e84c4f6-a82d-4ec6-8a93-0fdae00753cf', '8bbe67c5-8a26-4bb3-93fa-274c02a8bdd2', 'ec232326-0b2d-4ac2-8214-59396f84e4ab', 'f65e7aa6-ee8d-47a8-93c9-b32b5f749938', 'Conclusão de etapa', 'Percebe-se maior consciência emocional e vocabulário afetivo.', 1767106690305, 'pessoal', 'confirmed', 'manual', 1781103490305);
INSERT INTO timeline_events (id, clinic_id, patient_id, session_id, title, description, event_date, category, status, source, created_at) VALUES ('5c0d1e9f-e686-49e1-b6fe-590736c91477', '8bbe67c5-8a26-4bb3-93fa-274c02a8bdd2', 'ec232326-0b2d-4ac2-8214-59396f84e4ab', NULL, 'Mudança de emprego', 'Apresentou resistência inicial, mas engajou-se ao final da sessão.', 1772031490305, 'família', 'confirmed', 'ai', 1775746690305);
INSERT INTO timeline_events (id, clinic_id, patient_id, session_id, title, description, event_date, category, status, source, created_at) VALUES ('47406e5c-dd5d-4ab1-9580-ce9c566a9b82', '8bbe67c5-8a26-4bb3-93fa-274c02a8bdd2', 'ec232326-0b2d-4ac2-8214-59396f84e4ab', '4f97bae9-cd2f-4752-acf5-efcba2695010', 'Melhora significativa', 'Relatou leve melhora nos sintomas ao longo da semana.', 1769957890305, 'pessoal', 'suggested', 'manual', 1773673090305);
INSERT INTO timeline_events (id, clinic_id, patient_id, session_id, title, description, event_date, category, status, source, created_at) VALUES ('d8a76d9c-f596-4488-91b1-bf1ea08e1e90', '8bbe67c5-8a26-4bb3-93fa-274c02a8bdd2', 'ec232326-0b2d-4ac2-8214-59396f84e4ab', NULL, 'Perda familiar', 'Paciente demonstrou boa adesão às tarefas propostas.', 1781449090305, 'pessoal', 'confirmed', 'manual', 1780844290305);
INSERT INTO ai_summaries (id, clinic_id, patient_id, appointment_id, content, suggested_questions, model, status, approved_content, approved_by, approved_at, created_at) VALUES ('a15ec8fc-c31d-48b2-b812-8ab8c2953388', '8bbe67c5-8a26-4bb3-93fa-274c02a8bdd2', 'ec232326-0b2d-4ac2-8214-59396f84e4ab', NULL, 'Paciente em acompanhamento por dificuldade em lidar com mudanças. Ao longo das sessões observa-se evolução gradual, com melhor manejo emocional e boa adesão às técnicas propostas. Recomenda-se manter o plano terapêutico atual.', '["Como você tem dormido esta semana?","O que funcionou melhor entre as estratégias que combinamos?","Houve algum gatilho importante desde a última sessão?"]', 'vinculo-ai', 'ready', NULL, 'b55a3cfb-a65d-4540-8821-d20f7a3c8d56', NULL, 1781967490305);
INSERT INTO ai_alerts (id, clinic_id, patient_id, type, severity, message, status, created_at) VALUES ('bbf373f4-16e0-4043-9b52-e5f530fe08df', '8bbe67c5-8a26-4bb3-93fa-274c02a8bdd2', 'ec232326-0b2d-4ac2-8214-59396f84e4ab', 'risk', 'high', 'Menção a pensamentos de desesperança na última sessão. Avaliar risco.', 'active', 1780066690305);
INSERT INTO appointments (id, clinic_id, patient_id, psychologist_id, starts_at, ends_at, status, created_at) VALUES ('1b31cb1d-34d0-43d1-8ca1-00104a60a6e8', '8bbe67c5-8a26-4bb3-93fa-274c02a8bdd2', 'ec232326-0b2d-4ac2-8214-59396f84e4ab', 'b55a3cfb-a65d-4540-8821-d20f7a3c8d56', 1782313090305, 1782316090305, 'done', 1781794690305);
INSERT INTO appointments (id, clinic_id, patient_id, psychologist_id, starts_at, ends_at, status, created_at) VALUES ('ecfa251a-4703-4662-8737-7eba547a8873', '8bbe67c5-8a26-4bb3-93fa-274c02a8bdd2', 'ec232326-0b2d-4ac2-8214-59396f84e4ab', 'b55a3cfb-a65d-4540-8821-d20f7a3c8d56', 1782917890305, 1782920890305, 'no_show', 1782485890305);
INSERT INTO appointments (id, clinic_id, patient_id, psychologist_id, starts_at, ends_at, status, created_at) VALUES ('1636e5c2-599d-452a-94f5-25b3e44ef356', '8bbe67c5-8a26-4bb3-93fa-274c02a8bdd2', 'ec232326-0b2d-4ac2-8214-59396f84e4ab', 'b55a3cfb-a65d-4540-8821-d20f7a3c8d56', 1784645890305, 1784044090305, 'scheduled', 1783349890305);
INSERT INTO consents (id, clinic_id, patient_id, type, version, granted_at, ip, revoked_at, created_at) VALUES ('3656f674-0f1b-4eb7-b6f2-396fb3e129be', '8bbe67c5-8a26-4bb3-93fa-274c02a8bdd2', 'ec232326-0b2d-4ac2-8214-59396f84e4ab', 'general', '1.0', 1768402690305, '189.154.142.13', NULL, 1768402690305);
INSERT INTO consents (id, clinic_id, patient_id, type, version, granted_at, ip, revoked_at, created_at) VALUES ('5bd1a45d-73b5-4daf-aca0-94b282c9b751', '8bbe67c5-8a26-4bb3-93fa-274c02a8bdd2', 'ec232326-0b2d-4ac2-8214-59396f84e4ab', 'ai', '1.0', 1768402690305, '189.247.233.72', NULL, 1768402690305);
INSERT INTO patients (id, clinic_id, psychologist_id, full_name, social_name, cpf, email, phone, whatsapp, birth_date, status, photo, profile, deleted_at, created_at) VALUES ('07d32018-b38c-4467-bb28-3341de0331d4', '8bbe67c5-8a26-4bb3-93fa-274c02a8bdd2', 'b55a3cfb-a65d-4540-8821-d20f7a3c8d56', 'Davi Lima Correia', NULL, '542.969.753-58', 'davi.23@email.com', '(31) 91668-7462', '(82) 98159-5235', 1466175490305, 'active', 'data:image/svg+xml;base64,PHN2ZyB4bWxucz0iaHR0cDovL3d3dy53My5vcmcvMjAwMC9zdmciIHZpZXdCb3g9IjAgMCAyODAgMjgwIiBmaWxsPSJub25lIiBzaGFwZS1yZW5kZXJpbmc9ImF1dG8iPjxtZXRhZGF0YSB4bWxuczpyZGY9Imh0dHA6Ly93d3cudzMub3JnLzE5OTkvMDIvMjItcmRmLXN5bnRheC1ucyMiIHhtbG5zOnhzaT0iaHR0cDovL3d3dy53My5vcmcvMjAwMS9YTUxTY2hlbWEtaW5zdGFuY2UiIHhtbG5zOmRjPSJodHRwOi8vcHVybC5vcmcvZGMvZWxlbWVudHMvMS4xLyIgeG1sbnM6ZGN0ZXJtcz0iaHR0cDovL3B1cmwub3JnL2RjL3Rlcm1zLyI+PHJkZjpSREY+PHJkZjpEZXNjcmlwdGlvbj48ZGM6dGl0bGU+QXZhdGFhYXJzPC9kYzp0aXRsZT48ZGM6Y3JlYXRvcj5QYWJsbyBTdGFubGV5PC9kYzpjcmVhdG9yPjxkYzpzb3VyY2UgeHNpOnR5cGU9ImRjdGVybXM6VVJJIj5odHRwczovL2F2YXRhYWFycy5jb20vPC9kYzpzb3VyY2U+PGRjdGVybXM6bGljZW5zZSB4c2k6dHlwZT0iZGN0ZXJtczpVUkkiPmh0dHBzOi8vYXZhdGFhYXJzLmNvbS88L2RjdGVybXM6bGljZW5zZT48ZGM6cmlnaHRzPlJlbWl4IG9mIOKAnkF2YXRhYWFyc+KAnSAoaHR0cHM6Ly9hdmF0YWFhcnMuY29tLykgYnkg4oCeUGFibG8gU3RhbmxleeKAnSwgbGljZW5zZWQgdW5kZXIg4oCeRnJlZSBmb3IgcGVyc29uYWwgYW5kIGNvbW1lcmNpYWwgdXNl4oCdIChodHRwczovL2F2YXRhYWFycy5jb20vKTwvZGM6cmlnaHRzPjwvcmRmOkRlc2NyaXB0aW9uPjwvcmRmOlJERj48L21ldGFkYXRhPjxtYXNrIGlkPSJ2aWV3Ym94TWFzayI+PHJlY3Qgd2lkdGg9IjI4MCIgaGVpZ2h0PSIyODAiIHJ4PSIxNDAiIHJ5PSIxNDAiIHg9IjAiIHk9IjAiIGZpbGw9IiNmZmYiIC8+PC9tYXNrPjxnIG1hc2s9InVybCgjdmlld2JveE1hc2spIj48cmVjdCBmaWxsPSIjZDFkNGY5IiB3aWR0aD0iMjgwIiBoZWlnaHQ9IjI4MCIgeD0iMCIgeT0iMCIgLz48ZyB0cmFuc2Zvcm09InRyYW5zbGF0ZSg4KSI+PHBhdGggZD0iTTEzMiAzNmE1NiA1NiAwIDAgMC01NiA1NnY2LjE3QTEyIDEyIDAgMCAwIDY2IDExMHYxNGExMiAxMiAwIDAgMCAxMC4zIDExLjg4IDU2LjA0IDU2LjA0IDAgMCAwIDMxLjcgNDQuNzN2MTguNGgtNGE3MiA3MiAwIDAgMC03MiA3MnY5aDIwMHYtOWE3MiA3MiAwIDAgMC03Mi03MmgtNHYtMTguMzlhNTYuMDQgNTYuMDQgMCAwIDAgMzEuNy00NC43M0ExMiAxMiAwIDAgMCAxOTggMTI0di0xNGExMiAxMiAwIDAgMC0xMC0xMS44M1Y5MmE1NiA1NiAwIDAgMC01Ni01NloiIGZpbGw9IiNhZTVkMjkiLz48cGF0aCBkPSJNMTA4IDE4MC42MXY4YTU1Ljc5IDU1Ljc5IDAgMCAwIDI0IDUuMzljOC41OSAwIDE2LjczLTEuOTMgMjQtNS4zOXYtOGE1NS43OSA1NS43OSAwIDAgMS0yNCA1LjM5IDU1Ljc5IDU1Ljc5IDAgMCAxLTI0LTUuMzlaIiBmaWxsPSIjMDAwIiBmaWxsLW9wYWNpdHk9Ii4xIi8+PGcgdHJhbnNmb3JtPSJ0cmFuc2xhdGUoMCAxNzApIj48cGF0aCBkPSJNMTMyLjUgNjUuODNjMjcuMzQgMCA0OS41LTEzLjIgNDkuNS0yOS40OCAwLTEuMzctLjE2LTIuNy0uNDYtNC4wMkE3Mi4wMyA3Mi4wMyAwIDAgMSAyMzIgMTAxLjA1VjExMEgzMnYtOC45NUE3Mi4wMyA3Mi4wMyAwIDAgMSA4My41MyAzMmExOCAxOCAwIDAgMC0uNTMgNC4zNWMwIDE2LjI4IDIyLjE2IDI5LjQ4IDQ5LjUgMjkuNDhaIiBmaWxsPSIjMjYyZTMzIi8+PC9nPjxnIHRyYW5zZm9ybT0idHJhbnNsYXRlKDc4IDEzNCkiPjxwYXRoIGZpbGwtcnVsZT0iZXZlbm9kZCIgY2xpcC1ydWxlPSJldmVub2RkIiBkPSJNNDAuMDYgMjcuNzJDNDAuNyAyMC43IDQ2LjcgMTYgNTQgMTZjNy4zNCAwIDEzLjM2IDQuNzUgMTMuOTUgMTEuODUuMDMuMzgtLjg3LjY3LTEuMzIuNDUtNS41NC0yLjc3LTkuNzUtNC4xNi0xMi42My00LjE2LTIuODQgMC03IDEuMzYtMTIuNDUgNC4wNy0uNS4yNS0xLjUzLS4wNy0xLjUtLjQ5WiIgZmlsbD0iIzAwMCIgZmlsbC1vcGFjaXR5PSIuNyIvPjwvZz48ZyB0cmFuc2Zvcm09InRyYW5zbGF0ZSgxMDQgMTIyKSI+PHBhdGggZmlsbC1ydWxlPSJldmVub2RkIiBjbGlwLXJ1bGU9ImV2ZW5vZGQiIGQ9Ik0xNiA4YzAgNC40MiA1LjM3IDggMTIgOHMxMi0zLjU4IDEyLTgiIGZpbGw9IiMwMDAiIGZpbGwtb3BhY2l0eT0iLjE2Ii8+PC9nPjxnIHRyYW5zZm9ybT0idHJhbnNsYXRlKDc2IDkwKSI+PHBhdGggZD0iTTE2LjE2IDI3LjU1YzEuODUgMy44IDYgNi40NSAxMC44NCA2LjQ1IDQuODEgMCA4Ljk2LTIuNjMgMTAuODItNi40LjU1LTEuMTMtLjI0LTIuMDUtMS4wMy0xLjM3YTE1LjA1IDE1LjA1IDAgMCAxLTkuOCAzLjQzYy0zLjczIDAtNy4xMi0xLjI0LTkuNTUtMy4yMy0uOS0uNzMtMS44Mi4wMS0xLjI4IDEuMTJaTTc0LjE2IDI3LjU1YzEuODUgMy44IDYgNi40NSAxMC44NCA2LjQ1IDQuODEgMCA4Ljk2LTIuNjMgMTAuODItNi40LjU1LTEuMTMtLjI0LTIuMDUtMS4wMy0xLjM3YTE1LjA1IDE1LjA1IDAgMCAxLTkuOCAzLjQzYy0zLjc0IDAtNy4xMy0xLjI0LTkuNTYtMy4yMy0uOS0uNzMtMS44Mi4wMS0xLjI4IDEuMTJaIiBmaWxsLXJ1bGU9ImV2ZW5vZGQiIGNsaXAtcnVsZT0iZXZlbm9kZCIgZmlsbD0iIzAwMCIgZmlsbC1vcGFjaXR5PSIuNiIvPjwvZz48ZyB0cmFuc2Zvcm09InRyYW5zbGF0ZSg3NiA4MikiPjxwYXRoIGQ9Ik0zOC42NiAxMS4xYy01IC4zNS05LjkyLjA4LTE0LjkyLS4xMy0zLjgzLS4xNi03LjcyLS42OC0xMS4zNyAxLjAxLS43LjMyLTQuNTMgMi4yOC00LjQ0IDMuMzUuMDcuODUgMy45MyAyLjIgNC42MyAyLjQ0IDMuNjcgMS4yOSA3LjE4LjkgMTAuOTUuNjYgNC42NC0uMjcgOS4yNS0uMDcgMTMuODctLjIgMy4xMi0uMSA3LjkyLS42MyA5LjQ2LTQuNC40Ni0xLjE0LjEtMy40Mi0uMzYtNC42Ni0uMTktLjUtLjcyLS42OS0xLjEzLS40YTE1LjA0IDE1LjA0IDAgMCAxLTYuNjggMi4zMlpNNzMuMzQgMTEuMWM1IC4zNSA5LjkyLjA4IDE0LjkyLS4xMyAzLjgzLS4xNiA3LjcyLS42OCAxMS4zNyAxLjAxLjcuMzIgNC41MyAyLjI4IDQuNDQgMy4zNS0uMDcuODUtMy45MyAyLjItNC42MyAyLjQ0LTMuNjcgMS4yOS03LjE4LjktMTAuOTUuNjYtNC42My0uMjctOS4yNC0uMDctMTMuODYtLjItMy4xMi0uMS03LjkyLS42My05LjQ2LTQuNC0uNDYtMS4xNC0uMS0zLjQyLjM2LTQuNjYuMTgtLjUuNzItLjY5IDEuMTMtLjRhMTUuMDQgMTUuMDQgMCAwIDAgNi42OCAyLjMyWiIgZmlsbC1ydWxlPSJldmVub2RkIiBjbGlwLXJ1bGU9ImV2ZW5vZGQiIGZpbGw9IiMwMDAiIGZpbGwtb3BhY2l0eT0iLjYiLz48L2c+PGcgdHJhbnNmb3JtPSJ0cmFuc2xhdGUoLTEpIj48cGF0aCBkPSJNODYuNjcgNjhINjR2MTEyLjkxYTQuMDkgNC4wOSAwIDAgMCA0LjA5IDQuMSAxOC41OCAxOC41OCAwIDAgMCAxOC41OC0xOC42VjY4Wk0yMDIgNjhoLTIyLjY3djExMi45MWE0LjA5IDQuMDkgMCAwIDAgNC4wOSA0LjFBMTguNTggMTguNTggMCAwIDAgMjAyIDE2Ni40VjY4WiIgZmlsbD0iI0Y0RjRGNCIvPjxwYXRoIGQ9Ik02MyA2NGE0NCA0NCAwIDAgMSA0NC00NGg1MmE0NCA0NCAwIDAgMSA0NCA0NHYxMDQuNmExNi40IDE2LjQgMCAwIDEtMTYuNCAxNi40Yy0xLjk4IDAtMy42LTEuNjItMy42LTMuNlY3NEg4M3Y5NC42QTE2LjQgMTYuNCAwIDAgMSA2Ni42IDE4NWMtMS45OSAwLTMuNi0xLjYyLTMuNi0zLjZWNjRaIiBmaWxsPSIjZTZlNmU2Ii8+PHJlY3QgeD0iNzQiIHk9IjUyIiB3aWR0aD0iMTE4IiBoZWlnaHQ9IjM2IiByeD0iOCIgZmlsbD0iIzAwMCIgZmlsbC1vcGFjaXR5PSIuMSIvPjxyZWN0IHg9Ijc0IiB5PSI1MCIgd2lkdGg9IjExOCIgaGVpZ2h0PSIzNiIgcng9IjgiIGZpbGw9IiNGNEY0RjQiLz48L2c+PGcgdHJhbnNmb3JtPSJ0cmFuc2xhdGUoNDkgNzIpIj48L2c+PGcgdHJhbnNmb3JtPSJ0cmFuc2xhdGUoNjIgNDIpIj48L2c+PC9nPjwvZz48L3N2Zz4=', '{"personal":{"isChild":true,"sex":"Masculino","gender":"Homem cisgênero","rg":"41.500.124-1","maritalStatus":"Solteiro(a)","profession":"Estudante","company":"Escola Municipal","education":"Ensino fundamental","address":"Rua Mendes, 157","city":"Campinas","state":"SP","zip":"89536-557"},"clinical":{"complaint":"Fobia social","goals":"Elaborar o processo de luto","suffering":"Intenso","history":"Já fez acompanhamento anterior por cerca de um ano. Retornou após recaída.","priorDiagnoses":"Nenhum","priorTreatments":"Nenhum","psychiatric":"Não","referrals":"Encaminhado pelo clínico geral"},"health":{"depression":false,"anxiety":false,"tdah":true,"tag":true,"bipolar":true,"medications":"Sertralina 50mg","diseases":"—","surgeries":"—","hospitalizations":"Não","familyHistory":"Sem histórico relevante"},"lifestyle":{"sleep":"Sono não reparador","diet":"Equilibrada","sports":"Sedentário","gym":"Não","alcohol":"Social","smoking":"Não","drugs":"Não","religion":"Espírita","spirituality":"Muito presente"},"financial":{"situation":"Instável","income":"2 a 4 salários","work":"Não se aplica","ownHome":"Não","rent":"Não","withFamily":"Sim","debt":"Não","car":"Não","motorcycle":"Não"},"interests":{"hobbies":"Leitura","music":"Pop","movies":"Documentários","books":"Ficção e autoajuda","games":"—","tech":"Alto","social":"Instagram"},"personality":{"introvert":false,"extrovert":false,"communicative":false,"reserved":true,"organized":false,"creative":true,"impulsive":true,"notes":"Tende a evitar conflitos."},"relationships":{"family":"Distante","friends":"Rede sólida","romantic":"Em crise","work":"Neutra"}}', NULL, 1763909890305);
INSERT INTO sessions (id, clinic_id, patient_id, psychologist_id, occurred_at, duration_min, mood, emotional_scale, topics, objectives, techniques, evolution, next_steps, free_notes, created_at) VALUES ('96b67dd3-be05-4cdc-b505-59bf60cece29', '8bbe67c5-8a26-4bb3-93fa-274c02a8bdd2', '07d32018-b38c-4467-bb28-3341de0331d4', 'b55a3cfb-a65d-4540-8821-d20f7a3c8d56', 1780412290305, 50, 'Estável', 8, '["sono","luto"]', 'Fortalecer a autoestima', 'Psicoeducação', 'Semana difícil, com aumento da sintomatologia ansiosa.', 'Retomar atividade física gradualmente.', NULL, 1780412290305);
INSERT INTO sessions (id, clinic_id, patient_id, psychologist_id, occurred_at, duration_min, mood, emotional_scale, topics, objectives, techniques, evolution, next_steps, free_notes, created_at) VALUES ('913c81a0-335c-4a4d-8678-78f5d66de5ef', '8bbe67c5-8a26-4bb3-93fa-274c02a8bdd2', '07d32018-b38c-4467-bb28-3341de0331d4', 'b55a3cfb-a65d-4540-8821-d20f7a3c8d56', 1781103490305, 50, 'Estável', 7, '["ansiedade","luto","finanças"]', 'Fortalecer a autoestima', 'Reestruturação cognitiva', 'Semana difícil, com aumento da sintomatologia ansiosa.', 'Registrar pensamentos automáticos em situações de gatilho.', NULL, 1781103490305);
INSERT INTO sessions (id, clinic_id, patient_id, psychologist_id, occurred_at, duration_min, mood, emotional_scale, topics, objectives, techniques, evolution, next_steps, free_notes, created_at) VALUES ('287409d1-f26e-4ad0-81d8-3480c7a5fe33', '8bbe67c5-8a26-4bb3-93fa-274c02a8bdd2', '07d32018-b38c-4467-bb28-3341de0331d4', 'b55a3cfb-a65d-4540-8821-d20f7a3c8d56', 1781621890305, 60, 'Ansioso(a)', 8, '["sono","saúde","família"]', 'Aumentar a tolerância à frustração', 'Respiração diafragmática', 'Trouxe avanços na aplicação das técnicas no dia a dia.', 'Registrar pensamentos automáticos em situações de gatilho.', NULL, 1781621890305);
INSERT INTO sessions (id, clinic_id, patient_id, psychologist_id, occurred_at, duration_min, mood, emotional_scale, topics, objectives, techniques, evolution, next_steps, free_notes, created_at) VALUES ('d41a55df-2142-4787-9e62-57f07f28af27', '8bbe67c5-8a26-4bb3-93fa-274c02a8bdd2', '07d32018-b38c-4467-bb28-3341de0331d4', 'b55a3cfb-a65d-4540-8821-d20f7a3c8d56', 1782140290305, 45, 'Irritado(a)', 7, '["trabalho","família"]', 'Reorganizar a rotina e o autocuidado', 'Psicoeducação', 'Apresentou resistência inicial, mas engajou-se ao final da sessão.', 'Registrar pensamentos automáticos em situações de gatilho.', 'Sessão produtiva. Manter plano terapêutico.', 1782140290305);
INSERT INTO sessions (id, clinic_id, patient_id, psychologist_id, occurred_at, duration_min, mood, emotional_scale, topics, objectives, techniques, evolution, next_steps, free_notes, created_at) VALUES ('d4a97e9c-20da-4663-a1b5-a5a01699fe44', '8bbe67c5-8a26-4bb3-93fa-274c02a8bdd2', '07d32018-b38c-4467-bb28-3341de0331d4', 'b55a3cfb-a65d-4540-8821-d20f7a3c8d56', 1782658690305, 50, 'Irritado(a)', 4, '["finanças","ansiedade","sono"]', 'Melhorar a comunicação nos relacionamentos', 'Técnicas de mindfulness', 'Percebe-se maior consciência emocional e vocabulário afetivo.', 'Manter diário do sono.', 'Sessão produtiva. Manter plano terapêutico.', 1782658690305);
INSERT INTO timeline_events (id, clinic_id, patient_id, session_id, title, description, event_date, category, status, source, created_at) VALUES ('07a248cc-e5f6-4e3f-9eb4-9cc94446ea0b', '8bbe67c5-8a26-4bb3-93fa-274c02a8bdd2', '07d32018-b38c-4467-bb28-3341de0331d4', NULL, 'Melhora significativa', 'Relatou leve melhora nos sintomas ao longo da semana.', 1781017090305, 'trabalho', 'confirmed', 'ai', 1768402690305);
INSERT INTO timeline_events (id, clinic_id, patient_id, session_id, title, description, event_date, category, status, source, created_at) VALUES ('d662912c-139f-466e-9f9e-5a35c995a9ad', '8bbe67c5-8a26-4bb3-93fa-274c02a8bdd2', '07d32018-b38c-4467-bb28-3341de0331d4', NULL, 'Ajuste de medicação', 'Apresentou resistência inicial, mas engajou-se ao final da sessão.', 1768575490305, 'família', 'suggested', 'manual', 1779289090305);
INSERT INTO timeline_events (id, clinic_id, patient_id, session_id, title, description, event_date, category, status, source, created_at) VALUES ('0c22c5ed-fa33-4493-9eba-2fb01b7de1c4', '8bbe67c5-8a26-4bb3-93fa-274c02a8bdd2', '07d32018-b38c-4467-bb28-3341de0331d4', '96b67dd3-be05-4cdc-b505-59bf60cece29', 'Mudança de emprego', 'Apresentou resistência inicial, mas engajou-se ao final da sessão.', 1768316290305, 'pessoal', 'suggested', 'ai', 1769266690305);
INSERT INTO ai_summaries (id, clinic_id, patient_id, appointment_id, content, suggested_questions, model, status, approved_content, approved_by, approved_at, created_at) VALUES ('b8097228-c501-4126-aa23-904e840eadcd', '8bbe67c5-8a26-4bb3-93fa-274c02a8bdd2', '07d32018-b38c-4467-bb28-3341de0331d4', NULL, 'Paciente em acompanhamento por luto pela perda de um familiar. Ao longo das sessões observa-se evolução gradual, com melhor manejo emocional e boa adesão às técnicas propostas. Recomenda-se manter o plano terapêutico atual.', '["Como você tem dormido esta semana?","O que funcionou melhor entre as estratégias que combinamos?","Houve algum gatilho importante desde a última sessão?"]', 'vinculo-ai', 'approved', NULL, NULL, NULL, 1782831490305);
INSERT INTO ai_alerts (id, clinic_id, patient_id, type, severity, message, status, created_at) VALUES ('e0ef987f-4bb3-4dd3-991b-50cd15abd02d', '8bbe67c5-8a26-4bb3-93fa-274c02a8bdd2', '07d32018-b38c-4467-bb28-3341de0331d4', 'risk', 'critical', 'Ideação com conteúdo de autolesão — atenção prioritária.', 'active', 1780930690305);
INSERT INTO appointments (id, clinic_id, patient_id, psychologist_id, starts_at, ends_at, status, created_at) VALUES ('b19a3a26-06f7-4ea1-a799-3140cb23b61f', '8bbe67c5-8a26-4bb3-93fa-274c02a8bdd2', '07d32018-b38c-4467-bb28-3341de0331d4', 'b55a3cfb-a65d-4540-8821-d20f7a3c8d56', 1782313090305, 1782316090305, 'done', 1781794690305);
INSERT INTO appointments (id, clinic_id, patient_id, psychologist_id, starts_at, ends_at, status, created_at) VALUES ('5dd4764a-d656-4f72-b17f-c8c0dfe21503', '8bbe67c5-8a26-4bb3-93fa-274c02a8bdd2', '07d32018-b38c-4467-bb28-3341de0331d4', 'b55a3cfb-a65d-4540-8821-d20f7a3c8d56', 1782917890305, 1782920890305, 'done', 1782485890305);
INSERT INTO appointments (id, clinic_id, patient_id, psychologist_id, starts_at, ends_at, status, created_at) VALUES ('bfce2b58-59da-41cf-938d-049739d186e2', '8bbe67c5-8a26-4bb3-93fa-274c02a8bdd2', '07d32018-b38c-4467-bb28-3341de0331d4', 'b55a3cfb-a65d-4540-8821-d20f7a3c8d56', 1783695490305, 1783784890305, 'scheduled', 1783349890305);
INSERT INTO consents (id, clinic_id, patient_id, type, version, granted_at, ip, revoked_at, created_at) VALUES ('8af20429-8dab-4297-b113-e387de061b08', '8bbe67c5-8a26-4bb3-93fa-274c02a8bdd2', '07d32018-b38c-4467-bb28-3341de0331d4', 'general', '1.0', 1763909890305, '189.219.197.62', NULL, 1763909890305);
INSERT INTO consents (id, clinic_id, patient_id, type, version, granted_at, ip, revoked_at, created_at) VALUES ('60abf177-e044-480f-bcd7-05560824526d', '8bbe67c5-8a26-4bb3-93fa-274c02a8bdd2', '07d32018-b38c-4467-bb28-3341de0331d4', 'ai', '1.0', 1763909890305, '189.204.149.123', NULL, 1763909890305);
INSERT INTO patients (id, clinic_id, psychologist_id, full_name, social_name, cpf, email, phone, whatsapp, birth_date, status, photo, profile, deleted_at, created_at) VALUES ('d73c2fbf-8ac0-4e9c-8a15-6e85dc7da6e3', '8bbe67c5-8a26-4bb3-93fa-274c02a8bdd2', 'b55a3cfb-a65d-4540-8821-d20f7a3c8d56', 'Aline Carvalho Carvalho', NULL, '261.234.173-36', 'aline.24@email.com', '(78) 93198-6970', '(14) 94211-8226', 1024585090306, 'active', 'data:image/svg+xml;base64,PHN2ZyB4bWxucz0iaHR0cDovL3d3dy53My5vcmcvMjAwMC9zdmciIHZpZXdCb3g9IjAgMCAyODAgMjgwIiBmaWxsPSJub25lIiBzaGFwZS1yZW5kZXJpbmc9ImF1dG8iPjxtZXRhZGF0YSB4bWxuczpyZGY9Imh0dHA6Ly93d3cudzMub3JnLzE5OTkvMDIvMjItcmRmLXN5bnRheC1ucyMiIHhtbG5zOnhzaT0iaHR0cDovL3d3dy53My5vcmcvMjAwMS9YTUxTY2hlbWEtaW5zdGFuY2UiIHhtbG5zOmRjPSJodHRwOi8vcHVybC5vcmcvZGMvZWxlbWVudHMvMS4xLyIgeG1sbnM6ZGN0ZXJtcz0iaHR0cDovL3B1cmwub3JnL2RjL3Rlcm1zLyI+PHJkZjpSREY+PHJkZjpEZXNjcmlwdGlvbj48ZGM6dGl0bGU+QXZhdGFhYXJzPC9kYzp0aXRsZT48ZGM6Y3JlYXRvcj5QYWJsbyBTdGFubGV5PC9kYzpjcmVhdG9yPjxkYzpzb3VyY2UgeHNpOnR5cGU9ImRjdGVybXM6VVJJIj5odHRwczovL2F2YXRhYWFycy5jb20vPC9kYzpzb3VyY2U+PGRjdGVybXM6bGljZW5zZSB4c2k6dHlwZT0iZGN0ZXJtczpVUkkiPmh0dHBzOi8vYXZhdGFhYXJzLmNvbS88L2RjdGVybXM6bGljZW5zZT48ZGM6cmlnaHRzPlJlbWl4IG9mIOKAnkF2YXRhYWFyc+KAnSAoaHR0cHM6Ly9hdmF0YWFhcnMuY29tLykgYnkg4oCeUGFibG8gU3RhbmxleeKAnSwgbGljZW5zZWQgdW5kZXIg4oCeRnJlZSBmb3IgcGVyc29uYWwgYW5kIGNvbW1lcmNpYWwgdXNl4oCdIChodHRwczovL2F2YXRhYWFycy5jb20vKTwvZGM6cmlnaHRzPjwvcmRmOkRlc2NyaXB0aW9uPjwvcmRmOlJERj48L21ldGFkYXRhPjxtYXNrIGlkPSJ2aWV3Ym94TWFzayI+PHJlY3Qgd2lkdGg9IjI4MCIgaGVpZ2h0PSIyODAiIHJ4PSIxNDAiIHJ5PSIxNDAiIHg9IjAiIHk9IjAiIGZpbGw9IiNmZmYiIC8+PC9tYXNrPjxnIG1hc2s9InVybCgjdmlld2JveE1hc2spIj48cmVjdCBmaWxsPSIjYjZlM2Y0IiB3aWR0aD0iMjgwIiBoZWlnaHQ9IjI4MCIgeD0iMCIgeT0iMCIgLz48ZyB0cmFuc2Zvcm09InRyYW5zbGF0ZSg4KSI+PHBhdGggZD0iTTEzMiAzNmE1NiA1NiAwIDAgMC01NiA1NnY2LjE3QTEyIDEyIDAgMCAwIDY2IDExMHYxNGExMiAxMiAwIDAgMCAxMC4zIDExLjg4IDU2LjA0IDU2LjA0IDAgMCAwIDMxLjcgNDQuNzN2MTguNGgtNGE3MiA3MiAwIDAgMC03MiA3MnY5aDIwMHYtOWE3MiA3MiAwIDAgMC03Mi03MmgtNHYtMTguMzlhNTYuMDQgNTYuMDQgMCAwIDAgMzEuNy00NC43M0ExMiAxMiAwIDAgMCAxOTggMTI0di0xNGExMiAxMiAwIDAgMC0xMC0xMS44M1Y5MmE1NiA1NiAwIDAgMC01Ni01NloiIGZpbGw9IiNmZDk4NDEiLz48cGF0aCBkPSJNMTA4IDE4MC42MXY4YTU1Ljc5IDU1Ljc5IDAgMCAwIDI0IDUuMzljOC41OSAwIDE2LjczLTEuOTMgMjQtNS4zOXYtOGE1NS43OSA1NS43OSAwIDAgMS0yNCA1LjM5IDU1Ljc5IDU1Ljc5IDAgMCAxLTI0LTUuMzlaIiBmaWxsPSIjMDAwIiBmaWxsLW9wYWNpdHk9Ii4xIi8+PGcgdHJhbnNmb3JtPSJ0cmFuc2xhdGUoMCAxNzApIj48cGF0aCBkPSJNMTk2IDM4LjYzVjExMEg2OFYzOC42M2E3MS41MiA3MS41MiAwIDAgMSAyNi04Ljk0djQ0LjNoNzZWMjkuNjlhNzEuNTIgNzEuNTIgMCAwIDEgMjYgOC45NFoiIGZpbGw9IiNmZjQ4OGUiLz48cGF0aCBkPSJNODYgODNhNSA1IDAgMSAxLTEwIDAgNSA1IDAgMCAxIDEwIDBaTTE4OCA4M2E1IDUgMCAxIDEtMTAgMCA1IDUgMCAwIDEgMTAgMFoiIGZpbGw9IiNGNEY0RjQiLz48L2c+PGcgdHJhbnNmb3JtPSJ0cmFuc2xhdGUoNzggMTM0KSI+PHBhdGggZmlsbC1ydWxlPSJldmVub2RkIiBjbGlwLXJ1bGU9ImV2ZW5vZGQiIGQ9Ik0yOSAxNS42QzMwLjQxIDI1LjI0IDQxLjA2IDMzIDU0IDMzYzEyLjk3IDAgMjMuNjUtNy44MiAyNS0xOC4yNi4xLS40LS4yMi0xLjc0LTIuMTctMS43NEgzMS4xN2MtMS43OSAwLTIuMyAxLjI0LTIuMTcgMi42WiIgZmlsbD0iIzAwMCIgZmlsbC1vcGFjaXR5PSIuNyIvPjxwYXRoIGQ9Ik03MCAxM0gzOWE1IDUgMCAwIDAgNSA1aDIxYTUgNSAwIDAgMCA1LTVaIiBmaWxsPSIjZmZmIi8+PHBhdGggZD0iTTQzIDIzLjVhMS44OCAxLjg4IDAgMCAwIDAgLjEzdjguODdhMTEuNSAxMS41IDAgMSAwIDIzIDB2LTguODdhMS42MiAxLjYyIDAgMCAwIDAtLjEzYzAtMS45My0yLjkxLTMuNS02LjUtMy41LTIuMDEgMC0zLjguNS01IDEuMjZhOS40NSA5LjQ1IDAgMCAwLTUtMS4yNmMtMy41OSAwLTYuNSAxLjU3LTYuNSAzLjVaIiBmaWxsPSIjRkY0RjZEIi8+PC9nPjxnIHRyYW5zZm9ybT0idHJhbnNsYXRlKDEwNCAxMjIpIj48cGF0aCBmaWxsLXJ1bGU9ImV2ZW5vZGQiIGNsaXAtcnVsZT0iZXZlbm9kZCIgZD0iTTE2IDhjMCA0LjQyIDUuMzcgOCAxMiA4czEyLTMuNTggMTItOCIgZmlsbD0iIzAwMCIgZmlsbC1vcGFjaXR5PSIuMTYiLz48L2c+PGcgdHJhbnNmb3JtPSJ0cmFuc2xhdGUoNzYgOTApIj48cGF0aCBkPSJNNDQgMjAuNzNjMCA0LjI2LTYuMjcgNy43Mi0xNCA3LjcyUzE2IDI1IDE2IDIwLjczQzE2IDE2LjQ2IDIyLjI3IDEzIDMwIDEzczE0IDMuNDYgMTQgNy43M1pNOTYgMjAuNzNjMCA0LjI2LTYuMjcgNy43Mi0xNCA3LjcyUzY4IDI1IDY4IDIwLjczQzY4IDE2LjQ2IDc0LjI3IDEzIDgyIDEzczE0IDMuNDYgMTQgNy43M1oiIGZpbGw9IiNmZmYiLz48cGF0aCBkPSJNMzIuODIgMjguM2EyNS4xNSAyNS4xNSAwIDAgMS01LjY0IDAgNiA2IDAgMSAxIDUuNjQgMFpNODQuODIgMjguM2EyNS4xNSAyNS4xNSAwIDAgMS01LjY0IDAgNiA2IDAgMSAxIDUuNjQgMFoiIGZpbGw9IiMwMDAiIGZpbGwtb3BhY2l0eT0iLjciLz48L2c+PGcgdHJhbnNmb3JtPSJ0cmFuc2xhdGUoNzYgODIpIj48ZyBmaWxsLXJ1bGU9ImV2ZW5vZGQiIGNsaXAtcnVsZT0iZXZlbm9kZCIgZmlsbD0iI0RBREFEQSI+PHBhdGggZD0iTTU3IDEyLjgyWk05Ni4xMiA3LjZjMS40Ni41NiA5LjE5IDYuNDMgNy44NiA5LjE2YS44LjggMCAwIDEtMS4yOS4yMiAxMC42MyAxMC42MyAwIDAgMC0xLjctMS4xOWMtNS4xLTIuODQtMTEuMy0xLjkzLTE2LjczLS45MS02LjEyIDEuMTQtMTIuMTEgMy40OC0xOC4zOSAyLjY3LTIuMDQtLjI2LTYuMDgtMS4yMi03LjYzLTIuOTYtLjQ3LS41My0uMDYtMS4zOC42NC0xLjQzIDEuNDQtLjExIDIuODYtLjg2IDQuMzMtMS4yOCAzLjY1LTEuMDMgNy40LTEuNTYgMTEuMTEtMi4yOSA2LjYyLTEuMyAxNS4xNy00LjUzIDIxLjgtMloiLz48cGF0aCBkPSJNNTguNzYgMTIuNzZjLTEuMTcuMDQtMi44IDMuNTYtLjU2IDMuNjggMi4yMy4xMSAxLjczLTMuNzIuNTYtMy42OFpNNTUgMTIuOGMwLS4wMSAwLS4wMSAwIDBaTTE1Ljg4IDcuNTZjLTEuNDYuNTYtOS4xOSA2LjQzLTcuODYgOS4xNi4yNC41Ljg5LjYgMS4yOS4yMi41NS0uNTIgMS41OC0xLjExIDEuNzEtMS4xOCA1LjEtMi44NCAxMS4zLTEuOTMgMTYuNzMtLjkxIDYuMTIgMS4xNCAxMi4xMSAzLjQ4IDE4LjM5IDIuNjcgMi4wNC0uMjYgNi4wOC0xLjIyIDcuNjMtMi45Ni40Ny0uNTMuMDYtMS4zOC0uNjQtMS40My0xLjQ0LS4xMS0yLjg2LS44Ni00LjMzLTEuMjgtMy42NS0xLjAzLTcuNC0xLjU2LTExLjExLTIuMjktNi42Mi0xLjMtMTUuMTctNC41My0yMS44LTJaIi8+PHBhdGggZD0iTTU0Ljk3IDExLjc5YzEuMTcuMDQgMi43NyA0LjUuNTMgNC42Ny0yLjI0LjE4LTEuNy00LjcxLS41My00LjY3WiIvPjwvZz48L2c+PGcgdHJhbnNmb3JtPSJ0cmFuc2xhdGUoLTEpIj48ZyBmaWxsPSIjZDZiMzcwIj48cGF0aCBkPSJNMTg3LjcgNTYuMTJjLjkgMy4yNSAyLjE3IDExLjk1LS4wNiAxNC44NC0uNzUuOTYtNS44NC0xLjc0LTcuOTctMi45MmwtMy41My0xLjk2Yy0xNC45Mi04LjMyLTE5Ljc0LTExLTQ1LjktMTAuNjItMjguMTEuNC00Ny4zNyAxMy41OC00OC40NiAxNC45My0uNzUuOTMtMS43MSAzLjQ0LTIuNSAxMC40MS0uMjUgMi4yLS4zMiA0Ljk3LS40IDcuNzEtLjE0IDUuOTQtLjMgMTEuNzctMi4yNSAxMS43Ni0yLjQ0LS4wMS0yLjk3LTIzLjc4LTEuOTItMzMuMjEuMDQtLjM2LjEtLjc4LjE4LTEuMjMuMjMtMS40LjUtMy4xMy4xNi00LjExLS4xNi0uNDQtLjU0LS43LS45NC0uOTktLjYyLS40My0xLjI2LS44OC0xLjA4LTIuMDMuMjEtMS4zMSAxLjEtMS40MyAxLjk3LTEuNTYuNTctLjA4IDEuMTMtLjE2IDEuNS0uNTYgMS4xMy0xLjIzLjQ2LTEuODctLjMxLTIuNi0uNDYtLjQzLS45NS0uOS0xLjEyLTEuNTMtLjYzLTIuMzYgMS4wMy0zLjEgMi42OS0zLjgzbC4zOC0uMTdjLjY5LS4zIDEuMS0uNDIgMS40Mi0uNS42LS4xNS44NS0uMjEgMS44OS0xLjM1LTIuMTQtMS41Ni0yLjktMy42OS4wMS00LjgzLjU2LS4yMiAxLjUyLS4yIDIuNS0uMiAxLjIuMDIgMi40LjAzIDIuOTQtLjM3LjE1LS4xMS4yNC0uNTMuMzMtLjkuMDYtLjI3LjExLS41LjE4LS42IDEuMzUtMS45MyAxLjIzLTMuNCAxLjA4LTUuNGwtLjA3LS45MmMtLjEzLTIuMDQtLjExLTMuOSAyLjMzLTQuMTEgMS0uMDggMS45LjQgMi43Ny44Ni41NC4yOSAxLjA4LjU4IDEuNjQuNzMuODcuMjMgMS4xLjQzIDEuMzIuNDMuMTkgMCAuMzctLjE1Ljk2LS41NSAxLjE4LS44MiAxLjMtMi4wNSAxLjQzLTMuMy4xMS0xLjA4LjIyLTIuMTggMS4wNC0zIDEuNTgtMS42IDIuOC0uNjQgNCAuMy42NC41IDEuMjggMSAxLjk2IDEuMSAyLjU1LjM2IDMuMDYtMS4wNiAzLjYyLTIuNTkuMzYtMSAuNzQtMi4wNiAxLjc0LTIuNjggMS44My0xLjE1IDIuNjQtLjA1IDMuNDMgMS4wMS41LjY4Ljk4IDEuMzMgMS43IDEuMzkgMS4wMS4wOCAyLjUyLTEuMSAzLjg1LTIuMTRhMTEuNiAxMS42IDAgMCAxIDIuMS0xLjQ0YzIuMjctLjkzIDMuOTEuMDcgNS41OCAxLjA4IDEuNC44NSAyLjgzIDEuNzIgNC42NSAxLjQzbC44My0uMTNjMi4yNC0uMzcgMy4xMS0uNTEgNS40NS45NmE0LjIgNC4yIDAgMCAwIDMuNzQuNjljLjYtLjEyIDEuMy0uMjUgMi4yNi0uMjYgMS4xIDAgMS45OC41IDIuODMuOTkuNy40IDEuMzYuNzkgMi4xMy44Ny40Mi4wNC44NC0uMTYgMS4yNi0uMzYuNDItLjIuODQtLjQgMS4zLS4zOCAxLjgzLjExIDIuNjkgMS41IDMuNTUgMi44OC42NyAxLjA4IDEuMzQgMi4xNSAyLjQ2IDIuNjYgMS42Mi43MiAzLjQ0LjI0IDUuMTctLjIxLjc5LS4yIDEuNTUtLjQgMi4yOC0uNSAzLjk2LS40NiAzLjI3IDEuOTcgMi41NSA0LjU2YTExLjEgMTEuMSAwIDAgMC0uNiAzLjI2YzEuMTUuMjcgMi4zLS4xNSAzLjQ2LS41NyAxLjEtLjQgMi4xOC0uOCAzLjI3LS42IDMuNC41OCAyLjI1IDQuMDIgMS40NCA2LjQ1bC0uMDguMjFjLjY0IDAgMS41NC0uMiAyLjU2LS40MiAyLjg2LS42IDYuNjEtMS40MSA3Ljc4IDEuMTMuNDcgMS4wNSAwIDIuMzEtLjQ0IDMuNTRhNy4xNyA3LjE3IDAgMCAwLS42MSAyLjQxYy4wMiAxLjUzLjcgMi45IDEuNCA0LjI3LjQ1LjkxLjkgMS44MiAxLjE3IDIuNzhaIi8+PHBhdGggZD0ibTE4Ni4zNiA3My42LjQ3LjMzYzEuNzYuOTkgMy4xNSAxMC45IDMuMjIgMTQuNjkuMDQgMi4zNC4wOCAxMS4yNS0yLjQgMTAuNDgtLjc1LS4yMy0xLjktNC45NS0yLjA2LTcuNzItLjE2LTIuNzYtMS43NC0xMi4xNi00LjE0LTE2LjQ5LS4xMy0uMjMtLjMyLS41MS0uNTMtLjgtLjY1LS45Ni0xLjQ0LTIuMTItLjkyLTIuNzYuNzItLjg4IDEuNDMtLjU3IDIuMjYtLjJsLjQ0LjE4Yy44Ny4zNSAyLjc3IDEuNjggMy42NiAyLjNaIi8+PC9nPjwvZz48ZyB0cmFuc2Zvcm09InRyYW5zbGF0ZSg0OSA3MikiPjwvZz48ZyB0cmFuc2Zvcm09InRyYW5zbGF0ZSg2MiA0MikiPjwvZz48L2c+PC9nPjwvc3ZnPg==', '{"personal":{"isChild":false,"sex":"Feminino","gender":"Mulher cisgênero","rg":"40.794.723-3","maritalStatus":"União estável","profession":"Vendedora","company":"—","education":"Pós-graduação","address":"Rua Correia, 839","city":"Rio de Janeiro","state":"RJ","zip":"43625-593"},"clinical":{"complaint":"Luto pela perda de um familiar","goals":"Reorganizar a rotina e o autocuidado","suffering":"Moderado","history":"Já fez acompanhamento anterior por cerca de um ano. Retornou após recaída.","priorDiagnoses":"Nenhum","priorTreatments":"Nenhum","psychiatric":"Não","referrals":"Encaminhado pelo clínico geral"},"health":{"depression":false,"anxiety":false,"tdah":true,"tag":false,"bipolar":false,"medications":"—","diseases":"—","surgeries":"—","hospitalizations":"Não","familyHistory":"Sem histórico relevante"},"lifestyle":{"sleep":"Insônia frequente","diet":"Irregular","sports":"Sedentário","gym":"Não","alcohol":"Não","smoking":"Não","drugs":"Não","religion":"Sem religião","spirituality":"Pouco"},"financial":{"situation":"Estável","income":"4 a 8 salários","work":"Desempregado","ownHome":"Sim","rent":"Não","withFamily":"Não","debt":"Endividado","car":"Sim","motorcycle":"Não"},"interests":{"hobbies":"Games","music":"Clássica","movies":"Documentários","books":"Ficção e autoajuda","games":"Jogos casuais","tech":"Alto","social":"Pouco ativo"},"personality":{"introvert":true,"extrovert":false,"communicative":false,"reserved":true,"organized":false,"creative":true,"impulsive":true,"notes":"Bom senso de humor, acolhedor(a)."},"relationships":{"family":"Boa","friends":"Rede sólida","romantic":"Estável","work":"Boa"}}', NULL, 1779548290306);
INSERT INTO sessions (id, clinic_id, patient_id, psychologist_id, occurred_at, duration_min, mood, emotional_scale, topics, objectives, techniques, evolution, next_steps, free_notes, created_at) VALUES ('e3e93544-dcc0-40b6-8399-fa8ac610bb4d', '8bbe67c5-8a26-4bb3-93fa-274c02a8bdd2', 'd73c2fbf-8ac0-4e9c-8a15-6e85dc7da6e3', 'b55a3cfb-a65d-4540-8821-d20f7a3c8d56', 1780325890306, 45, 'Ansioso(a)', 6, '["relacionamento","rotina"]', 'Fortalecer a autoestima', 'Reestruturação cognitiva', 'Relatou leve melhora nos sintomas ao longo da semana.', 'Retomar atividade física gradualmente.', NULL, 1780325890306);
INSERT INTO sessions (id, clinic_id, patient_id, psychologist_id, occurred_at, duration_min, mood, emotional_scale, topics, objectives, techniques, evolution, next_steps, free_notes, created_at) VALUES ('b54110c8-5a96-452a-b177-988577169f00', '8bbe67c5-8a26-4bb3-93fa-274c02a8bdd2', 'd73c2fbf-8ac0-4e9c-8a15-6e85dc7da6e3', 'b55a3cfb-a65d-4540-8821-d20f7a3c8d56', 1781017090306, 60, 'Angustiado(a)', 3, '["luto","rotina","finanças","relacionamento"]', 'Melhorar a qualidade do sono', 'Psicoeducação', 'Trouxe avanços na aplicação das técnicas no dia a dia.', 'Retomar atividade física gradualmente.', NULL, 1781017090306);
INSERT INTO sessions (id, clinic_id, patient_id, psychologist_id, occurred_at, duration_min, mood, emotional_scale, topics, objectives, techniques, evolution, next_steps, free_notes, created_at) VALUES ('31552c4e-f77e-45fc-8ae4-4f50de489142', '8bbe67c5-8a26-4bb3-93fa-274c02a8bdd2', 'd73c2fbf-8ac0-4e9c-8a15-6e85dc7da6e3', 'b55a3cfb-a65d-4540-8821-d20f7a3c8d56', 1781535490306, 50, 'Esperançoso(a)', 5, '["rotina","luto"]', 'Fortalecer a autoestima', 'Treino de habilidades sociais', 'Trouxe avanços na aplicação das técnicas no dia a dia.', 'Retomar atividade física gradualmente.', NULL, 1781535490306);
INSERT INTO sessions (id, clinic_id, patient_id, psychologist_id, occurred_at, duration_min, mood, emotional_scale, topics, objectives, techniques, evolution, next_steps, free_notes, created_at) VALUES ('a83d3d3e-1c37-47ba-978c-95ffdfbd5f8c', '8bbe67c5-8a26-4bb3-93fa-274c02a8bdd2', 'd73c2fbf-8ac0-4e9c-8a15-6e85dc7da6e3', 'b55a3cfb-a65d-4540-8821-d20f7a3c8d56', 1782226690306, 45, 'Ansioso(a)', 4, '["relacionamento","trabalho","ansiedade"]', 'Desenvolver estratégias de enfrentamento', 'Técnicas de mindfulness', 'Semana difícil, com aumento da sintomatologia ansiosa.', 'Retomar atividade física gradualmente.', NULL, 1782226690306);
INSERT INTO sessions (id, clinic_id, patient_id, psychologist_id, occurred_at, duration_min, mood, emotional_scale, topics, objectives, techniques, evolution, next_steps, free_notes, created_at) VALUES ('87a8632b-bcd2-47cf-a831-da061911db8d', '8bbe67c5-8a26-4bb3-93fa-274c02a8bdd2', 'd73c2fbf-8ac0-4e9c-8a15-6e85dc7da6e3', 'b55a3cfb-a65d-4540-8821-d20f7a3c8d56', 1782658690306, 45, 'Deprimido(a)', 9, '["estudos","autoestima","luto"]', 'Melhorar a comunicação nos relacionamentos', 'Reestruturação cognitiva', 'Percebe-se maior consciência emocional e vocabulário afetivo.', 'Trabalhar limites nos relacionamentos.', 'Sessão produtiva. Manter plano terapêutico.', 1782658690306);
INSERT INTO timeline_events (id, clinic_id, patient_id, session_id, title, description, event_date, category, status, source, created_at) VALUES ('10dd3013-d82e-4931-a3f7-5f8ace3ba5d5', '8bbe67c5-8a26-4bb3-93fa-274c02a8bdd2', 'd73c2fbf-8ac0-4e9c-8a15-6e85dc7da6e3', 'a83d3d3e-1c37-47ba-978c-95ffdfbd5f8c', 'Perda familiar', 'Trouxe avanços na aplicação das técnicas no dia a dia.', 1767970690306, 'clínico', 'confirmed', 'ai', 1768316290306);
INSERT INTO timeline_events (id, clinic_id, patient_id, session_id, title, description, event_date, category, status, source, created_at) VALUES ('4ec57a15-37be-4267-8397-857ba2b6ee6a', '8bbe67c5-8a26-4bb3-93fa-274c02a8bdd2', 'd73c2fbf-8ac0-4e9c-8a15-6e85dc7da6e3', '31552c4e-f77e-45fc-8ae4-4f50de489142', 'Melhora significativa', 'Trouxe avanços na aplicação das técnicas no dia a dia.', 1780757890306, 'pessoal', 'confirmed', 'ai', 1781103490306);
INSERT INTO timeline_events (id, clinic_id, patient_id, session_id, title, description, event_date, category, status, source, created_at) VALUES ('8e85ab78-2a33-4393-b17c-ec229ceaf283', '8bbe67c5-8a26-4bb3-93fa-274c02a8bdd2', 'd73c2fbf-8ac0-4e9c-8a15-6e85dc7da6e3', NULL, 'Viagem/afastamento', 'Relatou leve melhora nos sintomas ao longo da semana.', 1774709890306, 'trabalho', 'confirmed', 'manual', 1778165890306);
INSERT INTO timeline_events (id, clinic_id, patient_id, session_id, title, description, event_date, category, status, source, created_at) VALUES ('2c151b94-c6c5-4447-80e0-7858f53f90be', '8bbe67c5-8a26-4bb3-93fa-274c02a8bdd2', 'd73c2fbf-8ac0-4e9c-8a15-6e85dc7da6e3', NULL, 'Melhora significativa', 'Semana difícil, com aumento da sintomatologia ansiosa.', 1781708290306, 'pessoal', 'confirmed', 'ai', 1780757890306);
INSERT INTO timeline_events (id, clinic_id, patient_id, session_id, title, description, event_date, category, status, source, created_at) VALUES ('0b6b7274-b4c9-4cde-a529-b56daec0429b', '8bbe67c5-8a26-4bb3-93fa-274c02a8bdd2', 'd73c2fbf-8ac0-4e9c-8a15-6e85dc7da6e3', NULL, 'Recaída pontual', 'Semana difícil, com aumento da sintomatologia ansiosa.', 1778252290306, 'família', 'confirmed', 'ai', 1771253890306);
INSERT INTO ai_summaries (id, clinic_id, patient_id, appointment_id, content, suggested_questions, model, status, approved_content, approved_by, approved_at, created_at) VALUES ('70e55834-0aff-48b9-8902-e4ef7045cf0c', '8bbe67c5-8a26-4bb3-93fa-274c02a8bdd2', 'd73c2fbf-8ac0-4e9c-8a15-6e85dc7da6e3', NULL, 'Paciente em acompanhamento por insônia e alterações do sono. Ao longo das sessões observa-se evolução gradual, com melhor manejo emocional e boa adesão às técnicas propostas. Recomenda-se manter o plano terapêutico atual.', '["Como você tem dormido esta semana?","O que funcionou melhor entre as estratégias que combinamos?","Houve algum gatilho importante desde a última sessão?"]', 'vinculo-ai', 'ready', NULL, 'b55a3cfb-a65d-4540-8821-d20f7a3c8d56', 1783090690306, 1781708290306);
INSERT INTO ai_alerts (id, clinic_id, patient_id, type, severity, message, status, created_at) VALUES ('f376e94d-db7d-4897-847c-906ed5aac419', '8bbe67c5-8a26-4bb3-93fa-274c02a8bdd2', 'd73c2fbf-8ac0-4e9c-8a15-6e85dc7da6e3', 'risk', 'high', 'Menção a pensamentos de desesperança na última sessão. Avaliar risco.', 'reviewed', 1781708290306);
INSERT INTO ai_alerts (id, clinic_id, patient_id, type, severity, message, status, created_at) VALUES ('bdcf0ee6-0009-4645-b1e7-3326b710710e', '8bbe67c5-8a26-4bb3-93fa-274c02a8bdd2', 'd73c2fbf-8ac0-4e9c-8a15-6e85dc7da6e3', 'pattern', 'low', 'Padrão recorrente de faltas às sextas-feiras.', 'reviewed', 1781794690306);
INSERT INTO appointments (id, clinic_id, patient_id, psychologist_id, starts_at, ends_at, status, created_at) VALUES ('fa215243-dc16-4076-b314-305858d5d12e', '8bbe67c5-8a26-4bb3-93fa-274c02a8bdd2', 'd73c2fbf-8ac0-4e9c-8a15-6e85dc7da6e3', 'b55a3cfb-a65d-4540-8821-d20f7a3c8d56', 1782313090306, 1782316090306, 'done', 1781794690306);
INSERT INTO appointments (id, clinic_id, patient_id, psychologist_id, starts_at, ends_at, status, created_at) VALUES ('5da0256b-aa95-452f-bf3e-efb67e237731', '8bbe67c5-8a26-4bb3-93fa-274c02a8bdd2', 'd73c2fbf-8ac0-4e9c-8a15-6e85dc7da6e3', 'b55a3cfb-a65d-4540-8821-d20f7a3c8d56', 1782917890306, 1782920890306, 'done', 1782485890306);
INSERT INTO appointments (id, clinic_id, patient_id, psychologist_id, starts_at, ends_at, status, created_at) VALUES ('bade9ae6-da1b-48ad-a70f-350f795cdf73', '8bbe67c5-8a26-4bb3-93fa-274c02a8bdd2', 'd73c2fbf-8ac0-4e9c-8a15-6e85dc7da6e3', 'b55a3cfb-a65d-4540-8821-d20f7a3c8d56', 1783868290306, 1784476090306, 'scheduled', 1783349890306);
INSERT INTO consents (id, clinic_id, patient_id, type, version, granted_at, ip, revoked_at, created_at) VALUES ('8b9b2c75-816b-421f-9fa4-63c97f08c60e', '8bbe67c5-8a26-4bb3-93fa-274c02a8bdd2', 'd73c2fbf-8ac0-4e9c-8a15-6e85dc7da6e3', 'general', '1.0', 1779548290306, '189.132.106.149', NULL, 1779548290306);
INSERT INTO consents (id, clinic_id, patient_id, type, version, granted_at, ip, revoked_at, created_at) VALUES ('b1b52c97-f5df-4808-b80c-a955f2ed0659', '8bbe67c5-8a26-4bb3-93fa-274c02a8bdd2', 'd73c2fbf-8ac0-4e9c-8a15-6e85dc7da6e3', 'ai', '1.0', 1779548290306, '189.40.207.100', NULL, 1779548290306);
INSERT INTO consents (id, clinic_id, patient_id, type, version, granted_at, ip, revoked_at, created_at) VALUES ('29b50d13-6b68-4ff8-a23c-47ea756e1bb4', '8bbe67c5-8a26-4bb3-93fa-274c02a8bdd2', 'd73c2fbf-8ac0-4e9c-8a15-6e85dc7da6e3', 'recording', '1.0', 1779548290306, NULL, NULL, 1779548290306);
PRAGMA foreign_keys=ON;
